# MLB 2026 schedule - all clubs, all game types
# source: https://statsapi.mlb.com/api/v1/schedule?sportId=1&startDate=2026-01-01&endDate=2026-12-31&gameType=R,E,S,D,L,F,W,A
# retrieved_utc: 2026-09-21T23:19:36Z
# raw_sha256: 5549e82f9610e42c91cb45db9db1b5b88347c0666561bbd526705e3af23c4b4a
# games: 2973 (columns: date_local|start_utc|start_pt|start_et|time_tbd|game_type|away|home|away_id|home_id|venue|status|game_pk)
# time_tbd=true means the league has not published a first pitch; date_local is still official.
2026-02-20|2026-02-20T18:05:00Z|10:05|13:05|false|S|New York Yankees|Baltimore Orioles|147|110|Ed Smith Stadium|Final|832034
2026-02-20|2026-02-20T18:05:00Z|10:05|13:05|false|E|Northeastern Huskies|Boston Red Sox|343|111|JetBlue Park|Final|832033
2026-02-20|2026-02-20T20:05:00Z|12:05|15:05|false|S|Chicago White Sox|Chicago Cubs|145|112|Sloan Park|Final|832042
2026-02-20|2026-02-20T20:05:00Z|12:05|15:05|false|S|Kansas City Royals|Texas Rangers|118|140|Surprise Stadium|Final|831829
2026-02-20|2026-02-20T20:10:00Z|12:10|15:10|false|S|Arizona Diamondbacks|Colorado Rockies|109|115|Salt River Fields at Talking Stick|Final|831959
2026-02-20|2026-02-20T20:10:00Z|12:10|15:10|false|S|San Diego Padres|Seattle Mariners|135|136|Peoria Stadium|Final|831764
2026-02-20|2026-02-20T23:05:00Z|15:05|18:05|false|E|Minnesota Golden Gophers|Minnesota Twins|4864|142|Lee Health Sports Complex|Completed Early|832043
2026-02-21|2026-02-21T18:05:00Z|10:05|13:05|false|S|Atlanta Braves|Tampa Bay Rays|144|139|Charlotte Sports Park|Final|831543
2026-02-21|2026-02-21T18:05:00Z|10:05|13:05|false|S|Boston Red Sox|Minnesota Twins|111|142|Lee Health Sports Complex|Final|831654
2026-02-21|2026-02-21T18:05:00Z|10:05|13:05|false|S|Detroit Tigers|New York Yankees|116|147|George M. Steinbrenner Field|Final|831655
2026-02-21|2026-02-21T18:05:00Z|10:05|13:05|false|S|Houston Astros|Washington Nationals|117|120|CACTI Park of the Palm Beaches|Final|831598
2026-02-21|2026-02-21T18:05:00Z|10:05|13:05|false|S|Pittsburgh Pirates|Baltimore Orioles|134|110|Ed Smith Stadium|Final|831544
2026-02-21|2026-02-21T18:05:00Z|10:05|13:05|false|S|Washington Nationals|St. Louis Cardinals|120|138|Roger Dean Chevrolet Stadium|Final|831494
2026-02-21|2026-02-21T18:07:00Z|10:07|13:07|false|S|Philadelphia Phillies|Toronto Blue Jays|143|141|TD Ballpark|Final|831542
2026-02-21|2026-02-21T18:10:00Z|10:10|13:10|false|S|Miami Marlins|New York Mets|146|121|Clover Park|Final|831497
2026-02-21|2026-02-21T20:05:00Z|12:05|15:05|false|S|Athletics|Chicago White Sox|133|145|Camelback Ranch|Final|831948
2026-02-21|2026-02-21T20:05:00Z|12:05|15:05|false|S|Cincinnati Reds|Cleveland Guardians|113|114|Goodyear Ballpark|Final|831900
2026-02-21|2026-02-21T20:05:00Z|12:05|15:05|false|S|San Diego Padres|Kansas City Royals|135|118|Surprise Stadium|Final|831775
2026-02-21|2026-02-21T20:05:00Z|12:05|15:05|false|S|Texas Rangers|Chicago Cubs|140|112|Sloan Park|Final|831732
2026-02-21|2026-02-21T20:10:00Z|12:10|15:10|false|S|Cleveland Guardians|Milwaukee Brewers|114|158|American Family Fields of Phoenix|Final|831878
2026-02-21|2026-02-21T20:10:00Z|12:10|15:10|false|S|Colorado Rockies|Arizona Diamondbacks|115|109|Salt River Fields at Talking Stick|Final|831872
2026-02-21|2026-02-21T20:10:00Z|12:10|15:10|false|S|Los Angeles Dodgers|Los Angeles Angels|119|108|Tempe Diablo Stadium|Final|832063
2026-02-21|2026-02-21T20:10:00Z|12:10|15:10|false|S|San Francisco Giants|Seattle Mariners|137|136|Peoria Stadium|Final|831750
2026-02-22|2026-02-22T18:05:00Z|10:05|13:05|false|S|Baltimore Orioles|Detroit Tigers|110|116|Publix Field at Joker Marchant Stadium|Final|831657
2026-02-22|2026-02-22T18:05:00Z|10:05|13:05|false|S|Minnesota Twins|Atlanta Braves|142|144|CoolToday Park|Final|831597
2026-02-22|2026-02-22T18:05:00Z|10:05|13:05|false|S|New York Mets|New York Yankees|121|147|George M. Steinbrenner Field|Final|831537
2026-02-22|2026-02-22T18:05:00Z|10:05|13:05|false|S|Pittsburgh Pirates|Philadelphia Phillies|134|143|BayCare Ballpark|Final|831484
2026-02-22|2026-02-22T18:05:00Z|10:05|13:05|false|S|St. Louis Cardinals|Houston Astros|138|117|CACTI Park of the Palm Beaches|Final|831548
2026-02-22|2026-02-22T18:05:00Z|10:05|13:05|false|S|Tampa Bay Rays|Pittsburgh Pirates|139|134|LECOM Park|Final|831596
2026-02-22|2026-02-22T18:05:00Z|10:05|13:05|false|S|Toronto Blue Jays|Boston Red Sox|141|111|JetBlue Park|Final|831656
2026-02-22|2026-02-22T18:10:00Z|10:10|13:10|false|S|Washington Nationals|Miami Marlins|120|146|Roger Dean Chevrolet Stadium|Final|831495
2026-02-22|2026-02-22T20:05:00Z|12:05|15:05|false|S|Chicago Cubs|San Francisco Giants|112|137|Scottsdale Stadium|Final|831922
2026-02-22|2026-02-22T20:05:00Z|12:05|15:05|false|S|Cleveland Guardians|Athletics|114|133|Hohokam Stadium|Final|831886
2026-02-22|2026-02-22T20:05:00Z|12:05|15:05|false|S|Colorado Rockies|Texas Rangers|115|140|Surprise Stadium|Final|831859
2026-02-22|2026-02-22T20:05:00Z|12:05|15:05|false|S|Milwaukee Brewers|Chicago White Sox|158|145|Camelback Ranch|Final|831790
2026-02-22|2026-02-22T20:05:00Z|12:05|15:05|false|S|Seattle Mariners|Cincinnati Reds|136|113|Goodyear Ballpark|Final|831744
2026-02-22|2026-02-22T20:10:00Z|12:10|15:10|false|S|Kansas City Royals|Milwaukee Brewers|118|158|American Family Fields of Phoenix|Final|831841
2026-02-22|2026-02-22T20:10:00Z|12:10|15:10|false|S|Los Angeles Angels|Arizona Diamondbacks|108|109|Salt River Fields at Talking Stick|Final|831830
2026-02-22|2026-02-22T20:10:00Z|12:10|15:10|false|S|Los Angeles Dodgers|San Diego Padres|119|135|Peoria Stadium|Final|831803
2026-02-23|2026-02-23T18:05:00Z|10:05|13:05|false|S|Atlanta Braves|Baltimore Orioles|144|110|Ed Smith Stadium|Final|831540
2026-02-23|2026-02-23T18:05:00Z|10:05|13:05|false|S|Boston Red Sox|Tampa Bay Rays|111|139|Charlotte Sports Park|Final|831652
2026-02-23|2026-02-23T18:05:00Z|10:05|13:05|false|S|Miami Marlins|St. Louis Cardinals|146|138|Roger Dean Chevrolet Stadium|Final|831485
2026-02-23|2026-02-23T18:05:00Z|10:05|13:05|false|S|Minnesota Twins|Detroit Tigers|142|116|Publix Field at Joker Marchant Stadium|Final|831658
2026-02-23|2026-02-23T18:05:00Z|10:05|13:05|false|S|New York Yankees|Pittsburgh Pirates|147|134|LECOM Park|Final|831595
2026-02-23|2026-02-23T18:07:00Z|10:07|13:07|false|S|New York Mets|Toronto Blue Jays|121|141|TD Ballpark|Final|831539
2026-02-23|2026-02-23T20:05:00Z|12:05|15:05|false|S|Arizona Diamondbacks|Cleveland Guardians|109|114|Goodyear Ballpark|Final|831955
2026-02-23|2026-02-23T20:05:00Z|12:05|15:05|false|S|Athletics|San Francisco Giants|133|137|Scottsdale Stadium|Final|831939
2026-02-23|2026-02-23T20:05:00Z|12:05|15:05|false|S|Chicago Cubs|Kansas City Royals|112|118|Surprise Stadium|Final|831927
2026-02-23|2026-02-23T20:05:00Z|12:05|15:05|false|S|Seattle Mariners|Los Angeles Dodgers|136|119|Camelback Ranch|Final|831745
2026-02-23|2026-02-23T20:10:00Z|12:10|15:10|false|S|Chicago White Sox|Colorado Rockies|145|115|Salt River Fields at Talking Stick|Final|831912
2026-02-23|2026-02-23T20:10:00Z|12:10|15:10|false|S|Milwaukee Brewers|San Diego Padres|158|135|Peoria Stadium|Final|831783
2026-02-23|2026-02-23T20:10:00Z|12:10|15:10|false|S|Texas Rangers|Los Angeles Angels|140|108|Tempe Diablo Stadium|Final|831724
2026-02-23|2026-02-23T23:05:00Z|15:05|18:05|false|S|Philadelphia Phillies|Washington Nationals|143|120|CACTI Park of the Palm Beaches|Final|831483
2026-02-24|2026-02-24T18:05:00Z|10:05|13:05|false|S|Baltimore Orioles|Minnesota Twins|110|142|Lee Health Sports Complex|Final|831651
2026-02-24|2026-02-24T18:05:00Z|10:05|13:05|false|S|Detroit Tigers|Atlanta Braves|116|144|CoolToday Park|Final|831594
2026-02-24|2026-02-24T18:05:00Z|10:05|13:05|false|S|Minnesota Twins|Tampa Bay Rays|142|139|Charlotte Sports Park|Final|831650
2026-02-24|2026-02-24T18:05:00Z|10:05|13:05|false|S|Pittsburgh Pirates|Boston Red Sox|134|111|JetBlue Park|Final|831534
2026-02-24|2026-02-24T18:07:00Z|10:07|13:07|false|S|New York Yankees|Toronto Blue Jays|147|141|TD Ballpark|Final|831649
2026-02-24|2026-02-24T18:10:00Z|10:10|13:10|false|S|Houston Astros|New York Mets|117|121|Clover Park|Final|831593
2026-02-24|2026-02-24T18:10:00Z|10:10|13:10|false|S|Philadelphia Phillies|Miami Marlins|143|146|Roger Dean Chevrolet Stadium|Final|831489
2026-02-24|2026-02-24T20:05:00Z|12:05|15:05|false|S|Arizona Diamondbacks|Texas Rangers|109|140|Surprise Stadium|Final|831951
2026-02-24|2026-02-24T20:05:00Z|12:05|15:05|false|S|Cleveland Guardians|Los Angeles Dodgers|114|119|Camelback Ranch|Final|831876
2026-02-24|2026-02-24T20:05:00Z|12:05|15:05|false|S|Kansas City Royals|Cincinnati Reds|118|113|Goodyear Ballpark|Final|831847
2026-02-24|2026-02-24T20:05:00Z|12:05|15:05|false|S|Milwaukee Brewers|Athletics|158|133|Hohokam Stadium|Final|831797
2026-02-24|2026-02-24T20:05:00Z|12:05|15:05|false|S|San Diego Padres|Chicago Cubs|135|112|Sloan Park|Final|831781
2026-02-24|2026-02-24T20:10:00Z|12:10|15:10|false|S|Chicago White Sox|Seattle Mariners|145|136|Peoria Stadium|Final|831906
2026-02-24|2026-02-24T20:10:00Z|12:10|15:10|false|S|Los Angeles Angels|Colorado Rockies|108|115|Salt River Fields at Talking Stick|Final|831825
2026-02-24|2026-02-24T20:10:00Z|12:10|15:10|false|S|San Francisco Giants|Los Angeles Angels|137|108|Tempe Diablo Stadium|Final|832060
2026-02-24|2026-02-24T23:05:00Z|15:05|18:05|false|S|St. Louis Cardinals|Washington Nationals|138|120|CACTI Park of the Palm Beaches|Final|831491
2026-02-25|2026-02-25T18:05:00Z|10:05|13:05|false|S|Boston Red Sox|Minnesota Twins|111|142|Lee Health Sports Complex|Final|831645
2026-02-25|2026-02-25T18:05:00Z|10:05|13:05|false|S|Detroit Tigers|Philadelphia Phillies|116|143|BayCare Ballpark|Final|831591
2026-02-25|2026-02-25T18:05:00Z|10:05|13:05|false|S|Pittsburgh Pirates|Atlanta Braves|134|144|CoolToday Park|Final|831490
2026-02-25|2026-02-25T18:05:00Z|10:05|13:05|false|S|Tampa Bay Rays|Baltimore Orioles|139|110|Ed Smith Stadium|Final|831653
2026-02-25|2026-02-25T18:05:00Z|10:05|13:05|false|S|Toronto Blue Jays|Detroit Tigers|141|116|Publix Field at Joker Marchant Stadium|Final|831647
2026-02-25|2026-02-25T18:10:00Z|10:10|13:10|false|S|Houston Astros|Miami Marlins|117|146|Roger Dean Chevrolet Stadium|Final|831584
2026-02-25|2026-02-25T18:10:00Z|10:10|13:10|false|S|St. Louis Cardinals|New York Mets|138|121|Clover Park|Final|831488
2026-02-25|2026-02-25T20:05:00Z|12:05|15:05|false|S|Cincinnati Reds|Chicago White Sox|113|145|Camelback Ranch|Final|831901
2026-02-25|2026-02-25T20:05:00Z|12:05|15:05|false|S|Colorado Rockies|Chicago Cubs|115|112|Sloan Park|Final|831870
2026-02-25|2026-02-25T20:05:00Z|12:05|15:05|false|S|Seattle Mariners|Kansas City Royals|136|118|Surprise Stadium|Final|831741
2026-02-25|2026-02-25T20:05:00Z|12:05|15:05|false|S|Texas Rangers|Cleveland Guardians|140|114|Goodyear Ballpark|Final|831730
2026-02-25|2026-02-25T20:10:00Z|12:10|15:10|false|S|Los Angeles Angels|San Diego Padres|108|135|Peoria Stadium|Final|831819
2026-02-25|2026-02-25T20:10:00Z|12:10|15:10|false|S|Los Angeles Dodgers|Arizona Diamondbacks|119|109|Salt River Fields at Talking Stick|Final|831815
2026-02-25|2026-02-25T20:10:00Z|12:10|15:10|false|S|San Francisco Giants|Milwaukee Brewers|137|158|American Family Fields of Phoenix|Final|831753
2026-02-25|2026-02-25T23:35:00Z|15:35|18:35|false|S|Washington Nationals|New York Yankees|120|147|George M. Steinbrenner Field|Final|831538
2026-02-26|2026-02-26T18:05:00Z|10:05|13:05|false|S|Atlanta Braves|New York Yankees|144|147|George M. Steinbrenner Field|Final|831536
2026-02-26|2026-02-26T18:05:00Z|10:05|13:05|false|S|Detroit Tigers|Baltimore Orioles|116|110|Ed Smith Stadium|Final|831644
2026-02-26|2026-02-26T18:05:00Z|10:05|13:05|false|S|Houston Astros|St. Louis Cardinals|117|138|Roger Dean Chevrolet Stadium|Final|831589
2026-02-26|2026-02-26T18:05:00Z|10:05|13:05|false|S|Minnesota Twins|Pittsburgh Pirates|142|134|LECOM Park|Final|831590
2026-02-26|2026-02-26T18:05:00Z|10:05|13:05|false|S|New York Mets|Houston Astros|121|117|CACTI Park of the Palm Beaches|Final|831535
2026-02-26|2026-02-26T18:05:00Z|10:05|13:05|false|S|Tampa Bay Rays|Boston Red Sox|139|111|JetBlue Park|Final|831643
2026-02-26|2026-02-26T18:05:00Z|10:05|13:05|false|S|Washington Nationals|Philadelphia Phillies|120|143|BayCare Ballpark|Final|831487
2026-02-26|2026-02-26T18:07:00Z|10:07|13:07|false|S|Miami Marlins|Toronto Blue Jays|146|141|TD Ballpark|Final|831541
2026-02-26|2026-02-26T20:05:00Z|12:05|15:05|false|S|Chicago White Sox|Los Angeles Dodgers|145|119|Camelback Ranch|Final|831911
2026-02-26|2026-02-26T20:05:00Z|12:05|15:05|false|S|Colorado Rockies|San Francisco Giants|115|137|Scottsdale Stadium|Final|831862
2026-02-26|2026-02-26T20:05:00Z|12:05|15:05|false|S|Milwaukee Brewers|Texas Rangers|158|140|Surprise Stadium|Final|831788
2026-02-26|2026-02-26T20:05:00Z|12:05|15:05|false|S|San Diego Padres|Cincinnati Reds|135|113|Goodyear Ballpark|Final|831773
2026-02-26|2026-02-26T20:05:00Z|12:05|15:05|false|S|Texas Rangers|Athletics|140|133|Hohokam Stadium|Final|831736
2026-02-26|2026-02-26T20:10:00Z|12:10|15:10|false|S|Chicago Cubs|Los Angeles Angels|112|108|Tempe Diablo Stadium|Final|831926
2026-02-26|2026-02-26T20:10:00Z|12:10|15:10|false|S|Cleveland Guardians|Seattle Mariners|114|136|Peoria Stadium|Final|831875
2026-02-26|2026-02-26T20:10:00Z|12:10|15:10|false|S|Kansas City Royals|Arizona Diamondbacks|118|109|Salt River Fields at Talking Stick|Final|831843
2026-02-27|2026-02-27T18:05:00Z|10:05|13:05|false|S|Baltimore Orioles|Pittsburgh Pirates|110|134|LECOM Park|Final|831587
2026-02-27|2026-02-27T18:05:00Z|10:05|13:05|false|S|Boston Red Sox|Atlanta Braves|111|144|CoolToday Park|Final|831588
2026-02-27|2026-02-27T18:05:00Z|10:05|13:05|false|S|Miami Marlins|Philadelphia Phillies|146|143|BayCare Ballpark|Final|831486
2026-02-27|2026-02-27T18:05:00Z|10:05|13:05|false|S|New York Mets|St. Louis Cardinals|121|138|Roger Dean Chevrolet Stadium|Final|831482
2026-02-27|2026-02-27T18:05:00Z|10:05|13:05|false|S|New York Yankees|Minnesota Twins|147|142|Lee Health Sports Complex|Final|831648
2026-02-27|2026-02-27T18:05:00Z|10:05|13:05|false|S|Philadelphia Phillies|Detroit Tigers|143|116|Publix Field at Joker Marchant Stadium|Final|831528
2026-02-27|2026-02-27T18:05:00Z|10:05|13:05|false|S|Toronto Blue Jays|Tampa Bay Rays|141|139|Charlotte Sports Park|Final|831646
2026-02-27|2026-02-27T20:05:00Z|12:05|15:05|false|S|Athletics|Kansas City Royals|133|118|Surprise Stadium|Final|831946
2026-02-27|2026-02-27T20:05:00Z|12:05|15:05|false|S|Cleveland Guardians|Chicago Cubs|114|112|Sloan Park|Final|831884
2026-02-27|2026-02-27T20:05:00Z|12:05|15:05|false|S|Los Angeles Angels|Cincinnati Reds|108|113|Goodyear Ballpark|Final|831823
2026-02-27|2026-02-27T20:05:00Z|12:05|15:05|false|S|Los Angeles Dodgers|San Francisco Giants|119|137|Scottsdale Stadium|Final|831805
2026-02-27|2026-02-27T20:05:00Z|12:05|15:05|false|S|Texas Rangers|Chicago White Sox|140|145|Camelback Ranch|Final|831729
2026-02-27|2026-02-27T20:10:00Z|12:10|15:10|false|S|Chicago White Sox|Milwaukee Brewers|145|158|American Family Fields of Phoenix|Final|831909
2026-02-27|2026-02-27T20:10:00Z|12:10|15:10|false|S|San Diego Padres|Colorado Rockies|135|115|Salt River Fields at Talking Stick|Final|831776
2026-02-27|2026-02-27T23:05:00Z|15:05|18:05|false|S|Houston Astros|Washington Nationals|117|120|CACTI Park of the Palm Beaches|Final|831586
2026-02-27|2026-02-28T01:10:00Z|17:10|20:10|false|S|Arizona Diamondbacks|Seattle Mariners|109|136|Peoria Stadium|Final|831952
2026-02-28|2026-02-28T18:05:00Z|10:05|13:05|false|S|Atlanta Braves|Baltimore Orioles|144|110|Ed Smith Stadium|Final|831530
2026-02-28|2026-02-28T18:05:00Z|10:05|13:05|false|S|Detroit Tigers|Tampa Bay Rays|116|139|Charlotte Sports Park|Final|831637
2026-02-28|2026-02-28T18:05:00Z|10:05|13:05|false|S|Minnesota Twins|Boston Red Sox|142|111|JetBlue Park|Final|831635
2026-02-28|2026-02-28T18:05:00Z|10:05|13:05|false|S|Pittsburgh Pirates|Houston Astros|134|117|CACTI Park of the Palm Beaches|Completed Early|831526
2026-02-28|2026-02-28T18:05:00Z|10:05|13:05|false|S|Toronto Blue Jays|New York Yankees|141|147|George M. Steinbrenner Field|Final|831636
2026-02-28|2026-02-28T18:07:00Z|10:07|13:07|false|S|Philadelphia Phillies|Toronto Blue Jays|143|141|TD Ballpark|Final|831533
2026-02-28|2026-02-28T18:10:00Z|10:10|13:10|false|S|St. Louis Cardinals|Miami Marlins|138|146|Roger Dean Chevrolet Stadium|Final|831474
2026-02-28|2026-02-28T18:10:00Z|10:10|13:10|false|S|Washington Nationals|New York Mets|120|121|Clover Park|Final|831481
2026-02-28|2026-02-28T20:05:00Z|12:05|15:05|false|S|Chicago Cubs|Los Angeles Dodgers|112|119|Camelback Ranch|Final|831925
2026-02-28|2026-02-28T20:05:00Z|12:05|15:05|false|S|Chicago White Sox|Cleveland Guardians|145|114|Goodyear Ballpark|Final|831917
2026-02-28|2026-02-28T20:05:00Z|12:05|15:05|false|S|Los Angeles Dodgers|Texas Rangers|119|140|Surprise Stadium|Final|831798
2026-02-28|2026-02-28T20:05:00Z|12:05|15:05|false|S|San Francisco Giants|Athletics|137|133|Hohokam Stadium|Final|831763
2026-02-28|2026-02-28T20:10:00Z|12:10|15:10|false|S|Arizona Diamondbacks|Los Angeles Angels|109|108|Tempe Diablo Stadium|Final|831957
2026-02-28|2026-02-28T20:10:00Z|12:10|15:10|false|S|Cincinnati Reds|Milwaukee Brewers|113|158|American Family Fields of Phoenix|Final|831893
2026-02-28|2026-02-28T20:10:00Z|12:10|15:10|false|S|Kansas City Royals|Colorado Rockies|118|115|Salt River Fields at Talking Stick|Final|831845
2026-02-28|2026-02-28T20:10:00Z|12:10|15:10|false|S|Seattle Mariners|San Diego Padres|136|135|Peoria Stadium|Final|831738
2026-03-01|2026-03-01T18:05:00Z|10:05|13:05|false|S|Atlanta Braves|Minnesota Twins|144|142|Lee Health Sports Complex|Final|831531
2026-03-01|2026-03-01T18:05:00Z|10:05|13:05|false|S|Baltimore Orioles|Boston Red Sox|110|111|JetBlue Park|Final|831638
2026-03-01|2026-03-01T18:05:00Z|10:05|13:05|false|S|Miami Marlins|Washington Nationals|146|120|CACTI Park of the Palm Beaches|Final|831475
2026-03-01|2026-03-01T18:05:00Z|10:05|13:05|false|S|New York Yankees|Philadelphia Phillies|147|143|BayCare Ballpark|Final|831578
2026-03-01|2026-03-01T18:05:00Z|10:05|13:05|false|S|Pittsburgh Pirates|St. Louis Cardinals|134|138|Roger Dean Chevrolet Stadium|Final|831477
2026-03-01|2026-03-01T18:05:00Z|10:05|13:05|false|S|Tampa Bay Rays|Atlanta Braves|139|144|CoolToday Park|Final|831585
2026-03-01|2026-03-01T18:05:00Z|10:05|13:05|false|S|Toronto Blue Jays|Detroit Tigers|141|116|Publix Field at Joker Marchant Stadium|Final|831639
2026-03-01|2026-03-01T18:10:00Z|10:10|13:10|false|S|Houston Astros|New York Mets|117|121|Clover Park|Final|831579
2026-03-01|2026-03-01T20:05:00Z|12:05|15:05|false|S|Chicago White Sox|Chicago Cubs|145|112|Sloan Park|Final|831914
2026-03-01|2026-03-01T20:05:00Z|12:05|15:05|false|S|Cincinnati Reds|Athletics|113|133|Hohokam Stadium|Final|831899
2026-03-01|2026-03-01T20:05:00Z|12:05|15:05|false|S|Colorado Rockies|Cleveland Guardians|115|114|Goodyear Ballpark|Final|831867
2026-03-01|2026-03-01T20:05:00Z|12:05|15:05|false|S|Los Angeles Angels|Los Angeles Dodgers|108|119|Camelback Ranch|Final|831827
2026-03-01|2026-03-01T20:05:00Z|12:05|15:05|false|S|Milwaukee Brewers|Kansas City Royals|158|118|Surprise Stadium|Final|831794
2026-03-01|2026-03-01T20:05:00Z|12:05|15:05|false|S|San Diego Padres|San Francisco Giants|135|137|Scottsdale Stadium|Final|831768
2026-03-01|2026-03-01T20:10:00Z|12:10|15:10|false|S|Cleveland Guardians|Arizona Diamondbacks|114|109|Salt River Fields at Talking Stick|Final|831888
2026-03-01|2026-03-01T20:10:00Z|12:10|15:10|false|S|Texas Rangers|Seattle Mariners|140|136|Peoria Stadium|Final|831721
2026-03-02|2026-03-02T18:05:00Z|10:05|13:05|false|S|Atlanta Braves|Detroit Tigers|144|116|Publix Field at Joker Marchant Stadium|Final|831527
2026-03-02|2026-03-02T18:05:00Z|10:05|13:05|false|S|Miami Marlins|St. Louis Cardinals|146|138|Roger Dean Chevrolet Stadium|Final|831476
2026-03-02|2026-03-02T18:05:00Z|10:05|13:05|false|S|Tampa Bay Rays|Pittsburgh Pirates|139|134|LECOM Park|Final|831577
2026-03-02|2026-03-02T18:05:00Z|10:05|13:05|false|S|Washington Nationals|Houston Astros|120|117|CACTI Park of the Palm Beaches|Final|831529
2026-03-02|2026-03-02T18:07:00Z|10:07|13:07|false|S|Boston Red Sox|Toronto Blue Jays|111|141|TD Ballpark|Final|831640
2026-03-02|2026-03-02T20:05:00Z|12:05|15:05|false|S|Chicago Cubs|Cincinnati Reds|112|113|Goodyear Ballpark|Final|831930
2026-03-02|2026-03-02T20:05:00Z|12:05|15:05|false|S|Cleveland Guardians|Texas Rangers|114|140|Surprise Stadium|Final|831874
2026-03-02|2026-03-02T20:05:00Z|12:05|15:05|false|S|San Francisco Giants|Chicago White Sox|137|145|Camelback Ranch|Final|831760
2026-03-02|2026-03-02T20:10:00Z|12:10|15:10|false|S|Athletics|San Diego Padres|133|135|Peoria Stadium|Final|831934
2026-03-02|2026-03-02T20:10:00Z|12:10|15:10|false|S|Kansas City Royals|Los Angeles Angels|118|108|Tempe Diablo Stadium|Final|831840
2026-03-02|2026-03-02T20:10:00Z|12:10|15:10|false|S|Los Angeles Dodgers|Colorado Rockies|119|115|Salt River Fields at Talking Stick|Final|831808
2026-03-03|2026-03-03T18:05:00Z|10:05|13:05|false|E|Colombia|Pittsburgh Pirates|792|134|LECOM Park|Final|831430
2026-03-03|2026-03-03T18:05:00Z|10:05|13:05|false|E|Kingdom of the Netherlands|Baltimore Orioles|878|110|Ed Smith Stadium|Final|831445
2026-03-03|2026-03-03T18:05:00Z|10:05|13:05|false|E|Panama|New York Yankees|890|147|George M. Steinbrenner Field|Completed Early|831444
2026-03-03|2026-03-03T18:05:00Z|10:05|13:05|false|S|Philadelphia Phillies|Tampa Bay Rays|143|139|Charlotte Sports Park|Final|831532
2026-03-03|2026-03-03T18:05:00Z|10:05|13:05|false|S|Tampa Bay Rays|Minnesota Twins|139|142|Lee Health Sports Complex|Final|831641
2026-03-03|2026-03-03T18:07:00Z|10:07|13:07|false|E|Canada|Toronto Blue Jays|784|141|TD Ballpark|Final|831437
2026-03-03|2026-03-03T18:10:00Z|10:10|13:10|false|E|Israel|Miami Marlins|840|146|Roger Dean Chevrolet Stadium|Final|831436
2026-03-03|2026-03-03T18:10:00Z|10:10|13:10|false|E|Nicaragua|New York Mets|881|121|Clover Park|Final|831434
2026-03-03|2026-03-03T20:05:00Z|12:05|15:05|false|E|Brazil|Athletics|776|133|Hohokam Stadium|Completed Early|831940
2026-03-03|2026-03-03T20:05:00Z|12:05|15:05|false|E|Cuba|Kansas City Royals|798|118|Surprise Stadium|Final|831851
2026-03-03|2026-03-03T20:05:00Z|12:05|15:05|false|E|Italy|Chicago Cubs|841|112|Sloan Park|Final|831853
2026-03-03|2026-03-03T20:05:00Z|12:05|15:05|false|S|Los Angeles Dodgers|Cleveland Guardians|119|114|Goodyear Ballpark|Final|831811
2026-03-03|2026-03-03T20:05:00Z|12:05|15:05|false|S|San Diego Padres|Chicago White Sox|135|145|Camelback Ranch|Final|831772
2026-03-03|2026-03-03T20:08:00Z|12:08|15:08|false|E|United States|San Francisco Giants|940|137|Scottsdale Stadium|Final|831720
2026-03-03|2026-03-03T20:10:00Z|12:10|15:10|false|E|Great Britain|Milwaukee Brewers|821|158|American Family Fields of Phoenix|Final|831855
2026-03-03|2026-03-03T20:10:00Z|12:10|15:10|false|S|Los Angeles Angels|Seattle Mariners|108|136|Peoria Stadium|Final|831817
2026-03-03|2026-03-03T20:10:00Z|12:10|15:10|false|E|Mexico|Arizona Diamondbacks|867|109|Salt River Fields at Talking Stick|Final|831800
2026-03-03|2026-03-03T23:05:00Z|15:05|18:05|false|E|Detroit Tigers|Dominican Republic|116|805|Estadio Quisqueya Juan Marichal|Final|836149
2026-03-03|2026-03-03T23:05:00Z|15:05|18:05|false|E|Puerto Rico|Boston Red Sox|897|111|JetBlue Park|Final|831439
2026-03-03|2026-03-03T23:05:00Z|15:05|18:05|false|E|Venezuela|Houston Astros|944|117|CACTI Park of the Palm Beaches|Final|831440
2026-03-04|2026-03-04T18:05:00Z|10:05|13:05|false|E|Canada|Philadelphia Phillies|784|143|BayCare Ballpark|Final|831427
2026-03-04|2026-03-04T18:05:00Z|10:05|13:05|false|E|Colombia|Atlanta Braves|792|144|CoolToday Park|Final|831438
2026-03-04|2026-03-04T18:05:00Z|10:05|13:05|false|S|Houston Astros|Baltimore Orioles|117|110|Ed Smith Stadium|Final|831642
2026-03-04|2026-03-04T18:05:00Z|10:05|13:05|false|E|Kingdom of the Netherlands|Tampa Bay Rays|878|139|Charlotte Sports Park|Completed Early|831432
2026-03-04|2026-03-04T18:05:00Z|10:05|13:05|false|S|New York Yankees|Boston Red Sox|147|111|JetBlue Park|Final|831634
2026-03-04|2026-03-04T18:05:00Z|10:05|13:05|false|E|Nicaragua|St. Louis Cardinals|881|138|Roger Dean Chevrolet Stadium|Final|831429
2026-03-04|2026-03-04T18:05:00Z|10:05|13:05|false|E|Panama|Detroit Tigers|890|116|Publix Field at Joker Marchant Stadium|Final|831433
2026-03-04|2026-03-04T18:05:00Z|10:05|13:05|false|E|Puerto Rico|Minnesota Twins|897|142|Lee Health Sports Complex|Final|831435
2026-03-04|2026-03-04T18:10:00Z|10:10|13:10|false|E|Israel|New York Mets|840|121|Clover Park|Final|831431
2026-03-04|2026-03-04T19:05:00Z|11:05|14:05|false|E|Detroit Tigers|Dominican Republic|116|805|Estadio Quisqueya Juan Marichal|Final|836150
2026-03-04|2026-03-04T20:05:00Z|12:05|15:05|false|S|Arizona Diamondbacks|Athletics|109|133|Hohokam Stadium|Final|831963
2026-03-04|2026-03-04T20:05:00Z|12:05|15:05|false|E|Brazil|Texas Rangers|776|140|Surprise Stadium|Completed Early|831938
2026-03-04|2026-03-04T20:05:00Z|12:05|15:05|false|E|Cincinnati Reds|Cuba|113|798|Goodyear Ballpark|Completed Early|831852
2026-03-04|2026-03-04T20:05:00Z|12:05|15:05|false|E|Mexico|Los Angeles Dodgers|867|119|Camelback Ranch|Final|831799
2026-03-04|2026-03-04T20:10:00Z|12:10|15:10|false|S|Chicago Cubs|Milwaukee Brewers|112|158|American Family Fields of Phoenix|Final|831929
2026-03-04|2026-03-04T20:10:00Z|12:10|15:10|false|E|Great Britain|San Diego Padres|821|135|Peoria Stadium|Final|831854
2026-03-04|2026-03-04T20:10:00Z|12:10|15:10|false|E|Italy|Los Angeles Angels|841|108|Tempe Diablo Stadium|Final|831844
2026-03-04|2026-03-04T20:10:00Z|12:10|15:10|false|E|United States|Colorado Rockies|940|115|Salt River Fields at Talking Stick|Completed Early|831723
2026-03-04|2026-03-04T23:05:00Z|15:05|18:05|false|E|Venezuela|Washington Nationals|944|120|CACTI Park of the Palm Beaches|Final|831428
2026-03-04|2026-03-05T02:05:00Z|18:05|21:05|false|S|Seattle Mariners|San Francisco Giants|136|137|Scottsdale Stadium|Final|831739
2026-03-05|2026-03-05T18:05:00Z|10:05|13:05|false|S|Baltimore Orioles|Tampa Bay Rays|110|139|Charlotte Sports Park|Final|831633
2026-03-05|2026-03-05T18:05:00Z|10:05|13:05|false|S|Boston Red Sox|Philadelphia Phillies|111|143|BayCare Ballpark|Final|831581
2026-03-05|2026-03-05T18:05:00Z|10:05|13:05|false|S|Minnesota Twins|New York Yankees|142|147|George M. Steinbrenner Field|Completed Early|831632
2026-03-05|2026-03-05T18:05:00Z|10:05|13:05|false|S|New York Mets|Washington Nationals|121|120|CACTI Park of the Palm Beaches|Final|831479
2026-03-05|2026-03-05T18:05:00Z|10:05|13:05|false|S|St. Louis Cardinals|Pittsburgh Pirates|138|134|LECOM Park|Final|831478
2026-03-05|2026-03-05T18:05:00Z|10:05|13:05|false|S|Toronto Blue Jays|Atlanta Braves|141|144|CoolToday Park|Final|831583
2026-03-05|2026-03-05T18:10:00Z|10:10|13:10|false|S|Houston Astros|Miami Marlins|117|146|Roger Dean Chevrolet Stadium|Final|831582
2026-03-05|2026-03-05T20:05:00Z|12:05|15:05|false|S|Arizona Diamondbacks|Chicago Cubs|109|112|Sloan Park|Final|831961
2026-03-05|2026-03-05T20:05:00Z|12:05|15:05|false|S|Los Angeles Dodgers|Cincinnati Reds|119|113|Goodyear Ballpark|Final|831810
2026-03-05|2026-03-05T20:10:00Z|12:10|15:10|false|S|Athletics|Los Angeles Angels|133|108|Tempe Diablo Stadium|Final|831941
2026-03-05|2026-03-05T20:10:00Z|12:10|15:10|false|S|Milwaukee Brewers|Colorado Rockies|158|115|Salt River Fields at Talking Stick|Final|831792
2026-03-05|2026-03-05T20:10:00Z|12:10|15:10|false|S|San Diego Padres|Seattle Mariners|135|136|Peoria Stadium|Final|831765
2026-03-05|2026-03-06T01:05:00Z|17:05|20:05|false|S|Cleveland Guardians|Chicago White Sox|114|145|Camelback Ranch|Final|831880
2026-03-05|2026-03-06T01:05:00Z|17:05|20:05|false|S|Texas Rangers|Kansas City Royals|140|118|Surprise Stadium|Final|831733
2026-03-06|2026-03-06T18:05:00Z|10:05|13:05|false|S|Boston Red Sox|Detroit Tigers|111|116|Publix Field at Joker Marchant Stadium|Final|831631
2026-03-06|2026-03-06T18:05:00Z|10:05|13:05|false|S|Philadelphia Phillies|Pittsburgh Pirates|143|134|LECOM Park|Final|831470
2026-03-06|2026-03-06T18:05:00Z|10:05|13:05|false|S|St. Louis Cardinals|Baltimore Orioles|138|110|Ed Smith Stadium|Final|831519
2026-03-06|2026-03-06T18:05:00Z|10:05|13:05|false|S|Washington Nationals|Houston Astros|120|117|CACTI Park of the Palm Beaches|Final|831524
2026-03-06|2026-03-06T18:07:00Z|10:07|13:07|false|S|Pittsburgh Pirates|Toronto Blue Jays|134|141|TD Ballpark|Final|831525
2026-03-06|2026-03-06T20:05:00Z|12:05|15:05|false|S|Cincinnati Reds|San Francisco Giants|113|137|Scottsdale Stadium|Final|831889
2026-03-06|2026-03-06T20:05:00Z|12:05|15:05|false|S|Colorado Rockies|Athletics|115|133|Hohokam Stadium|Final|831871
2026-03-06|2026-03-06T20:05:00Z|12:05|15:05|false|S|Los Angeles Angels|Cleveland Guardians|108|114|Goodyear Ballpark|Final|831826
2026-03-06|2026-03-06T20:05:00Z|12:05|15:05|false|S|Seattle Mariners|Texas Rangers|136|140|Surprise Stadium|Final|831737
2026-03-06|2026-03-06T20:10:00Z|12:10|15:10|false|S|Arizona Diamondbacks|Milwaukee Brewers|109|158|American Family Fields of Phoenix|Final|831954
2026-03-06|2026-03-06T20:10:00Z|12:10|15:10|false|S|Chicago White Sox|Arizona Diamondbacks|145|109|Salt River Fields at Talking Stick|Final|831919
2026-03-06|2026-03-06T23:05:00Z|15:05|18:05|false|S|Atlanta Braves|Minnesota Twins|144|142|Lee Health Sports Complex|Final|831521
2026-03-06|2026-03-06T23:35:00Z|15:35|18:35|false|S|Tampa Bay Rays|New York Yankees|139|147|George M. Steinbrenner Field|Final|831624
2026-03-06|2026-03-07T00:10:00Z|16:10|19:10|false|S|New York Mets|Miami Marlins|121|146|Roger Dean Chevrolet Stadium|Final|831480
2026-03-06|2026-03-07T01:05:00Z|17:05|20:05|false|S|Kansas City Royals|Los Angeles Dodgers|118|119|Camelback Ranch|Final|831842
2026-03-06|2026-03-07T01:10:00Z|17:10|20:10|false|S|Chicago Cubs|San Diego Padres|112|135|Peoria Stadium|Final|831921
2026-03-07|2026-03-07T17:05:00Z|09:05|12:05|false|S|Miami Marlins|Houston Astros|146|117|CACTI Park of the Palm Beaches|Final|831523
2026-03-07|2026-03-07T18:05:00Z|10:05|13:05|false|S|Baltimore Orioles|Atlanta Braves|110|144|CoolToday Park|Final|831580
2026-03-07|2026-03-07T18:05:00Z|10:05|13:05|false|S|Minnesota Twins|Baltimore Orioles|142|110|Ed Smith Stadium|Final|831630
2026-03-07|2026-03-07T18:05:00Z|10:05|13:05|false|S|New York Mets|St. Louis Cardinals|121|138|Roger Dean Chevrolet Stadium|Final|831469
2026-03-07|2026-03-07T18:05:00Z|10:05|13:05|false|S|Pittsburgh Pirates|Detroit Tigers|134|116|Publix Field at Joker Marchant Stadium|Final|831518
2026-03-07|2026-03-07T18:05:00Z|10:05|13:05|false|S|Tampa Bay Rays|Boston Red Sox|139|111|JetBlue Park|Completed Early|831629
2026-03-07|2026-03-07T18:05:00Z|10:05|13:05|false|S|Toronto Blue Jays|Philadelphia Phillies|141|143|BayCare Ballpark|Final|831576
2026-03-07|2026-03-07T20:05:00Z|12:05|15:05|false|S|Athletics|Chicago Cubs|133|112|Sloan Park|Final|831949
2026-03-07|2026-03-07T20:05:00Z|12:05|15:05|false|S|Cincinnati Reds|Kansas City Royals|113|118|Surprise Stadium|Final|831897
2026-03-07|2026-03-07T20:05:00Z|12:05|15:05|false|S|San Diego Padres|Cleveland Guardians|135|114|Goodyear Ballpark|Final|831774
2026-03-07|2026-03-07T20:05:00Z|12:05|15:05|false|S|Texas Rangers|San Francisco Giants|140|137|Scottsdale Stadium|Final|831726
2026-03-07|2026-03-07T20:10:00Z|12:10|15:10|false|S|Chicago White Sox|Seattle Mariners|145|136|Peoria Stadium|Final|831904
2026-03-07|2026-03-07T20:10:00Z|12:10|15:10|false|S|Milwaukee Brewers|Los Angeles Angels|158|108|Tempe Diablo Stadium|Final|831795
2026-03-07|2026-03-07T20:10:00Z|12:10|15:10|false|S|San Francisco Giants|Arizona Diamondbacks|137|109|Salt River Fields at Talking Stick|Final|832862
2026-03-07|2026-03-07T21:05:00Z|13:05|16:05|false|S|Los Angeles Angels|Athletics|108|133|Las Vegas Ballpark|Final|831828
2026-03-07|2026-03-07T23:05:00Z|15:05|18:05|false|S|New York Yankees|Washington Nationals|147|120|CACTI Park of the Palm Beaches|Final|831568
2026-03-07|2026-03-08T01:05:00Z|17:05|20:05|false|S|Colorado Rockies|Los Angeles Dodgers|115|119|Camelback Ranch|Final|831863
2026-03-08|2026-03-08T17:05:00Z|10:05|13:05|false|S|Atlanta Braves|Tampa Bay Rays|144|139|Charlotte Sports Park|Final|831520
2026-03-08|2026-03-08T17:05:00Z|10:05|13:05|false|S|Boston Red Sox|Pittsburgh Pirates|111|134|LECOM Park|Final|831571
2026-03-08|2026-03-08T17:05:00Z|10:05|13:05|false|S|Houston Astros|Washington Nationals|117|120|CACTI Park of the Palm Beaches|Final|831572
2026-03-08|2026-03-08T17:05:00Z|10:05|13:05|false|S|Philadelphia Phillies|Minnesota Twins|143|142|Lee Health Sports Complex|Final|831522
2026-03-08|2026-03-08T17:05:00Z|10:05|13:05|false|S|Toronto Blue Jays|Baltimore Orioles|141|110|Ed Smith Stadium|Final|831628
2026-03-08|2026-03-08T17:07:00Z|10:07|13:07|false|S|Detroit Tigers|Toronto Blue Jays|116|141|TD Ballpark|Final|831627
2026-03-08|2026-03-08T17:10:00Z|10:10|13:10|false|S|New York Yankees|New York Mets|147|121|Clover Park|Final|831575
2026-03-08|2026-03-08T17:10:00Z|10:10|13:10|false|S|St. Louis Cardinals|Miami Marlins|138|146|Roger Dean Chevrolet Stadium|Final|831467
2026-03-08|2026-03-08T20:05:00Z|13:05|16:05|false|S|Arizona Diamondbacks|Cincinnati Reds|109|113|Goodyear Ballpark|Final|831960
2026-03-08|2026-03-08T20:05:00Z|13:05|16:05|false|S|Kansas City Royals|Chicago White Sox|118|145|Camelback Ranch|Final|831848
2026-03-08|2026-03-08T20:05:00Z|13:05|16:05|false|S|Los Angeles Angels|Athletics|108|133|Las Vegas Ballpark|Final|831832
2026-03-08|2026-03-08T20:05:00Z|13:05|16:05|false|S|Los Angeles Angels|Texas Rangers|108|140|Surprise Stadium|Final|831813
2026-03-08|2026-03-08T20:05:00Z|13:05|16:05|false|S|Los Angeles Dodgers|Athletics|119|133|Hohokam Stadium|Final|831812
2026-03-08|2026-03-08T20:05:00Z|13:05|16:05|false|S|San Francisco Giants|Chicago Cubs|137|112|Sloan Park|Final|831757
2026-03-08|2026-03-08T20:10:00Z|13:10|16:10|false|S|Cincinnati Reds|San Diego Padres|113|135|Peoria Stadium|Final|831892
2026-03-08|2026-03-08T20:10:00Z|13:10|16:10|false|S|Cleveland Guardians|Colorado Rockies|114|115|Salt River Fields at Talking Stick|Final|831882
2026-03-08|2026-03-08T20:10:00Z|13:10|16:10|false|S|Seattle Mariners|Milwaukee Brewers|136|158|American Family Fields of Phoenix|Final|831740
2026-03-09|2026-03-09T17:05:00Z|10:05|13:05|false|S|Baltimore Orioles|St. Louis Cardinals|110|138|Roger Dean Chevrolet Stadium|Final|831570
2026-03-09|2026-03-09T17:05:00Z|10:05|13:05|false|S|Minnesota Twins|Atlanta Braves|142|144|CoolToday Park|Final|831569
2026-03-09|2026-03-09T17:05:00Z|10:05|13:05|false|S|Philadelphia Phillies|Boston Red Sox|143|111|JetBlue Park|Final|831515
2026-03-09|2026-03-09T17:05:00Z|10:05|13:05|false|S|St. Louis Cardinals|Houston Astros|138|117|CACTI Park of the Palm Beaches|Final|831516
2026-03-09|2026-03-09T17:05:00Z|10:05|13:05|false|S|Tampa Bay Rays|Detroit Tigers|139|116|Publix Field at Joker Marchant Stadium|Final|831626
2026-03-09|2026-03-09T20:05:00Z|13:05|16:05|false|S|Athletics|Cincinnati Reds|133|113|Goodyear Ballpark|Final|831943
2026-03-09|2026-03-09T20:05:00Z|13:05|16:05|false|S|Cleveland Guardians|Kansas City Royals|114|118|Surprise Stadium|Final|831881
2026-03-09|2026-03-09T20:05:00Z|13:05|16:05|false|S|Colorado Rockies|Chicago White Sox|115|145|Camelback Ranch|Final|831865
2026-03-09|2026-03-09T20:05:00Z|13:05|16:05|false|S|Los Angeles Angels|San Francisco Giants|108|137|Scottsdale Stadium|Final|831816
2026-03-09|2026-03-09T20:10:00Z|13:10|16:10|false|S|Los Angeles Dodgers|Milwaukee Brewers|119|158|American Family Fields of Phoenix|Final|831802
2026-03-09|2026-03-09T20:10:00Z|13:10|16:10|false|S|Seattle Mariners|Arizona Diamondbacks|136|109|Salt River Fields at Talking Stick|Final|831748
2026-03-09|2026-03-09T20:10:00Z|13:10|16:10|false|S|Texas Rangers|San Diego Padres|140|135|Peoria Stadium|Final|831725
2026-03-09|2026-03-09T22:10:00Z|15:10|18:10|false|S|Miami Marlins|New York Mets|146|121|Clover Park|Final|831468
2026-03-09|2026-03-09T22:35:00Z|15:35|18:35|false|S|Pittsburgh Pirates|New York Yankees|134|147|George M. Steinbrenner Field|Final|831517
2026-03-10|2026-03-10T17:05:00Z|10:05|13:05|false|S|Baltimore Orioles|Houston Astros|110|117|CACTI Park of the Palm Beaches|Final|831617
2026-03-10|2026-03-10T17:05:00Z|10:05|13:05|false|S|Detroit Tigers|Boston Red Sox|116|111|JetBlue Park|Final|831625
2026-03-10|2026-03-10T17:05:00Z|10:05|13:05|false|S|Minnesota Twins|Tampa Bay Rays|142|139|Charlotte Sports Park|Final|831618
2026-03-10|2026-03-10T17:05:00Z|10:05|13:05|false|S|New York Yankees|Philadelphia Phillies|147|143|BayCare Ballpark|Final|831573
2026-03-10|2026-03-10T17:07:00Z|10:07|13:07|false|S|Atlanta Braves|Toronto Blue Jays|144|141|TD Ballpark|Final|831513
2026-03-10|2026-03-10T17:10:00Z|10:10|13:10|false|S|St. Louis Cardinals|New York Mets|138|121|Clover Park|Final|831473
2026-03-10|2026-03-10T17:10:00Z|10:10|13:10|false|S|Washington Nationals|Miami Marlins|120|146|Roger Dean Chevrolet Stadium|Final|831471
2026-03-10|2026-03-10T20:05:00Z|13:05|16:05|false|S|Arizona Diamondbacks|Los Angeles Dodgers|109|119|Camelback Ranch|Final|831956
2026-03-10|2026-03-10T20:05:00Z|13:05|16:05|false|S|Chicago Cubs|Texas Rangers|112|140|Surprise Stadium|Final|831920
2026-03-10|2026-03-10T20:05:00Z|13:05|16:05|false|S|Chicago White Sox|Athletics|145|133|Hohokam Stadium|Final|831918
2026-03-10|2026-03-10T20:05:00Z|13:05|16:05|false|S|San Francisco Giants|Cleveland Guardians|137|114|Goodyear Ballpark|Final|831758
2026-03-10|2026-03-10T20:10:00Z|13:10|16:10|false|S|Cincinnati Reds|Colorado Rockies|113|115|Salt River Fields at Talking Stick|Final|831898
2026-03-10|2026-03-10T20:10:00Z|13:10|16:10|false|S|Kansas City Royals|Seattle Mariners|118|136|Peoria Stadium|Final|831836
2026-03-10|2026-03-10T20:10:00Z|13:10|16:10|false|S|San Diego Padres|Los Angeles Angels|135|108|Tempe Diablo Stadium|Final|831771
2026-03-11|2026-03-11T17:05:00Z|10:05|13:05|false|S|Detroit Tigers|Minnesota Twins|116|142|Lee Health Sports Complex|Final|831619
2026-03-11|2026-03-11T17:05:00Z|10:05|13:05|false|S|Pittsburgh Pirates|Baltimore Orioles|134|110|Ed Smith Stadium|Final|831507
2026-03-11|2026-03-11T17:05:00Z|10:05|13:05|false|S|St. Louis Cardinals|Washington Nationals|138|120|CACTI Park of the Palm Beaches|Final|831465
2026-03-11|2026-03-11T17:05:00Z|10:05|13:05|false|S|Tampa Bay Rays|Atlanta Braves|139|144|CoolToday Park|Final|831574
2026-03-11|2026-03-11T17:10:00Z|10:10|13:10|false|S|Houston Astros|Miami Marlins|117|146|Roger Dean Chevrolet Stadium|Final|831561
2026-03-11|2026-03-11T20:05:00Z|13:05|16:05|false|S|Kansas City Royals|Chicago Cubs|118|112|Sloan Park|Final|831849
2026-03-11|2026-03-11T20:05:00Z|13:05|16:05|false|S|Los Angeles Angels|Chicago White Sox|108|145|Camelback Ranch|Final|831824
2026-03-11|2026-03-11T20:05:00Z|13:05|16:05|false|S|Milwaukee Brewers|Cincinnati Reds|158|113|Goodyear Ballpark|Final|831793
2026-03-11|2026-03-11T20:05:00Z|13:05|16:05|false|S|San Francisco Giants|Kansas City Royals|137|118|Surprise Stadium|Final|831762
2026-03-11|2026-03-11T20:10:00Z|13:10|16:10|false|S|Athletics|Arizona Diamondbacks|133|109|Salt River Fields at Talking Stick|Final|831950
2026-03-11|2026-03-11T20:10:00Z|13:10|16:10|false|S|Colorado Rockies|Seattle Mariners|115|136|Peoria Stadium|Final|831861
2026-03-11|2026-03-11T22:35:00Z|15:35|18:35|false|S|Toronto Blue Jays|New York Yankees|141|147|George M. Steinbrenner Field|Final|831620
2026-03-12|2026-03-12T17:05:00Z|10:05|13:05|false|S|Boston Red Sox|Minnesota Twins|111|142|Lee Health Sports Complex|Final|831622
2026-03-12|2026-03-12T17:05:00Z|10:05|13:05|false|S|New York Mets|St. Louis Cardinals|121|138|Roger Dean Chevrolet Stadium|Final|831472
2026-03-12|2026-03-12T17:05:00Z|10:05|13:05|false|S|New York Yankees|Detroit Tigers|147|116|Publix Field at Joker Marchant Stadium|Final|831621
2026-03-12|2026-03-12T17:05:00Z|10:05|13:05|false|S|Toronto Blue Jays|Philadelphia Phillies|141|143|BayCare Ballpark|Completed Early|831564
2026-03-12|2026-03-12T20:05:00Z|13:05|16:05|false|S|Athletics|Texas Rangers|133|140|Surprise Stadium|Final|831936
2026-03-12|2026-03-12T20:05:00Z|13:05|16:05|false|S|Seattle Mariners|Chicago Cubs|136|112|Sloan Park|Final|831754
2026-03-12|2026-03-12T20:10:00Z|13:10|16:10|false|S|Colorado Rockies|Arizona Diamondbacks|115|109|Salt River Fields at Talking Stick|Final|831869
2026-03-12|2026-03-12T22:05:00Z|15:05|18:05|false|S|Atlanta Braves|Pittsburgh Pirates|144|134|LECOM Park|Final|831466
2026-03-12|2026-03-12T22:05:00Z|15:05|18:05|false|S|Washington Nationals|Houston Astros|120|117|CACTI Park of the Palm Beaches|Final|831510
2026-03-12|2026-03-13T01:05:00Z|18:05|21:05|false|S|Chicago White Sox|San Francisco Giants|145|137|Scottsdale Stadium|Final|831908
2026-03-12|2026-03-13T01:05:00Z|18:05|21:05|false|S|Cincinnati Reds|Los Angeles Dodgers|113|119|Camelback Ranch|Final|831894
2026-03-12|2026-03-13T01:05:00Z|18:05|21:05|false|S|Milwaukee Brewers|Cleveland Guardians|158|114|Goodyear Ballpark|Final|831791
2026-03-12|2026-03-13T01:10:00Z|18:10|21:10|false|S|Kansas City Royals|San Diego Padres|118|135|Peoria Stadium|Final|831839
2026-03-13|2026-03-13T17:05:00Z|10:05|13:05|false|S|Baltimore Orioles|Philadelphia Phillies|110|143|BayCare Ballpark|Final|831565
2026-03-13|2026-03-13T17:05:00Z|10:05|13:05|false|S|New York Yankees|Atlanta Braves|147|144|CoolToday Park|Final|831563
2026-03-13|2026-03-13T17:05:00Z|10:05|13:05|false|S|Tampa Bay Rays|Boston Red Sox|139|111|JetBlue Park|Final|831616
2026-03-13|2026-03-13T17:07:00Z|10:07|13:07|false|S|Minnesota Twins|Toronto Blue Jays|142|141|TD Ballpark|Final|831623
2026-03-13|2026-03-13T20:05:00Z|13:05|16:05|false|S|Chicago Cubs|Chicago White Sox|112|145|Camelback Ranch|Final|831933
2026-03-13|2026-03-13T20:05:00Z|13:05|16:05|false|S|San Diego Padres|Athletics|135|133|Hohokam Stadium|Final|831778
2026-03-13|2026-03-13T20:10:00Z|13:10|16:10|false|S|Athletics|Milwaukee Brewers|133|158|American Family Fields of Phoenix|Final|831935
2026-03-13|2026-03-13T20:10:00Z|13:10|16:10|false|S|Cleveland Guardians|Los Angeles Angels|114|108|Tempe Diablo Stadium|Final|831879
2026-03-13|2026-03-13T20:10:00Z|13:10|16:10|false|S|Texas Rangers|Colorado Rockies|140|115|Salt River Fields at Talking Stick|Final|831731
2026-03-13|2026-03-13T22:05:00Z|15:05|18:05|false|S|Houston Astros|St. Louis Cardinals|117|138|Roger Dean Chevrolet Stadium|Final|831567
2026-03-13|2026-03-13T22:05:00Z|15:05|18:05|false|S|New York Mets|Washington Nationals|121|120|CACTI Park of the Palm Beaches|Final|831464
2026-03-13|2026-03-13T22:05:00Z|15:05|18:05|false|S|Pittsburgh Pirates|Detroit Tigers|134|116|Publix Field at Joker Marchant Stadium|Final|831512
2026-03-13|2026-03-13T22:10:00Z|15:10|18:10|false|S|Miami Marlins|New York Mets|146|121|Clover Park|Final|831462
2026-03-13|2026-03-13T23:05:00Z|16:05|19:05|false|S|Cincinnati Reds|San Francisco Giants|113|137|Scottsdale Stadium|Final|831891
2026-03-13|2026-03-14T01:05:00Z|18:05|21:05|false|S|Arizona Diamondbacks|Kansas City Royals|109|118|Surprise Stadium|Final|831958
2026-03-13|2026-03-14T01:05:00Z|18:05|21:05|false|S|San Francisco Giants|Cincinnati Reds|137|113|Goodyear Ballpark|Final|831759
2026-03-13|2026-03-14T01:10:00Z|18:10|21:10|false|S|Los Angeles Dodgers|Seattle Mariners|119|136|Peoria Stadium|Final|831801
2026-03-14|2026-03-14T16:05:00Z|09:05|12:05|false|S|Miami Marlins|Washington Nationals|146|120|CACTI Park of the Palm Beaches|Final|831459
2026-03-14|2026-03-14T17:05:00Z|10:05|13:05|false|S|Baltimore Orioles|Pittsburgh Pirates|110|134|LECOM Park|Final|831562
2026-03-14|2026-03-14T17:05:00Z|10:05|13:05|false|S|Philadelphia Phillies|New York Yankees|143|147|George M. Steinbrenner Field|Final|831514
2026-03-14|2026-03-14T17:05:00Z|10:05|13:05|false|S|Tampa Bay Rays|Minnesota Twins|139|142|Lee Health Sports Complex|Final|831613
2026-03-14|2026-03-14T17:07:00Z|10:07|13:07|false|S|Detroit Tigers|Toronto Blue Jays|116|141|TD Ballpark|Final|831614
2026-03-14|2026-03-14T17:10:00Z|10:10|13:10|false|S|St. Louis Cardinals|Miami Marlins|138|146|Roger Dean Chevrolet Stadium|Final|831460
2026-03-14|2026-03-14T20:05:00Z|13:05|16:05|false|S|Arizona Diamondbacks|San Francisco Giants|109|137|Scottsdale Stadium|Final|831953
2026-03-14|2026-03-14T20:05:00Z|13:05|16:05|false|S|Kansas City Royals|Athletics|118|133|Hohokam Stadium|Final|831850
2026-03-14|2026-03-14T20:05:00Z|13:05|16:05|false|S|Los Angeles Dodgers|Chicago White Sox|119|145|Camelback Ranch|Final|831809
2026-03-14|2026-03-14T20:05:00Z|13:05|16:05|false|S|San Diego Padres|Texas Rangers|135|140|Surprise Stadium|Final|831770
2026-03-14|2026-03-14T20:05:00Z|13:05|16:05|false|S|Texas Rangers|Cincinnati Reds|140|113|Goodyear Ballpark|Final|831728
2026-03-14|2026-03-14T20:10:00Z|13:10|16:10|false|S|Chicago Cubs|Colorado Rockies|112|115|Salt River Fields at Talking Stick|Final|831928
2026-03-14|2026-03-14T20:10:00Z|13:10|16:10|false|S|Cleveland Guardians|San Diego Padres|114|135|Peoria Stadium|Final|831877
2026-03-14|2026-03-14T20:10:00Z|13:10|16:10|false|S|Colorado Rockies|Milwaukee Brewers|115|158|American Family Fields of Phoenix|Final|831860
2026-03-14|2026-03-14T20:10:00Z|13:10|16:10|false|S|Seattle Mariners|Los Angeles Angels|136|108|Tempe Diablo Stadium|Final|831747
2026-03-14|2026-03-14T22:05:00Z|15:05|18:05|false|S|Boston Red Sox|Atlanta Braves|111|144|CoolToday Park|Final|831566
2026-03-14|2026-03-14T22:05:00Z|15:05|18:05|false|S|New York Mets|Houston Astros|121|117|CACTI Park of the Palm Beaches|Final|831508
2026-03-15|2026-03-15T17:05:00Z|10:05|13:05|false|S|Atlanta Braves|Philadelphia Phillies|144|143|BayCare Ballpark|Final|831458
2026-03-15|2026-03-15T17:05:00Z|10:05|13:05|false|S|Detroit Tigers|New York Yankees|116|147|George M. Steinbrenner Field|Final|831611
2026-03-15|2026-03-15T17:05:00Z|10:05|13:05|false|S|Miami Marlins|Houston Astros|146|117|CACTI Park of the Palm Beaches|Final|831509
2026-03-15|2026-03-15T17:05:00Z|10:05|13:05|false|S|Minnesota Twins|Boston Red Sox|142|111|JetBlue Park|Final|831615
2026-03-15|2026-03-15T17:05:00Z|10:05|13:05|false|S|Pittsburgh Pirates|Tampa Bay Rays|134|139|Charlotte Sports Park|Final|831511
2026-03-15|2026-03-15T17:05:00Z|10:05|13:05|false|S|Washington Nationals|St. Louis Cardinals|120|138|Roger Dean Chevrolet Stadium|Final|831461
2026-03-15|2026-03-15T17:10:00Z|10:10|13:10|false|S|Toronto Blue Jays|New York Mets|141|121|Clover Park|Completed Early|831555
2026-03-15|2026-03-15T20:05:00Z|13:05|16:05|false|S|Athletics|Cleveland Guardians|133|114|Goodyear Ballpark|Final|831944
2026-03-15|2026-03-15T20:05:00Z|13:05|16:05|false|S|Chicago White Sox|Kansas City Royals|145|118|Surprise Stadium|Final|831913
2026-03-15|2026-03-15T20:05:00Z|13:05|16:05|false|S|Los Angeles Dodgers|Chicago Cubs|119|112|Sloan Park|Final|831814
2026-03-15|2026-03-15T20:05:00Z|13:05|16:05|false|S|Milwaukee Brewers|San Francisco Giants|158|137|Scottsdale Stadium|Final|831787
2026-03-15|2026-03-15T20:05:00Z|13:05|16:05|false|S|Texas Rangers|Los Angeles Dodgers|140|119|Camelback Ranch|Final|831727
2026-03-15|2026-03-15T20:10:00Z|13:10|16:10|false|S|Cincinnati Reds|Seattle Mariners|113|136|Peoria Stadium|Final|831890
2026-03-15|2026-03-15T20:10:00Z|13:10|16:10|false|S|Colorado Rockies|Los Angeles Angels|115|108|Tempe Diablo Stadium|Final|831858
2026-03-15|2026-03-15T20:10:00Z|13:10|16:10|false|S|San Diego Padres|Arizona Diamondbacks|135|109|Salt River Fields at Talking Stick|Final|831777
2026-03-15|2026-03-15T22:05:00Z|15:05|18:05|false|S|New York Yankees|Baltimore Orioles|147|110|Ed Smith Stadium|Cancelled|831608
2026-03-16|2026-03-16T17:05:00Z|10:05|13:05|false|S|Philadelphia Phillies|Detroit Tigers|143|116|Publix Field at Joker Marchant Stadium|Final|831498
2026-03-16|2026-03-16T17:05:00Z|10:05|13:05|false|S|Pittsburgh Pirates|Minnesota Twins|134|142|Lee Health Sports Complex|Final|831506
2026-03-16|2026-03-16T17:05:00Z|10:05|13:05|false|S|Tampa Bay Rays|Atlanta Braves|139|144|CoolToday Park|Final|831557
2026-03-16|2026-03-16T17:10:00Z|10:10|13:10|false|S|Toronto Blue Jays|Miami Marlins|141|146|Roger Dean Chevrolet Stadium|Completed Early|831559
2026-03-16|2026-03-16T20:05:00Z|13:05|16:05|false|S|Los Angeles Angels|Athletics|108|133|Hohokam Stadium|Final|831834
2026-03-16|2026-03-16T20:05:00Z|13:05|16:05|false|S|Milwaukee Brewers|Los Angeles Dodgers|158|119|Camelback Ranch|Final|831785
2026-03-16|2026-03-16T20:10:00Z|13:10|16:10|false|S|Cincinnati Reds|Arizona Diamondbacks|113|109|Salt River Fields at Talking Stick|Final|831903
2026-03-16|2026-03-16T20:10:00Z|13:10|16:10|false|S|San Francisco Giants|San Diego Padres|137|135|Peoria Stadium|Final|831751
2026-03-16|2026-03-16T22:05:00Z|15:05|18:05|false|S|Boston Red Sox|Baltimore Orioles|111|110|Ed Smith Stadium|Cancelled|831612
2026-03-16|2026-03-16T22:10:00Z|15:10|18:10|false|S|Washington Nationals|New York Mets|120|121|Clover Park|Final|831457
2026-03-16|2026-03-17T00:05:00Z|17:05|20:05|false|S|Chicago White Sox|Texas Rangers|145|140|Surprise Stadium|Final|831905
2026-03-16|2026-03-17T01:05:00Z|18:05|21:05|false|S|Chicago Cubs|Cleveland Guardians|112|114|Goodyear Ballpark|Final|831924
2026-03-17|2026-03-17T17:05:00Z|10:05|13:05|false|S|Atlanta Braves|Boston Red Sox|144|111|JetBlue Park|Final|831504
2026-03-17|2026-03-17T17:05:00Z|10:05|13:05|false|S|Baltimore Orioles|Detroit Tigers|110|116|Publix Field at Joker Marchant Stadium|Final|831610
2026-03-17|2026-03-17T17:05:00Z|10:05|13:05|false|S|Houston Astros|Pittsburgh Pirates|117|134|LECOM Park|Final|831560
2026-03-17|2026-03-17T17:05:00Z|10:05|13:05|false|S|Minnesota Twins|Philadelphia Phillies|142|143|BayCare Ballpark|Final|831554
2026-03-17|2026-03-17T17:05:00Z|10:05|13:05|false|S|New York Yankees|Tampa Bay Rays|147|139|Charlotte Sports Park|Final|831609
2026-03-17|2026-03-17T17:05:00Z|10:05|13:05|false|S|St. Louis Cardinals|Washington Nationals|138|120|CACTI Park of the Palm Beaches|Final|831454
2026-03-17|2026-03-17T17:10:00Z|10:10|13:10|false|S|New York Mets|Miami Marlins|121|146|Roger Dean Chevrolet Stadium|Completed Early|831463
2026-03-17|2026-03-17T20:05:00Z|13:05|16:05|false|S|Athletics|Chicago White Sox|133|145|Camelback Ranch|Final|831942
2026-03-17|2026-03-17T20:10:00Z|13:10|16:10|false|S|San Diego Padres|Seattle Mariners|135|136|Peoria Stadium|Final|831769
2026-03-17|2026-03-17T20:10:00Z|13:10|16:10|false|S|Seattle Mariners|Colorado Rockies|136|115|Salt River Fields at Talking Stick|Final|831742
2026-03-17|2026-03-18T01:05:00Z|18:05|21:05|false|S|Cleveland Guardians|Cincinnati Reds|114|113|Goodyear Ballpark|Final|831883
2026-03-17|2026-03-18T01:05:00Z|18:05|21:05|false|S|Los Angeles Angels|Chicago Cubs|108|112|Sloan Park|Final|831831
2026-03-17|2026-03-18T01:05:00Z|18:05|21:05|false|S|Los Angeles Dodgers|Kansas City Royals|119|118|Surprise Stadium|Final|831806
2026-03-18|2026-03-18T17:05:00Z|10:05|13:05|false|S|Boston Red Sox|New York Yankees|111|147|George M. Steinbrenner Field|Final|831607
2026-03-18|2026-03-18T17:05:00Z|10:05|13:05|false|S|Houston Astros|St. Louis Cardinals|117|138|Roger Dean Chevrolet Stadium|Final|831556
2026-03-18|2026-03-18T17:05:00Z|10:05|13:05|false|S|Philadelphia Phillies|Atlanta Braves|143|144|CoolToday Park|Final|831453
2026-03-18|2026-03-18T17:07:00Z|10:07|13:07|false|S|Baltimore Orioles|Toronto Blue Jays|110|141|TD Ballpark|Final|831600
2026-03-18|2026-03-18T20:05:00Z|13:05|16:05|false|S|Colorado Rockies|Cincinnati Reds|115|113|Goodyear Ballpark|Final|831866
2026-03-18|2026-03-18T20:05:00Z|13:05|16:05|false|S|San Francisco Giants|Los Angeles Dodgers|137|119|Camelback Ranch|Completed Early|831761
2026-03-18|2026-03-18T20:10:00Z|13:10|16:10|false|S|Chicago Cubs|Arizona Diamondbacks|112|109|Salt River Fields at Talking Stick|Final|831932
2026-03-18|2026-03-18T20:10:00Z|13:10|16:10|false|S|Cincinnati Reds|Los Angeles Angels|113|108|Tempe Diablo Stadium|Final|831895
2026-03-18|2026-03-18T20:10:00Z|13:10|16:10|false|S|Los Angeles Angels|Milwaukee Brewers|108|158|American Family Fields of Phoenix|Final|831818
2026-03-18|2026-03-18T20:10:00Z|13:10|16:10|false|S|Milwaukee Brewers|Seattle Mariners|158|136|Peoria Stadium|Final|831784
2026-03-18|2026-03-18T22:05:00Z|15:05|18:05|false|S|Detroit Tigers|Pittsburgh Pirates|116|134|LECOM Park|Final|831558
2026-03-18|2026-03-18T22:05:00Z|15:05|18:05|false|S|Miami Marlins|Washington Nationals|146|120|CACTI Park of the Palm Beaches|Cancelled|831455
2026-03-18|2026-03-19T01:05:00Z|18:05|21:05|false|S|Kansas City Royals|Texas Rangers|118|140|Surprise Stadium|Final|831833
2026-03-19|2026-03-19T17:05:00Z|10:05|13:05|false|S|Baltimore Orioles|New York Yankees|110|147|George M. Steinbrenner Field|Final|832062
2026-03-19|2026-03-19T17:05:00Z|10:05|13:05|false|S|Tampa Bay Rays|Philadelphia Phillies|139|143|BayCare Ballpark|Final|831551
2026-03-19|2026-03-19T17:05:00Z|10:05|13:05|false|S|Washington Nationals|St. Louis Cardinals|120|138|Roger Dean Chevrolet Stadium|Final|831452
2026-03-19|2026-03-19T17:07:00Z|10:07|13:07|false|S|New York Yankees|Toronto Blue Jays|147|141|TD Ballpark|Final|831605
2026-03-19|2026-03-19T22:05:00Z|15:05|18:05|false|S|Minnesota Twins|Boston Red Sox|142|111|JetBlue Park|Final|831606
2026-03-19|2026-03-19T22:05:00Z|15:05|18:05|false|S|New York Mets|Houston Astros|121|117|CACTI Park of the Palm Beaches|Final|831500
2026-03-19|2026-03-19T22:05:00Z|15:05|18:05|false|S|Pittsburgh Pirates|Baltimore Orioles|134|110|Ed Smith Stadium|Final|831501
2026-03-19|2026-03-20T01:05:00Z|18:05|21:05|false|S|Arizona Diamondbacks|Chicago White Sox|109|145|Camelback Ranch|Final|831962
2026-03-19|2026-03-20T01:05:00Z|18:05|21:05|false|S|Kansas City Royals|Cleveland Guardians|118|114|Goodyear Ballpark|Final|831846
2026-03-19|2026-03-20T01:05:00Z|18:05|21:05|false|S|Los Angeles Angels|Kansas City Royals|108|118|Surprise Stadium|Final|831822
2026-03-19|2026-03-20T01:10:00Z|18:10|21:10|false|S|Chicago White Sox|San Diego Padres|145|135|Peoria Stadium|Final|831907
2026-03-19|2026-03-20T01:10:00Z|18:10|21:10|false|S|San Francisco Giants|Colorado Rockies|137|115|Salt River Fields at Talking Stick|Final|831756
2026-03-19|2026-03-20T01:10:00Z|18:10|21:10|false|S|Seattle Mariners|Athletics|136|133|Hohokam Stadium|Final|831755
2026-03-19|2026-03-20T01:10:00Z|18:10|21:10|false|S|Texas Rangers|Milwaukee Brewers|140|158|American Family Fields of Phoenix|Final|831722
2026-03-20|2026-03-20T17:05:00Z|10:05|13:05|false|S|Boston Red Sox|Tampa Bay Rays|111|139|Charlotte Sports Park|Final|831602
2026-03-20|2026-03-20T17:05:00Z|10:05|13:05|false|S|Detroit Tigers|Philadelphia Phillies|116|143|BayCare Ballpark|Final|831550
2026-03-20|2026-03-20T17:05:00Z|10:05|13:05|false|S|Toronto Blue Jays|Minnesota Twins|141|142|Lee Health Sports Complex|Final|831604
2026-03-20|2026-03-20T17:10:00Z|10:10|13:10|false|S|St. Louis Cardinals|New York Mets|138|121|Clover Park|Final|831456
2026-03-20|2026-03-20T19:10:00Z|12:10|15:10|false|S|Chicago White Sox|Los Angeles Angels|145|108|Tempe Diablo Stadium|Final|831910
2026-03-20|2026-03-20T22:05:00Z|15:05|18:05|false|S|Miami Marlins|Houston Astros|146|117|CACTI Park of the Palm Beaches|Final|831505
2026-03-20|2026-03-20T22:05:00Z|15:05|18:05|false|S|Pittsburgh Pirates|Atlanta Braves|134|144|CoolToday Park|Final|831451
2026-03-20|2026-03-20T22:35:00Z|15:35|18:35|false|S|Baltimore Orioles|New York Yankees|110|147|George M. Steinbrenner Field|Final|831603
2026-03-20|2026-03-20T23:10:00Z|16:10|19:10|false|S|Washington Nationals|Miami Marlins|120|146|Roger Dean Chevrolet Stadium|Final|831450
2026-03-20|2026-03-21T00:05:00Z|17:05|20:05|false|S|Kansas City Royals|San Francisco Giants|118|137|Scottsdale Stadium|Final|831835
2026-03-20|2026-03-21T01:05:00Z|18:05|21:05|false|S|Cincinnati Reds|Chicago Cubs|113|112|Sloan Park|Final|831902
2026-03-20|2026-03-21T01:05:00Z|18:05|21:05|false|S|San Diego Padres|Los Angeles Dodgers|135|119|Camelback Ranch|Final|831766
2026-03-20|2026-03-21T01:05:00Z|18:05|21:05|false|S|San Francisco Giants|Texas Rangers|137|140|Surprise Stadium|Final|831749
2026-03-20|2026-03-21T01:05:00Z|18:05|21:05|false|S|Seattle Mariners|Cleveland Guardians|136|114|Goodyear Ballpark|Final|831743
2026-03-20|2026-03-21T01:10:00Z|18:10|21:10|false|S|Chicago Cubs|Athletics|112|133|Hohokam Stadium|Final|831931
2026-03-20|2026-03-21T01:10:00Z|18:10|21:10|false|S|Colorado Rockies|San Diego Padres|115|135|Peoria Stadium|Final|831864
2026-03-20|2026-03-21T01:10:00Z|18:10|21:10|false|S|Milwaukee Brewers|Arizona Diamondbacks|158|109|Salt River Fields at Talking Stick|Final|831796
2026-03-21|2026-03-21T17:05:00Z|10:05|13:05|false|S|Atlanta Braves|Boston Red Sox|144|111|JetBlue Park|Final|831502
2026-03-21|2026-03-21T17:05:00Z|10:05|13:05|false|S|Miami Marlins|St. Louis Cardinals|146|138|Roger Dean Chevrolet Stadium|Final|831449
2026-03-21|2026-03-21T17:05:00Z|10:05|13:05|false|S|Minnesota Twins|Tampa Bay Rays|142|139|Charlotte Sports Park|Final|831599
2026-03-21|2026-03-21T17:05:00Z|10:05|13:05|false|S|New York Mets|Washington Nationals|121|120|CACTI Park of the Palm Beaches|Final|831448
2026-03-21|2026-03-21T17:05:00Z|10:05|13:05|false|S|New York Yankees|Detroit Tigers|147|116|Publix Field at Joker Marchant Stadium|Final|831601
2026-03-21|2026-03-21T17:05:00Z|10:05|13:05|false|S|Philadelphia Phillies|Baltimore Orioles|143|110|Ed Smith Stadium|Final|831499
2026-03-21|2026-03-21T17:05:00Z|10:05|13:05|false|S|Toronto Blue Jays|Pittsburgh Pirates|141|134|LECOM Park|Final|831553
2026-03-21|2026-03-21T17:10:00Z|10:10|13:10|false|S|Houston Astros|New York Mets|117|121|Clover Park|Final|831549
2026-03-21|2026-03-21T18:05:00Z|11:05|14:05|false|S|Athletics|Los Angeles Dodgers|133|119|Camelback Ranch|Final|831937
2026-03-21|2026-03-21T19:05:00Z|12:05|15:05|false|S|Cleveland Guardians|San Francisco Giants|114|137|Scottsdale Stadium|Final|831873
2026-03-21|2026-03-21T19:05:00Z|12:05|15:05|false|S|Colorado Rockies|Kansas City Royals|115|118|Surprise Stadium|Final|831868
2026-03-21|2026-03-21T20:10:00Z|13:10|16:10|false|S|San Diego Padres|Milwaukee Brewers|135|158|American Family Fields of Phoenix|Final|831767
2026-03-21|2026-03-21T20:10:00Z|13:10|16:10|false|S|Texas Rangers|Arizona Diamondbacks|140|109|Salt River Fields at Talking Stick|Final|831734
2026-03-21|2026-03-22T01:05:00Z|18:05|21:05|false|S|Chicago White Sox|Cincinnati Reds|145|113|Goodyear Ballpark|Final|831916
2026-03-21|2026-03-22T01:10:00Z|18:10|21:10|false|S|Chicago Cubs|Seattle Mariners|112|136|Peoria Stadium|Final|831923
2026-03-22|2026-03-22T16:05:00Z|09:05|12:05|false|S|St. Louis Cardinals|Houston Astros|138|117|CACTI Park of the Palm Beaches|Final|831496
2026-03-22|2026-03-22T17:05:00Z|10:05|13:05|false|S|Atlanta Braves|Minnesota Twins|144|142|Lee Health Sports Complex|Final|831492
2026-03-22|2026-03-22T17:05:00Z|10:05|13:05|false|S|Boston Red Sox|Pittsburgh Pirates|111|134|LECOM Park|Final|831552
2026-03-22|2026-03-22T17:05:00Z|10:05|13:05|false|S|Philadelphia Phillies|New York Yankees|143|147|George M. Steinbrenner Field|Final|831493
2026-03-22|2026-03-22T17:07:00Z|10:07|13:07|false|S|Tampa Bay Rays|Toronto Blue Jays|139|141|TD Ballpark|Final|831592
2026-03-22|2026-03-22T17:10:00Z|10:10|13:10|false|S|New York Mets|Miami Marlins|121|146|Roger Dean Chevrolet Stadium|Final|831446
2026-03-22|2026-03-22T17:35:00Z|10:35|13:35|false|S|Washington Nationals|Baltimore Orioles|120|110|Oriole Park at Camden Yards|Final|831503
2026-03-22|2026-03-22T19:05:00Z|12:05|15:05|false|S|Cincinnati Reds|Cleveland Guardians|113|114|Goodyear Ballpark|Final|831896
2026-03-22|2026-03-22T19:05:00Z|12:05|15:05|false|S|Milwaukee Brewers|Chicago Cubs|158|112|Sloan Park|Final|831789
2026-03-22|2026-03-22T20:10:00Z|13:10|16:10|false|S|Athletics|Colorado Rockies|133|115|Salt River Fields at Talking Stick|Final|831945
2026-03-22|2026-03-23T00:07:00Z|17:07|20:07|false|E|San Francisco Giants|Sacramento River Cats|137|105|Sutter Health Park|Final|831752
2026-03-22|2026-03-23T01:05:00Z|18:05|21:05|false|S|Seattle Mariners|Chicago White Sox|136|145|Camelback Ranch|Final|831746
2026-03-22|2026-03-23T01:07:00Z|18:07|21:07|false|S|Los Angeles Dodgers|Los Angeles Angels|119|108|Angel Stadium|Final|831804
2026-03-22|2026-03-23T01:10:00Z|18:10|21:10|false|S|Arizona Diamondbacks|San Diego Padres|109|135|Peoria Stadium|Final|831947
2026-03-23|2026-03-23T16:05:00Z|09:05|12:05|false|S|Tampa Bay Rays|Philadelphia Phillies|139|143|BayCare Ballpark|Final|831547
2026-03-23|2026-03-23T17:05:00Z|10:05|13:05|false|S|Atlanta Braves|Pittsburgh Pirates|144|134|LECOM Park|Final|831447
2026-03-23|2026-03-23T17:05:00Z|10:05|13:05|false|S|Baltimore Orioles|Washington Nationals|110|120|Nationals Park|Final|831546
2026-03-23|2026-03-23T17:05:00Z|10:05|13:05|false|S|Minnesota Twins|Boston Red Sox|142|111|JetBlue Park|Final|832036
2026-03-23|2026-03-23T18:05:00Z|11:05|14:05|false|S|Chicago White Sox|Athletics|145|133|Hohokam Stadium|Final|831915
2026-03-23|2026-03-23T19:05:00Z|12:05|15:05|false|S|New York Yankees|Chicago Cubs|147|112|Sloan Park|Final|831780
2026-03-23|2026-03-23T19:10:00Z|12:10|15:10|false|S|Seattle Mariners|San Diego Padres|136|135|Peoria Stadium|Final|831735
2026-03-23|2026-03-23T23:05:00Z|16:05|19:05|false|E|St. Louis Cardinals|Springfield Cardinals|138|440|Route 66 Stadium|Final|831442
2026-03-23|2026-03-23T23:40:00Z|16:40|19:40|false|S|Cincinnati Reds|Milwaukee Brewers|113|158|American Family Field|Final|832078
2026-03-23|2026-03-24T00:05:00Z|17:05|20:05|false|S|Kansas City Royals|Texas Rangers|118|140|Globe Life Field|Final|831838
2026-03-23|2026-03-24T00:10:00Z|17:10|20:10|false|E|Sugar Land Space Cowboys|Houston Astros|5434|117|Daikin Park|Completed Early|831443
2026-03-23|2026-03-24T01:10:00Z|18:10|21:10|false|S|Detroit Tigers|Colorado Rockies|116|115|Salt River Fields at Talking Stick|Final|831857
2026-03-23|2026-03-24T01:10:00Z|18:10|21:10|false|S|Los Angeles Angels|Los Angeles Dodgers|108|119|UNIQLO Field at Dodger Stadium|Final|831821
2026-03-23|2026-03-24T01:40:00Z|18:40|21:40|false|S|Cleveland Guardians|Arizona Diamondbacks|114|109|Chase Field|Final|831885
2026-03-23|2026-03-24T01:45:00Z|18:45|21:45|false|E|Sultanes de Monterrey|San Francisco Giants|562|137|Oracle Park|Final|831786
2026-03-24|2026-03-24T16:05:00Z|09:05|12:05|false|S|Tampa Bay Rays|Atlanta Braves|139|144|CoolToday Park|Final|831545
2026-03-24|2026-03-24T17:05:00Z|10:05|13:05|false|S|Boston Red Sox|Minnesota Twins|111|142|Lee Health Sports Complex|Final|832037
2026-03-24|2026-03-24T18:05:00Z|11:05|14:05|false|S|Kansas City Royals|Texas Rangers|118|140|Globe Life Field|Final|831837
2026-03-24|2026-03-24T19:05:00Z|12:05|15:05|false|S|New York Yankees|Chicago Cubs|147|112|Sloan Park|Final|831779
2026-03-24|2026-03-24T19:10:00Z|12:10|15:10|false|S|Detroit Tigers|Colorado Rockies|116|115|Salt River Fields at Talking Stick|Final|831856
2026-03-24|2026-03-24T19:40:00Z|12:40|15:40|false|S|Cleveland Guardians|Arizona Diamondbacks|114|109|Chase Field|Final|831887
2026-03-24|2026-03-24T21:10:00Z|14:10|17:10|false|S|Cincinnati Reds|Milwaukee Brewers|113|158|American Family Field|Final|832077
2026-03-24|2026-03-25T00:10:00Z|17:10|20:10|false|S|Los Angeles Angels|Los Angeles Dodgers|108|119|UNIQLO Field at Dodger Stadium|Final|831820
2026-03-24|2026-03-25T00:10:00Z|17:10|20:10|false|E|Sugar Land Space Cowboys|Houston Astros|5434|117|Daikin Park|Final|831441
2026-03-24|2026-03-25T01:45:00Z|18:45|21:45|false|E|Sultanes de Monterrey|San Francisco Giants|562|137|Oracle Park|Final|831782
2026-03-25|2026-03-26T00:05:00Z|17:05|20:05|false|R|New York Yankees|San Francisco Giants|147|137|Oracle Park|Final|823244
2026-03-26|2026-03-26T17:15:00Z|10:15|13:15|false|R|Pittsburgh Pirates|New York Mets|134|121|Citi Field|Final|823649
2026-03-26|2026-03-26T18:10:00Z|11:10|14:10|false|R|Chicago White Sox|Milwaukee Brewers|145|158|American Family Field|Final|823812
2026-03-26|2026-03-26T18:20:00Z|11:20|14:20|false|R|Washington Nationals|Chicago Cubs|120|112|Wrigley Field|Final|824704
2026-03-26|2026-03-26T19:05:00Z|12:05|15:05|false|R|Minnesota Twins|Baltimore Orioles|142|110|Oriole Park at Camden Yards|Final|824865
2026-03-26|2026-03-26T20:10:00Z|13:10|16:10|false|R|Boston Red Sox|Cincinnati Reds|111|113|Great American Ball Park|Final|824541
2026-03-26|2026-03-26T20:10:00Z|13:10|16:10|false|R|Detroit Tigers|San Diego Padres|116|135|Petco Park|Final|823325
2026-03-26|2026-03-26T20:10:00Z|13:10|16:10|false|R|Los Angeles Angels|Houston Astros|108|117|Daikin Park|Final|824218
2026-03-26|2026-03-26T20:15:00Z|13:15|16:15|false|R|Tampa Bay Rays|St. Louis Cardinals|139|138|Busch Stadium|Final|823081
2026-03-26|2026-03-26T20:15:00Z|13:15|16:15|false|R|Texas Rangers|Philadelphia Phillies|140|143|Citizens Bank Park|Final|823486
2026-03-26|2026-03-27T00:30:00Z|17:30|20:30|false|R|Arizona Diamondbacks|Los Angeles Dodgers|109|119|UNIQLO Field at Dodger Stadium|Final|823974
2026-03-26|2026-03-27T02:10:00Z|19:10|22:10|false|R|Cleveland Guardians|Seattle Mariners|114|136|T-Mobile Park|Final|823163
2026-03-27|2026-03-27T20:35:00Z|13:35|16:35|false|R|New York Yankees|San Francisco Giants|147|137|Oracle Park|Final|823243
2026-03-27|2026-03-27T23:07:00Z|16:07|19:07|false|R|Athletics|Toronto Blue Jays|133|141|Rogers Centre|Final|822839
2026-03-27|2026-03-27T23:10:00Z|16:10|19:10|false|R|Colorado Rockies|Miami Marlins|115|146|loanDepot park|Final|823893
2026-03-27|2026-03-27T23:15:00Z|16:15|19:15|false|R|Kansas City Royals|Atlanta Braves|118|144|Truist Park|Final|824946
2026-03-27|2026-03-28T00:15:00Z|17:15|20:15|false|R|Los Angeles Angels|Houston Astros|108|117|Daikin Park|Final|824216
2026-03-27|2026-03-28T01:40:00Z|18:40|21:40|false|R|Detroit Tigers|San Diego Padres|116|135|Petco Park|Final|823324
2026-03-27|2026-03-28T01:45:00Z|18:45|21:45|false|R|Cleveland Guardians|Seattle Mariners|114|136|T-Mobile Park|Final|823162
2026-03-27|2026-03-28T02:10:00Z|19:10|22:10|false|R|Arizona Diamondbacks|Los Angeles Dodgers|109|119|UNIQLO Field at Dodger Stadium|Final|823971
2026-03-28|2026-03-28T18:15:00Z|11:15|14:15|false|R|Tampa Bay Rays|St. Louis Cardinals|139|138|Busch Stadium|Final|823082
2026-03-28|2026-03-28T18:20:00Z|11:20|14:20|false|R|Washington Nationals|Chicago Cubs|120|112|Wrigley Field|Final|824701
2026-03-28|2026-03-28T19:07:00Z|12:07|15:07|false|R|Athletics|Toronto Blue Jays|133|141|Rogers Centre|Final|822838
2026-03-28|2026-03-28T20:05:00Z|13:05|16:05|false|R|Minnesota Twins|Baltimore Orioles|142|110|Oriole Park at Camden Yards|Final|824862
2026-03-28|2026-03-28T20:05:00Z|13:05|16:05|false|R|Texas Rangers|Philadelphia Phillies|140|143|Citizens Bank Park|Final|823488
2026-03-28|2026-03-28T20:10:00Z|13:10|16:10|false|R|Boston Red Sox|Cincinnati Reds|111|113|Great American Ball Park|Final|824540
2026-03-28|2026-03-28T20:10:00Z|13:10|16:10|false|R|Colorado Rockies|Miami Marlins|115|146|loanDepot park|Final|823892
2026-03-28|2026-03-28T20:10:00Z|13:10|16:10|false|R|Pittsburgh Pirates|New York Mets|134|121|Citi Field|Final|823651
2026-03-28|2026-03-28T23:10:00Z|16:10|19:10|false|R|Chicago White Sox|Milwaukee Brewers|145|158|American Family Field|Final|823811
2026-03-28|2026-03-28T23:10:00Z|16:10|19:10|false|R|Los Angeles Angels|Houston Astros|108|117|Daikin Park|Final|824213
2026-03-28|2026-03-28T23:15:00Z|16:15|19:15|false|R|Kansas City Royals|Atlanta Braves|118|144|Truist Park|Final|824945
2026-03-28|2026-03-28T23:15:00Z|16:15|19:15|false|R|New York Yankees|San Francisco Giants|147|137|Oracle Park|Final|823241
2026-03-28|2026-03-29T00:40:00Z|17:40|20:40|false|R|Detroit Tigers|San Diego Padres|116|135|Petco Park|Final|823323
2026-03-28|2026-03-29T01:10:00Z|18:10|21:10|false|R|Arizona Diamondbacks|Los Angeles Dodgers|109|119|UNIQLO Field at Dodger Stadium|Final|823973
2026-03-28|2026-03-29T01:40:00Z|18:40|21:40|false|R|Cleveland Guardians|Seattle Mariners|114|136|T-Mobile Park|Final|823161
2026-03-29|2026-03-29T17:35:00Z|10:35|13:35|false|R|Kansas City Royals|Atlanta Braves|118|144|Truist Park|Final|824944
2026-03-29|2026-03-29T17:35:00Z|10:35|13:35|false|R|Minnesota Twins|Baltimore Orioles|142|110|Oriole Park at Camden Yards|Final|824864
2026-03-29|2026-03-29T17:35:00Z|10:35|13:35|false|R|Texas Rangers|Philadelphia Phillies|140|143|Citizens Bank Park|Final|823487
2026-03-29|2026-03-29T17:37:00Z|10:37|13:37|false|R|Athletics|Toronto Blue Jays|133|141|Rogers Centre|Final|822837
2026-03-29|2026-03-29T17:40:00Z|10:40|13:40|false|R|Boston Red Sox|Cincinnati Reds|111|113|Great American Ball Park|Final|824538
2026-03-29|2026-03-29T17:40:00Z|10:40|13:40|false|R|Colorado Rockies|Miami Marlins|115|146|loanDepot park|Final|823891
2026-03-29|2026-03-29T17:40:00Z|10:40|13:40|false|R|Pittsburgh Pirates|New York Mets|134|121|Citi Field|Final|823647
2026-03-29|2026-03-29T18:10:00Z|11:10|14:10|false|R|Chicago White Sox|Milwaukee Brewers|145|158|American Family Field|Final|823810
2026-03-29|2026-03-29T18:10:00Z|11:10|14:10|false|R|Los Angeles Angels|Houston Astros|108|117|Daikin Park|Final|824215
2026-03-29|2026-03-29T18:15:00Z|11:15|14:15|false|R|Tampa Bay Rays|St. Louis Cardinals|139|138|Busch Stadium|Final|823079
2026-03-29|2026-03-29T18:20:00Z|11:20|14:20|false|R|Washington Nationals|Chicago Cubs|120|112|Wrigley Field|Final|824700
2026-03-29|2026-03-29T23:20:00Z|16:20|19:20|false|R|Cleveland Guardians|Seattle Mariners|114|136|T-Mobile Park|Final|823160
2026-03-30|2026-03-30T20:10:00Z|13:10|16:10|false|R|Minnesota Twins|Kansas City Royals|142|118|Kauffman Stadium|Final|824135
2026-03-30|2026-03-30T22:35:00Z|15:35|18:35|false|R|Texas Rangers|Baltimore Orioles|140|110|Oriole Park at Camden Yards|Final|824863
2026-03-30|2026-03-30T22:40:00Z|15:40|18:40|false|R|Chicago White Sox|Miami Marlins|145|146|loanDepot park|Final|823890
2026-03-30|2026-03-30T22:40:00Z|15:40|18:40|false|R|Pittsburgh Pirates|Cincinnati Reds|134|113|Great American Ball Park|Final|824539
2026-03-30|2026-03-30T22:40:00Z|15:40|18:40|false|R|Washington Nationals|Philadelphia Phillies|120|143|Citizens Bank Park|Final|823484
2026-03-30|2026-03-30T23:07:00Z|16:07|19:07|false|R|Colorado Rockies|Toronto Blue Jays|115|141|Rogers Centre|Final|822834
2026-03-30|2026-03-30T23:15:00Z|16:15|19:15|false|R|Athletics|Atlanta Braves|133|144|Truist Park|Final|824943
2026-03-30|2026-03-30T23:40:00Z|16:40|19:40|false|R|Los Angeles Angels|Chicago Cubs|108|112|Wrigley Field|Final|824702
2026-03-30|2026-03-30T23:40:00Z|16:40|19:40|false|R|Tampa Bay Rays|Milwaukee Brewers|139|158|American Family Field|Final|823809
2026-03-30|2026-03-30T23:45:00Z|16:45|19:45|false|R|New York Mets|St. Louis Cardinals|121|138|Busch Stadium|Final|823080
2026-03-30|2026-03-31T00:10:00Z|17:10|20:10|false|R|Boston Red Sox|Houston Astros|111|117|Daikin Park|Final|824214
2026-03-30|2026-03-31T01:40:00Z|18:40|21:40|false|R|New York Yankees|Seattle Mariners|147|136|T-Mobile Park|Final|823159
2026-03-30|2026-03-31T01:40:00Z|18:40|21:40|false|R|San Francisco Giants|San Diego Padres|137|135|Petco Park|Final|823320
2026-03-30|2026-03-31T02:10:00Z|19:10|22:10|false|R|Cleveland Guardians|Los Angeles Dodgers|114|119|UNIQLO Field at Dodger Stadium|Final|823972
2026-03-30|2026-03-31T02:10:00Z|19:10|22:10|false|R|Detroit Tigers|Arizona Diamondbacks|116|109|Chase Field|Final|825108
2026-03-31|2026-03-31T22:35:00Z|15:35|18:35|false|R|Texas Rangers|Baltimore Orioles|140|110|Oriole Park at Camden Yards|Final|824861
2026-03-31|2026-03-31T22:40:00Z|15:40|18:40|false|R|Chicago White Sox|Miami Marlins|145|146|loanDepot park|Final|823888
2026-03-31|2026-03-31T22:40:00Z|15:40|18:40|false|R|Pittsburgh Pirates|Cincinnati Reds|134|113|Great American Ball Park|Final|824537
2026-03-31|2026-03-31T22:40:00Z|15:40|18:40|false|R|Washington Nationals|Philadelphia Phillies|120|143|Citizens Bank Park|Final|823485
2026-03-31|2026-03-31T23:07:00Z|16:07|19:07|false|R|Colorado Rockies|Toronto Blue Jays|115|141|Rogers Centre|Final|822836
2026-03-31|2026-03-31T23:15:00Z|16:15|19:15|false|R|Athletics|Atlanta Braves|133|144|Truist Park|Final|824942
2026-03-31|2026-03-31T23:40:00Z|16:40|19:40|false|R|Los Angeles Angels|Chicago Cubs|108|112|Wrigley Field|Final|824699
2026-03-31|2026-03-31T23:40:00Z|16:40|19:40|false|R|Tampa Bay Rays|Milwaukee Brewers|139|158|American Family Field|Final|823807
2026-03-31|2026-03-31T23:45:00Z|16:45|19:45|false|R|New York Mets|St. Louis Cardinals|121|138|Busch Stadium|Final|823077
2026-03-31|2026-04-01T00:10:00Z|17:10|20:10|false|R|Boston Red Sox|Houston Astros|111|117|Daikin Park|Final|824212
2026-03-31|2026-04-01T01:40:00Z|18:40|21:40|false|R|Detroit Tigers|Arizona Diamondbacks|116|109|Chase Field|Final|825107
2026-03-31|2026-04-01T01:40:00Z|18:40|21:40|false|R|New York Yankees|Seattle Mariners|147|136|T-Mobile Park|Final|823158
2026-03-31|2026-04-01T01:40:00Z|18:40|21:40|false|R|San Francisco Giants|San Diego Padres|137|135|Petco Park|Final|823322
2026-03-31|2026-04-01T02:10:00Z|19:10|22:10|false|R|Cleveland Guardians|Los Angeles Dodgers|114|119|UNIQLO Field at Dodger Stadium|Final|823969
2026-04-01|2026-04-01T16:15:00Z|09:15|12:15|false|R|Athletics|Atlanta Braves|133|144|Truist Park|Final|824940
2026-04-01|2026-04-01T16:35:00Z|09:35|12:35|false|R|Texas Rangers|Baltimore Orioles|140|110|Oriole Park at Camden Yards|Final|824860
2026-04-01|2026-04-01T16:40:00Z|09:40|12:40|false|R|Pittsburgh Pirates|Cincinnati Reds|134|113|Great American Ball Park|Final|824536
2026-04-01|2026-04-01T17:05:00Z|10:05|13:05|false|R|Washington Nationals|Philadelphia Phillies|120|143|Citizens Bank Park|Final|823483
2026-04-01|2026-04-01T17:07:00Z|10:07|13:07|false|R|Colorado Rockies|Toronto Blue Jays|115|141|Rogers Centre|Final|822835
2026-04-01|2026-04-01T17:10:00Z|10:10|13:10|false|R|Chicago White Sox|Miami Marlins|145|146|loanDepot park|Final|823889
2026-04-01|2026-04-01T17:15:00Z|10:15|13:15|false|R|New York Mets|St. Louis Cardinals|121|138|Busch Stadium|Final|823078
2026-04-01|2026-04-01T17:40:00Z|10:40|13:40|false|R|Tampa Bay Rays|Milwaukee Brewers|139|158|American Family Field|Final|823806
2026-04-01|2026-04-01T18:10:00Z|11:10|14:10|false|R|Boston Red Sox|Houston Astros|111|117|Daikin Park|Final|824211
2026-04-01|2026-04-01T18:20:00Z|11:20|14:20|false|R|Los Angeles Angels|Chicago Cubs|108|112|Wrigley Field|Final|824698
2026-04-01|2026-04-01T19:40:00Z|12:40|15:40|false|R|Detroit Tigers|Arizona Diamondbacks|116|109|Chase Field|Final|825106
2026-04-01|2026-04-01T20:10:00Z|13:10|16:10|false|R|New York Yankees|Seattle Mariners|147|136|T-Mobile Park|Final|823157
2026-04-01|2026-04-01T20:10:00Z|13:10|16:10|false|R|San Francisco Giants|San Diego Padres|137|135|Petco Park|Final|823321
2026-04-01|2026-04-01T23:40:00Z|16:40|19:40|false|R|Minnesota Twins|Kansas City Royals|142|118|Kauffman Stadium|Final|824136
2026-04-01|2026-04-02T00:20:00Z|17:20|20:20|false|R|Cleveland Guardians|Los Angeles Dodgers|114|119|UNIQLO Field at Dodger Stadium|Final|823970
2026-04-02|2026-04-02T18:10:00Z|11:10|14:10|false|R|Minnesota Twins|Kansas City Royals|142|118|Kauffman Stadium|Final|824133
2026-04-02|2026-04-02T20:10:00Z|13:10|16:10|false|R|Toronto Blue Jays|Chicago White Sox|141|145|Rate Field|Postponed|824621
2026-04-02|2026-04-03T01:40:00Z|18:40|21:40|false|R|Atlanta Braves|Arizona Diamondbacks|144|109|Chase Field|Final|825105
2026-04-02|2026-04-03T01:45:00Z|18:45|21:45|false|R|New York Mets|San Francisco Giants|121|137|Oracle Park|Final|823242
2026-04-03|2026-04-03T17:05:00Z|10:05|13:05|false|R|Los Angeles Dodgers|Washington Nationals|119|120|Nationals Park|Final|822758
2026-04-03|2026-04-03T17:10:00Z|10:10|13:10|false|R|St. Louis Cardinals|Detroit Tigers|138|116|Comerica Park|Final|824299
2026-04-03|2026-04-03T17:35:00Z|10:35|13:35|false|R|Miami Marlins|New York Yankees|146|147|Yankee Stadium|Final|823568
2026-04-03|2026-04-03T18:10:00Z|11:10|14:10|false|R|San Diego Padres|Boston Red Sox|135|111|Fenway Park|Final|824786
2026-04-03|2026-04-03T20:05:00Z|13:05|16:05|false|R|Cincinnati Reds|Texas Rangers|113|140|Globe Life Field|Final|822919
2026-04-03|2026-04-03T20:10:00Z|13:10|16:10|false|R|Chicago Cubs|Cleveland Guardians|112|114|Progressive Field|Final|824458
2026-04-03|2026-04-03T20:10:00Z|13:10|16:10|false|R|Philadelphia Phillies|Colorado Rockies|143|115|Coors Field|Final|824377
2026-04-03|2026-04-03T20:10:00Z|13:10|16:10|false|R|Tampa Bay Rays|Minnesota Twins|139|142|Target Field|Final|823732
2026-04-03|2026-04-03T20:12:00Z|13:12|16:12|false|R|Baltimore Orioles|Pittsburgh Pirates|110|134|PNC Park|Final|823406
2026-04-03|2026-04-03T23:45:00Z|16:45|19:45|false|R|Milwaukee Brewers|Kansas City Royals|158|118|Kauffman Stadium|Postponed|824134
2026-04-03|2026-04-04T01:38:00Z|18:38|21:38|false|R|Seattle Mariners|Los Angeles Angels|136|108|Angel Stadium|Final|824056
2026-04-03|2026-04-04T01:40:00Z|18:40|21:40|false|R|Houston Astros|Athletics|117|133|Sutter Health Park|Final|825026
2026-04-03|2026-04-04T01:45:00Z|18:45|21:45|false|R|Atlanta Braves|Arizona Diamondbacks|144|109|Chase Field|Final|825103
2026-04-03|2026-04-04T02:15:00Z|19:15|22:15|false|R|New York Mets|San Francisco Giants|121|137|Oracle Park|Final|823240
2026-04-04|2026-04-04T17:10:00Z|10:10|13:10|false|R|St. Louis Cardinals|Detroit Tigers|138|116|Comerica Park|Completed Early|824295
2026-04-04|2026-04-04T18:10:00Z|11:10|14:10|false|R|Milwaukee Brewers|Kansas City Royals|158|118|Kauffman Stadium|Final|824132
2026-04-04|2026-04-04T18:10:00Z|11:10|14:10|false|R|Toronto Blue Jays|Chicago White Sox|141|145|Rate Field|Final|824622
2026-04-04|2026-04-04T20:05:00Z|13:05|16:05|false|R|Baltimore Orioles|Pittsburgh Pirates|110|134|PNC Park|Final|823404
2026-04-04|2026-04-04T20:05:00Z|13:05|16:05|false|R|Houston Astros|Athletics|117|133|Sutter Health Park|Final|825027
2026-04-04|2026-04-04T20:05:00Z|13:05|16:05|false|R|Los Angeles Dodgers|Washington Nationals|119|120|Nationals Park|Final|822757
2026-04-04|2026-04-04T20:10:00Z|13:10|16:10|false|R|San Diego Padres|Boston Red Sox|135|111|Fenway Park|Final|824782
2026-04-04|2026-04-04T23:05:00Z|16:05|19:05|false|R|Cincinnati Reds|Texas Rangers|113|140|Globe Life Field|Final|822920
2026-04-04|2026-04-04T23:05:00Z|16:05|19:05|false|R|Miami Marlins|New York Yankees|146|147|Yankee Stadium|Final|823569
2026-04-04|2026-04-04T23:10:00Z|16:10|19:10|false|R|Tampa Bay Rays|Minnesota Twins|139|142|Target Field|Final|823730
2026-04-04|2026-04-04T23:15:00Z|16:15|19:15|false|R|Atlanta Braves|Arizona Diamondbacks|144|109|Chase Field|Final|825104
2026-04-04|2026-04-04T23:15:00Z|16:15|19:15|false|R|Chicago Cubs|Cleveland Guardians|112|114|Progressive Field|Postponed|824460
2026-04-04|2026-04-05T00:10:00Z|17:10|20:10|false|R|Philadelphia Phillies|Colorado Rockies|143|115|Coors Field|Final|824378
2026-04-04|2026-04-05T01:05:00Z|18:05|21:05|false|R|New York Mets|San Francisco Giants|121|137|Oracle Park|Final|823239
2026-04-04|2026-04-05T01:38:00Z|18:38|21:38|false|R|Seattle Mariners|Los Angeles Angels|136|108|Angel Stadium|Final|824054
2026-04-05|2026-04-05T17:10:00Z|10:10|13:10|false|R|Chicago Cubs|Cleveland Guardians|112|114|Progressive Field|Final|824459
2026-04-05|2026-04-05T17:35:00Z|10:35|13:35|false|R|Baltimore Orioles|Pittsburgh Pirates|110|134|PNC Park|Final|823405
2026-04-05|2026-04-05T17:35:00Z|10:35|13:35|false|R|Los Angeles Dodgers|Washington Nationals|119|120|Nationals Park|Final|822756
2026-04-05|2026-04-05T17:35:00Z|10:35|13:35|false|R|Miami Marlins|New York Yankees|146|147|Yankee Stadium|Final|823566
2026-04-05|2026-04-05T17:35:00Z|10:35|13:35|false|R|San Diego Padres|Boston Red Sox|135|111|Fenway Park|Final|824781
2026-04-05|2026-04-05T18:10:00Z|11:10|14:10|false|R|Milwaukee Brewers|Kansas City Royals|158|118|Kauffman Stadium|Final|824131
2026-04-05|2026-04-05T18:10:00Z|11:10|14:10|false|R|Tampa Bay Rays|Minnesota Twins|139|142|Target Field|Final|823729
2026-04-05|2026-04-05T18:10:00Z|11:10|14:10|false|R|Toronto Blue Jays|Chicago White Sox|141|145|Rate Field|Final|824620
2026-04-05|2026-04-05T18:35:00Z|11:35|14:35|false|R|Cincinnati Reds|Texas Rangers|113|140|Globe Life Field|Final|822917
2026-04-05|2026-04-05T19:10:00Z|12:10|15:10|false|R|Philadelphia Phillies|Colorado Rockies|143|115|Coors Field|Final|824379
2026-04-05|2026-04-05T20:05:00Z|13:05|16:05|false|R|Houston Astros|Athletics|117|133|Sutter Health Park|Final|825025
2026-04-05|2026-04-05T20:05:00Z|13:05|16:05|false|R|New York Mets|San Francisco Giants|121|137|Oracle Park|Final|823238
2026-04-05|2026-04-05T20:07:00Z|13:07|16:07|false|R|Seattle Mariners|Los Angeles Angels|136|108|Angel Stadium|Final|824053
2026-04-05|2026-04-05T20:10:00Z|13:10|16:10|false|R|Atlanta Braves|Arizona Diamondbacks|144|109|Chase Field|Final|825102
2026-04-05|2026-04-05T23:20:00Z|16:20|19:20|false|R|St. Louis Cardinals|Detroit Tigers|138|116|Comerica Park|Final|824296
2026-04-06|2026-04-06T20:10:00Z|13:10|16:10|false|R|Chicago Cubs|Tampa Bay Rays|112|139|Tropicana Field|Final|823002
2026-04-06|2026-04-06T22:10:00Z|15:10|18:10|false|R|Kansas City Royals|Cleveland Guardians|118|114|Progressive Field|Final|824456
2026-04-06|2026-04-06T22:40:00Z|15:40|18:40|false|R|Cincinnati Reds|Miami Marlins|113|146|loanDepot park|Final|823886
2026-04-06|2026-04-06T22:40:00Z|15:40|18:40|false|R|San Diego Padres|Pittsburgh Pirates|135|134|PNC Park|Final|823401
2026-04-06|2026-04-06T22:45:00Z|15:45|18:45|false|R|Milwaukee Brewers|Boston Red Sox|158|111|Fenway Park|Final|824783
2026-04-06|2026-04-06T22:45:00Z|15:45|18:45|false|R|St. Louis Cardinals|Washington Nationals|138|120|Nationals Park|Final|822755
2026-04-06|2026-04-06T23:07:00Z|16:07|19:07|false|R|Los Angeles Dodgers|Toronto Blue Jays|119|141|Rogers Centre|Final|822832
2026-04-06|2026-04-06T23:40:00Z|16:40|19:40|false|R|Baltimore Orioles|Chicago White Sox|110|145|Rate Field|Final|824619
2026-04-06|2026-04-06T23:40:00Z|16:40|19:40|false|R|Detroit Tigers|Minnesota Twins|116|142|Target Field|Final|823728
2026-04-06|2026-04-07T00:05:00Z|17:05|20:05|false|R|Seattle Mariners|Texas Rangers|136|140|Globe Life Field|Final|822918
2026-04-06|2026-04-07T00:40:00Z|17:40|20:40|false|R|Houston Astros|Colorado Rockies|117|115|Coors Field|Final|824376
2026-04-06|2026-04-07T01:38:00Z|18:38|21:38|false|R|Atlanta Braves|Los Angeles Angels|144|108|Angel Stadium|Final|824052
2026-04-06|2026-04-07T01:45:00Z|18:45|21:45|false|R|Philadelphia Phillies|San Francisco Giants|143|137|Oracle Park|Final|823237
2026-04-07|2026-04-07T17:10:00Z|10:10|13:10|false|R|Kansas City Royals|Cleveland Guardians|118|114|Progressive Field|Final|824457
2026-04-07|2026-04-07T19:10:00Z|12:10|15:10|false|R|Baltimore Orioles|Chicago White Sox|110|145|Rate Field|Final|824618
2026-04-07|2026-04-07T20:10:00Z|13:10|16:10|false|R|Arizona Diamondbacks|New York Mets|109|121|Citi Field|Final|823648
2026-04-07|2026-04-07T22:40:00Z|15:40|18:40|false|R|Chicago Cubs|Tampa Bay Rays|112|139|Tropicana Field|Final|822999
2026-04-07|2026-04-07T22:40:00Z|15:40|18:40|false|R|Cincinnati Reds|Miami Marlins|113|146|loanDepot park|Final|823887
2026-04-07|2026-04-07T22:40:00Z|15:40|18:40|false|R|San Diego Padres|Pittsburgh Pirates|135|134|PNC Park|Final|823402
2026-04-07|2026-04-07T22:45:00Z|15:45|18:45|false|R|Milwaukee Brewers|Boston Red Sox|158|111|Fenway Park|Final|824780
2026-04-07|2026-04-07T22:45:00Z|15:45|18:45|false|R|St. Louis Cardinals|Washington Nationals|138|120|Nationals Park|Final|822754
2026-04-07|2026-04-07T23:05:00Z|16:05|19:05|false|R|Athletics|New York Yankees|133|147|Yankee Stadium|Final|823567
2026-04-07|2026-04-07T23:07:00Z|16:07|19:07|false|R|Los Angeles Dodgers|Toronto Blue Jays|119|141|Rogers Centre|Final|822831
2026-04-07|2026-04-07T23:40:00Z|16:40|19:40|false|R|Detroit Tigers|Minnesota Twins|116|142|Target Field|Final|823727
2026-04-07|2026-04-08T00:05:00Z|17:05|20:05|false|R|Seattle Mariners|Texas Rangers|136|140|Globe Life Field|Final|822916
2026-04-07|2026-04-08T00:40:00Z|17:40|20:40|false|R|Houston Astros|Colorado Rockies|117|115|Coors Field|Final|824375
2026-04-07|2026-04-08T01:38:00Z|18:38|21:38|false|R|Atlanta Braves|Los Angeles Angels|144|108|Angel Stadium|Final|824051
2026-04-07|2026-04-08T01:45:00Z|18:45|21:45|false|R|Philadelphia Phillies|San Francisco Giants|143|137|Oracle Park|Final|823235
2026-04-08|2026-04-08T16:35:00Z|09:35|12:35|false|R|San Diego Padres|Pittsburgh Pirates|135|134|PNC Park|Final|823403
2026-04-08|2026-04-08T17:10:00Z|10:10|13:10|false|R|Kansas City Royals|Cleveland Guardians|118|114|Progressive Field|Final|824455
2026-04-08|2026-04-08T17:35:00Z|10:35|13:35|false|R|Milwaukee Brewers|Boston Red Sox|158|111|Fenway Park|Final|824779
2026-04-08|2026-04-08T18:10:00Z|11:10|14:10|false|R|Baltimore Orioles|Chicago White Sox|110|145|Rate Field|Final|824617
2026-04-08|2026-04-08T18:35:00Z|11:35|14:35|false|R|Seattle Mariners|Texas Rangers|136|140|Globe Life Field|Final|822915
2026-04-08|2026-04-08T19:07:00Z|12:07|15:07|false|R|Los Angeles Dodgers|Toronto Blue Jays|119|141|Rogers Centre|Final|822833
2026-04-08|2026-04-08T19:10:00Z|12:10|15:10|false|R|Houston Astros|Colorado Rockies|117|115|Coors Field|Final|824374
2026-04-08|2026-04-08T19:45:00Z|12:45|15:45|false|R|Philadelphia Phillies|San Francisco Giants|143|137|Oracle Park|Final|823234
2026-04-08|2026-04-08T20:05:00Z|13:05|16:05|false|R|St. Louis Cardinals|Washington Nationals|138|120|Nationals Park|Final|822753
2026-04-08|2026-04-08T20:07:00Z|13:07|16:07|false|R|Atlanta Braves|Los Angeles Angels|144|108|Angel Stadium|Final|824050
2026-04-08|2026-04-08T20:10:00Z|13:10|16:10|false|R|Arizona Diamondbacks|New York Mets|109|121|Citi Field|Final|823646
2026-04-08|2026-04-08T22:40:00Z|15:40|18:40|false|R|Chicago Cubs|Tampa Bay Rays|112|139|Tropicana Field|Final|823000
2026-04-08|2026-04-08T22:40:00Z|15:40|18:40|false|R|Cincinnati Reds|Miami Marlins|113|146|loanDepot park|Final|823885
2026-04-08|2026-04-08T23:05:00Z|16:05|19:05|false|R|Athletics|New York Yankees|133|147|Yankee Stadium|Final|823564
2026-04-08|2026-04-08T23:40:00Z|16:40|19:40|false|R|Detroit Tigers|Minnesota Twins|116|142|Target Field|Final|823726
2026-04-09|2026-04-09T16:10:00Z|09:10|12:10|false|R|Cincinnati Reds|Miami Marlins|113|146|loanDepot park|Final|823884
2026-04-09|2026-04-09T17:35:00Z|10:35|13:35|false|R|Athletics|New York Yankees|133|147|Yankee Stadium|Final|823565
2026-04-09|2026-04-09T17:40:00Z|10:40|13:40|false|R|Detroit Tigers|Minnesota Twins|116|142|Target Field|Final|823724
2026-04-09|2026-04-09T23:10:00Z|16:10|19:10|false|R|Arizona Diamondbacks|New York Mets|109|121|Citi Field|Final|823645
2026-04-09|2026-04-09T23:40:00Z|16:40|19:40|false|R|Chicago White Sox|Kansas City Royals|145|118|Kauffman Stadium|Final|824130
2026-04-09|2026-04-10T01:40:00Z|18:40|21:40|false|R|Colorado Rockies|San Diego Padres|115|135|Petco Park|Final|823319
2026-04-10|2026-04-10T18:20:00Z|11:20|14:20|false|R|Pittsburgh Pirates|Chicago Cubs|134|112|Wrigley Field|Final|824695
2026-04-10|2026-04-10T22:40:00Z|15:40|18:40|false|R|Arizona Diamondbacks|Philadelphia Phillies|109|143|Citizens Bank Park|Final|823482
2026-04-10|2026-04-10T22:40:00Z|15:40|18:40|false|R|Miami Marlins|Detroit Tigers|146|116|Comerica Park|Final|824297
2026-04-10|2026-04-10T22:45:00Z|15:45|18:45|false|R|Los Angeles Angels|Cincinnati Reds|108|113|Great American Ball Park|Final|824534
2026-04-10|2026-04-10T23:07:00Z|16:07|19:07|false|R|Minnesota Twins|Toronto Blue Jays|142|141|Rogers Centre|Final|822829
2026-04-10|2026-04-10T23:10:00Z|16:10|19:10|false|R|Athletics|New York Mets|133|121|Citi Field|Final|823643
2026-04-10|2026-04-10T23:10:00Z|16:10|19:10|false|R|New York Yankees|Tampa Bay Rays|147|139|Tropicana Field|Final|822997
2026-04-10|2026-04-10T23:15:00Z|16:15|19:15|false|R|Cleveland Guardians|Atlanta Braves|114|144|Truist Park|Final|824941
2026-04-10|2026-04-10T23:15:00Z|16:15|19:15|false|R|San Francisco Giants|Baltimore Orioles|137|110|Oriole Park at Camden Yards|Final|824858
2026-04-10|2026-04-10T23:40:00Z|16:40|19:40|false|R|Chicago White Sox|Kansas City Royals|145|118|Kauffman Stadium|Final|824128
2026-04-10|2026-04-10T23:40:00Z|16:40|19:40|false|R|Washington Nationals|Milwaukee Brewers|120|158|American Family Field|Final|823808
2026-04-10|2026-04-11T00:15:00Z|17:15|20:15|false|R|Boston Red Sox|St. Louis Cardinals|111|138|Busch Stadium|Final|823076
2026-04-10|2026-04-11T01:40:00Z|18:40|21:40|false|R|Colorado Rockies|San Diego Padres|115|135|Petco Park|Final|823318
2026-04-10|2026-04-11T01:40:00Z|18:40|21:40|false|R|Houston Astros|Seattle Mariners|117|136|T-Mobile Park|Final|823156
2026-04-10|2026-04-11T02:10:00Z|19:10|22:10|false|R|Texas Rangers|Los Angeles Dodgers|140|119|UNIQLO Field at Dodger Stadium|Final|823968
2026-04-11|2026-04-11T17:05:00Z|10:05|13:05|false|R|Arizona Diamondbacks|Philadelphia Phillies|109|143|Citizens Bank Park|Final|823480
2026-04-11|2026-04-11T17:10:00Z|10:10|13:10|false|R|Miami Marlins|Detroit Tigers|146|116|Comerica Park|Final|824294
2026-04-11|2026-04-11T18:20:00Z|11:20|14:20|false|R|Pittsburgh Pirates|Chicago Cubs|134|112|Wrigley Field|Final|824697
2026-04-11|2026-04-11T19:07:00Z|12:07|15:07|false|R|Minnesota Twins|Toronto Blue Jays|142|141|Rogers Centre|Final|822830
2026-04-11|2026-04-11T20:10:00Z|13:10|16:10|false|R|Athletics|New York Mets|133|121|Citi Field|Final|823644
2026-04-11|2026-04-11T20:10:00Z|13:10|16:10|false|R|Chicago White Sox|Kansas City Royals|145|118|Kauffman Stadium|Final|824129
2026-04-11|2026-04-11T20:10:00Z|13:10|16:10|false|R|Los Angeles Angels|Cincinnati Reds|108|113|Great American Ball Park|Final|824535
2026-04-11|2026-04-11T22:10:00Z|15:10|18:10|false|R|New York Yankees|Tampa Bay Rays|147|139|Tropicana Field|Final|822996
2026-04-11|2026-04-11T23:10:00Z|16:10|19:10|false|R|Washington Nationals|Milwaukee Brewers|120|158|American Family Field|Final|823805
2026-04-11|2026-04-11T23:15:00Z|16:15|19:15|false|R|Boston Red Sox|St. Louis Cardinals|111|138|Busch Stadium|Final|823074
2026-04-11|2026-04-11T23:15:00Z|16:15|19:15|false|R|Cleveland Guardians|Atlanta Braves|114|144|Truist Park|Final|824939
2026-04-11|2026-04-11T23:15:00Z|16:15|19:15|false|R|San Francisco Giants|Baltimore Orioles|137|110|Oriole Park at Camden Yards|Final|824857
2026-04-11|2026-04-12T00:40:00Z|17:40|20:40|false|R|Colorado Rockies|San Diego Padres|115|135|Petco Park|Final|823316
2026-04-11|2026-04-12T01:10:00Z|18:10|21:10|false|R|Texas Rangers|Los Angeles Dodgers|140|119|UNIQLO Field at Dodger Stadium|Final|823967
2026-04-11|2026-04-12T01:40:00Z|18:40|21:40|false|R|Houston Astros|Seattle Mariners|117|136|T-Mobile Park|Final|823155
2026-04-12|2026-04-12T17:35:00Z|10:35|13:35|false|R|Arizona Diamondbacks|Philadelphia Phillies|109|143|Citizens Bank Park|Final|823479
2026-04-12|2026-04-12T17:35:00Z|10:35|13:35|false|R|San Francisco Giants|Baltimore Orioles|137|110|Oriole Park at Camden Yards|Final|824859
2026-04-12|2026-04-12T17:37:00Z|10:37|13:37|false|R|Minnesota Twins|Toronto Blue Jays|142|141|Rogers Centre|Final|822828
2026-04-12|2026-04-12T17:40:00Z|10:40|13:40|false|R|Athletics|New York Mets|133|121|Citi Field|Final|823642
2026-04-12|2026-04-12T17:40:00Z|10:40|13:40|false|R|Los Angeles Angels|Cincinnati Reds|108|113|Great American Ball Park|Final|824533
2026-04-12|2026-04-12T17:40:00Z|10:40|13:40|false|R|Miami Marlins|Detroit Tigers|146|116|Comerica Park|Final|824293
2026-04-12|2026-04-12T17:40:00Z|10:40|13:40|false|R|New York Yankees|Tampa Bay Rays|147|139|Tropicana Field|Final|822998
2026-04-12|2026-04-12T18:10:00Z|11:10|14:10|false|R|Chicago White Sox|Kansas City Royals|145|118|Kauffman Stadium|Final|824126
2026-04-12|2026-04-12T18:10:00Z|11:10|14:10|false|R|Washington Nationals|Milwaukee Brewers|120|158|American Family Field|Final|823804
2026-04-12|2026-04-12T18:15:00Z|11:15|14:15|false|R|Boston Red Sox|St. Louis Cardinals|111|138|Busch Stadium|Final|823075
2026-04-12|2026-04-12T18:20:00Z|11:20|14:20|false|R|Pittsburgh Pirates|Chicago Cubs|134|112|Wrigley Field|Final|824696
2026-04-12|2026-04-12T20:10:00Z|13:10|16:10|false|R|Colorado Rockies|San Diego Padres|115|135|Petco Park|Final|823317
2026-04-12|2026-04-12T20:10:00Z|13:10|16:10|false|R|Houston Astros|Seattle Mariners|117|136|T-Mobile Park|Final|823154
2026-04-12|2026-04-12T20:10:00Z|13:10|16:10|false|R|Texas Rangers|Los Angeles Dodgers|140|119|UNIQLO Field at Dodger Stadium|Final|823966
2026-04-12|2026-04-12T23:20:00Z|16:20|19:20|false|R|Cleveland Guardians|Atlanta Braves|114|144|Truist Park|Final|824938
2026-04-13|2026-04-13T20:10:00Z|13:10|16:10|false|R|Houston Astros|Seattle Mariners|117|136|T-Mobile Park|Final|823153
2026-04-13|2026-04-13T22:35:00Z|15:35|18:35|false|R|Arizona Diamondbacks|Baltimore Orioles|109|110|Oriole Park at Camden Yards|Final|824856
2026-04-13|2026-04-13T22:40:00Z|15:40|18:40|false|R|Chicago Cubs|Philadelphia Phillies|112|143|Citizens Bank Park|Final|823481
2026-04-13|2026-04-13T22:40:00Z|15:40|18:40|false|R|Washington Nationals|Pittsburgh Pirates|120|134|PNC Park|Final|823400
2026-04-13|2026-04-13T23:05:00Z|16:05|19:05|false|R|Los Angeles Angels|New York Yankees|108|147|Yankee Stadium|Final|823563
2026-04-13|2026-04-13T23:15:00Z|16:15|19:15|false|R|Miami Marlins|Atlanta Braves|146|144|Truist Park|Final|824937
2026-04-13|2026-04-13T23:40:00Z|16:40|19:40|false|R|Boston Red Sox|Minnesota Twins|111|142|Target Field|Final|823725
2026-04-13|2026-04-13T23:45:00Z|16:45|19:45|false|R|Cleveland Guardians|St. Louis Cardinals|114|138|Busch Stadium|Final|823073
2026-04-13|2026-04-14T01:40:00Z|18:40|21:40|false|R|Texas Rangers|Athletics|140|133|Sutter Health Park|Final|825024
2026-04-13|2026-04-14T02:10:00Z|19:10|22:10|false|R|New York Mets|Los Angeles Dodgers|121|119|UNIQLO Field at Dodger Stadium|Final|823964
2026-04-14|2026-04-14T22:35:00Z|15:35|18:35|false|R|Arizona Diamondbacks|Baltimore Orioles|109|110|Oriole Park at Camden Yards|Final|824853
2026-04-14|2026-04-14T22:40:00Z|15:40|18:40|false|R|Chicago Cubs|Philadelphia Phillies|112|143|Citizens Bank Park|Final|823478
2026-04-14|2026-04-14T22:40:00Z|15:40|18:40|false|R|Kansas City Royals|Detroit Tigers|118|116|Comerica Park|Final|824292
2026-04-14|2026-04-14T22:40:00Z|15:40|18:40|false|R|San Francisco Giants|Cincinnati Reds|137|113|Great American Ball Park|Final|824531
2026-04-14|2026-04-14T22:40:00Z|15:40|18:40|false|R|Washington Nationals|Pittsburgh Pirates|120|134|PNC Park|Final|823398
2026-04-14|2026-04-14T23:05:00Z|16:05|19:05|false|R|Los Angeles Angels|New York Yankees|108|147|Yankee Stadium|Final|823562
2026-04-14|2026-04-14T23:15:00Z|16:15|19:15|false|R|Miami Marlins|Atlanta Braves|146|144|Truist Park|Final|824935
2026-04-14|2026-04-14T23:40:00Z|16:40|19:40|false|R|Boston Red Sox|Minnesota Twins|111|142|Target Field|Final|823723
2026-04-14|2026-04-14T23:40:00Z|16:40|19:40|false|R|Tampa Bay Rays|Chicago White Sox|139|145|Rate Field|Final|824616
2026-04-14|2026-04-14T23:40:00Z|16:40|19:40|false|R|Toronto Blue Jays|Milwaukee Brewers|141|158|American Family Field|Final|823802
2026-04-14|2026-04-14T23:45:00Z|16:45|19:45|false|R|Cleveland Guardians|St. Louis Cardinals|114|138|Busch Stadium|Final|823072
2026-04-14|2026-04-15T00:10:00Z|17:10|20:10|false|R|Colorado Rockies|Houston Astros|115|117|Daikin Park|Final|824210
2026-04-14|2026-04-15T01:40:00Z|18:40|21:40|false|R|Seattle Mariners|San Diego Padres|136|135|Petco Park|Final|823315
2026-04-14|2026-04-15T01:40:00Z|18:40|21:40|false|R|Texas Rangers|Athletics|140|133|Sutter Health Park|Final|825022
2026-04-14|2026-04-15T02:10:00Z|19:10|22:10|false|R|New York Mets|Los Angeles Dodgers|121|119|UNIQLO Field at Dodger Stadium|Final|823965
2026-04-15|2026-04-15T16:35:00Z|09:35|12:35|false|R|Arizona Diamondbacks|Baltimore Orioles|109|110|Oriole Park at Camden Yards|Final|824855
2026-04-15|2026-04-15T17:15:00Z|10:15|13:15|false|R|Cleveland Guardians|St. Louis Cardinals|114|138|Busch Stadium|Final|823071
2026-04-15|2026-04-15T17:40:00Z|10:40|13:40|false|R|Boston Red Sox|Minnesota Twins|111|142|Target Field|Final|823722
2026-04-15|2026-04-15T22:40:00Z|15:40|18:40|false|R|Chicago Cubs|Philadelphia Phillies|112|143|Citizens Bank Park|Final|823477
2026-04-15|2026-04-15T22:40:00Z|15:40|18:40|false|R|Kansas City Royals|Detroit Tigers|118|116|Comerica Park|Final|824291
2026-04-15|2026-04-15T22:40:00Z|15:40|18:40|false|R|San Francisco Giants|Cincinnati Reds|137|113|Great American Ball Park|Final|824532
2026-04-15|2026-04-15T22:40:00Z|15:40|18:40|false|R|Washington Nationals|Pittsburgh Pirates|120|134|PNC Park|Final|823399
2026-04-15|2026-04-15T23:05:00Z|16:05|19:05|false|R|Los Angeles Angels|New York Yankees|108|147|Yankee Stadium|Final|823561
2026-04-15|2026-04-15T23:15:00Z|16:15|19:15|false|R|Miami Marlins|Atlanta Braves|146|144|Truist Park|Final|824936
2026-04-15|2026-04-15T23:40:00Z|16:40|19:40|false|R|Tampa Bay Rays|Chicago White Sox|139|145|Rate Field|Final|824615
2026-04-15|2026-04-15T23:40:00Z|16:40|19:40|false|R|Toronto Blue Jays|Milwaukee Brewers|141|158|American Family Field|Final|823803
2026-04-15|2026-04-16T00:10:00Z|17:10|20:10|false|R|Colorado Rockies|Houston Astros|115|117|Daikin Park|Final|824209
2026-04-15|2026-04-16T01:40:00Z|18:40|21:40|false|R|Seattle Mariners|San Diego Padres|136|135|Petco Park|Final|823314
2026-04-15|2026-04-16T01:40:00Z|18:40|21:40|false|R|Texas Rangers|Athletics|140|133|Sutter Health Park|Final|825021
2026-04-15|2026-04-16T02:10:00Z|19:10|22:10|false|R|New York Mets|Los Angeles Dodgers|121|119|UNIQLO Field at Dodger Stadium|Final|823963
2026-04-16|2026-04-16T16:35:00Z|09:35|12:35|false|R|Washington Nationals|Pittsburgh Pirates|120|134|PNC Park|Final|823396
2026-04-16|2026-04-16T16:40:00Z|09:40|12:40|false|R|San Francisco Giants|Cincinnati Reds|137|113|Great American Ball Park|Final|824530
2026-04-16|2026-04-16T17:10:00Z|10:10|13:10|false|R|Kansas City Royals|Detroit Tigers|118|116|Comerica Park|Final|824289
2026-04-16|2026-04-16T17:35:00Z|10:35|13:35|false|R|Los Angeles Angels|New York Yankees|108|147|Yankee Stadium|Final|823560
2026-04-16|2026-04-16T17:40:00Z|10:40|13:40|false|R|Toronto Blue Jays|Milwaukee Brewers|141|158|American Family Field|Final|823801
2026-04-16|2026-04-16T18:10:00Z|11:10|14:10|false|R|Tampa Bay Rays|Chicago White Sox|139|145|Rate Field|Final|824614
2026-04-16|2026-04-16T19:05:00Z|12:05|15:05|false|R|Texas Rangers|Athletics|140|133|Sutter Health Park|Final|825023
2026-04-16|2026-04-16T22:10:00Z|15:10|18:10|false|R|Baltimore Orioles|Cleveland Guardians|110|114|Progressive Field|Final|824453
2026-04-16|2026-04-17T00:10:00Z|17:10|20:10|false|R|Colorado Rockies|Houston Astros|115|117|Daikin Park|Final|824208
2026-04-16|2026-04-17T00:40:00Z|17:40|20:40|false|R|Seattle Mariners|San Diego Padres|136|135|Petco Park|Final|823313
2026-04-17|2026-04-17T18:20:00Z|11:20|14:20|false|R|New York Mets|Chicago Cubs|121|112|Wrigley Field|Final|824693
2026-04-17|2026-04-17T22:10:00Z|15:10|18:10|false|R|Baltimore Orioles|Cleveland Guardians|110|114|Progressive Field|Final|824454
2026-04-17|2026-04-17T22:40:00Z|15:40|18:40|false|R|Atlanta Braves|Philadelphia Phillies|144|143|Citizens Bank Park|Final|823476
2026-04-17|2026-04-17T22:45:00Z|15:45|18:45|false|R|San Francisco Giants|Washington Nationals|137|120|Nationals Park|Final|822752
2026-04-17|2026-04-17T22:45:00Z|15:45|18:45|false|R|Tampa Bay Rays|Pittsburgh Pirates|139|134|PNC Park|Final|823397
2026-04-17|2026-04-17T23:05:00Z|16:05|19:05|false|R|Kansas City Royals|New York Yankees|118|147|Yankee Stadium|Final|823559
2026-04-17|2026-04-17T23:10:00Z|16:10|19:10|false|R|Milwaukee Brewers|Miami Marlins|158|146|loanDepot park|Final|823883
2026-04-17|2026-04-17T23:15:00Z|16:15|19:15|false|R|Detroit Tigers|Boston Red Sox|116|111|Fenway Park|Final|824778
2026-04-17|2026-04-18T00:10:00Z|17:10|20:10|false|R|Cincinnati Reds|Minnesota Twins|113|142|Target Field|Final|823720
2026-04-17|2026-04-18T00:10:00Z|17:10|20:10|false|R|St. Louis Cardinals|Houston Astros|138|117|Daikin Park|Final|824207
2026-04-17|2026-04-18T00:40:00Z|17:40|20:40|false|R|Los Angeles Dodgers|Colorado Rockies|119|115|Coors Field|Final|824373
2026-04-17|2026-04-18T01:38:00Z|18:38|21:38|false|R|San Diego Padres|Los Angeles Angels|135|108|Angel Stadium|Final|824048
2026-04-17|2026-04-18T01:40:00Z|18:40|21:40|false|R|Chicago White Sox|Athletics|145|133|Sutter Health Park|Final|825019
2026-04-17|2026-04-18T01:40:00Z|18:40|21:40|false|R|Texas Rangers|Seattle Mariners|140|136|T-Mobile Park|Final|823152
2026-04-17|2026-04-18T01:40:00Z|18:40|21:40|false|R|Toronto Blue Jays|Arizona Diamondbacks|141|109|Chase Field|Final|825101
2026-04-18|2026-04-18T17:35:00Z|10:35|13:35|false|R|Kansas City Royals|New York Yankees|118|147|Yankee Stadium|Final|823558
2026-04-18|2026-04-18T18:10:00Z|11:10|14:10|false|R|Cincinnati Reds|Minnesota Twins|113|142|Target Field|Final|823721
2026-04-18|2026-04-18T18:20:00Z|11:20|14:20|false|R|New York Mets|Chicago Cubs|121|112|Wrigley Field|Final|824694
2026-04-18|2026-04-18T19:30:00Z|12:30|15:30|false|R|Tampa Bay Rays|Pittsburgh Pirates|139|134|PNC Park|Final|823394
2026-04-18|2026-04-18T20:05:00Z|13:05|16:05|false|R|Chicago White Sox|Athletics|145|133|Sutter Health Park|Final|825020
2026-04-18|2026-04-18T20:05:00Z|13:05|16:05|false|R|San Francisco Giants|Washington Nationals|137|120|Nationals Park|Final|822751
2026-04-18|2026-04-18T20:10:00Z|13:10|16:10|false|R|Detroit Tigers|Boston Red Sox|116|111|Fenway Park|Final|824775
2026-04-18|2026-04-18T20:10:00Z|13:10|16:10|false|R|Milwaukee Brewers|Miami Marlins|158|146|loanDepot park|Final|823882
2026-04-18|2026-04-18T22:10:00Z|15:10|18:10|false|R|Baltimore Orioles|Cleveland Guardians|110|114|Progressive Field|Final|824451
2026-04-18|2026-04-18T23:10:00Z|16:10|19:10|false|R|St. Louis Cardinals|Houston Astros|138|117|Daikin Park|Final|824206
2026-04-18|2026-04-18T23:15:00Z|16:15|19:15|false|R|Atlanta Braves|Philadelphia Phillies|144|143|Citizens Bank Park|Final|823474
2026-04-18|2026-04-18T23:15:00Z|16:15|19:15|false|R|Texas Rangers|Seattle Mariners|140|136|T-Mobile Park|Final|823151
2026-04-18|2026-04-19T00:10:00Z|17:10|20:10|false|R|Los Angeles Dodgers|Colorado Rockies|119|115|Coors Field|Final|824372
2026-04-18|2026-04-19T00:10:00Z|17:10|20:10|false|R|Toronto Blue Jays|Arizona Diamondbacks|141|109|Chase Field|Final|825098
2026-04-18|2026-04-19T01:38:00Z|18:38|21:38|false|R|San Diego Padres|Los Angeles Angels|135|108|Angel Stadium|Final|824049
2026-04-19|2026-04-19T17:35:00Z|10:35|13:35|false|R|Kansas City Royals|New York Yankees|118|147|Yankee Stadium|Final|823556
2026-04-19|2026-04-19T17:35:00Z|10:35|13:35|false|R|San Francisco Giants|Washington Nationals|137|120|Nationals Park|Final|822750
2026-04-19|2026-04-19T17:35:00Z|10:35|13:35|false|R|Tampa Bay Rays|Pittsburgh Pirates|139|134|PNC Park|Final|823393
2026-04-19|2026-04-19T17:40:00Z|10:40|13:40|false|R|Baltimore Orioles|Cleveland Guardians|110|114|Progressive Field|Final|824452
2026-04-19|2026-04-19T17:40:00Z|10:40|13:40|false|R|Milwaukee Brewers|Miami Marlins|158|146|loanDepot park|Final|823881
2026-04-19|2026-04-19T18:10:00Z|11:10|14:10|false|R|Cincinnati Reds|Minnesota Twins|113|142|Target Field|Final|823718
2026-04-19|2026-04-19T18:10:00Z|11:10|14:10|false|R|St. Louis Cardinals|Houston Astros|138|117|Daikin Park|Final|824205
2026-04-19|2026-04-19T18:20:00Z|11:20|14:20|false|R|New York Mets|Chicago Cubs|121|112|Wrigley Field|Final|824691
2026-04-19|2026-04-19T19:10:00Z|12:10|15:10|false|R|Los Angeles Dodgers|Colorado Rockies|119|115|Coors Field|Final|824371
2026-04-19|2026-04-19T20:05:00Z|13:05|16:05|false|R|Chicago White Sox|Athletics|145|133|Sutter Health Park|Final|825018
2026-04-19|2026-04-19T20:07:00Z|13:07|16:07|false|R|San Diego Padres|Los Angeles Angels|135|108|Angel Stadium|Final|824047
2026-04-19|2026-04-19T20:10:00Z|13:10|16:10|false|R|Texas Rangers|Seattle Mariners|140|136|T-Mobile Park|Final|823150
2026-04-19|2026-04-19T20:10:00Z|13:10|16:10|false|R|Toronto Blue Jays|Arizona Diamondbacks|141|109|Chase Field|Final|825100
2026-04-19|2026-04-19T20:35:00Z|13:35|16:35|false|R|Detroit Tigers|Boston Red Sox|116|111|Fenway Park|Final|824777
2026-04-19|2026-04-19T23:20:00Z|16:20|19:20|false|R|Atlanta Braves|Philadelphia Phillies|144|143|Citizens Bank Park|Final|823475
2026-04-20|2026-04-20T15:10:00Z|08:10|11:10|false|R|Detroit Tigers|Boston Red Sox|116|111|Fenway Park|Final|824776
2026-04-20|2026-04-20T22:10:00Z|15:10|18:10|false|R|Houston Astros|Cleveland Guardians|117|114|Progressive Field|Final|824450
2026-04-20|2026-04-20T22:40:00Z|15:40|18:40|false|R|Cincinnati Reds|Tampa Bay Rays|113|139|Tropicana Field|Final|822994
2026-04-20|2026-04-20T22:40:00Z|15:40|18:40|false|R|St. Louis Cardinals|Miami Marlins|138|146|loanDepot park|Final|823879
2026-04-20|2026-04-20T22:45:00Z|15:45|18:45|false|R|Atlanta Braves|Washington Nationals|144|120|Nationals Park|Final|822749
2026-04-20|2026-04-20T23:40:00Z|16:40|19:40|false|R|Baltimore Orioles|Kansas City Royals|110|118|Kauffman Stadium|Final|824125
2026-04-20|2026-04-20T23:40:00Z|16:40|19:40|false|R|Philadelphia Phillies|Chicago Cubs|143|112|Wrigley Field|Final|824692
2026-04-20|2026-04-21T00:40:00Z|17:40|20:40|false|R|Los Angeles Dodgers|Colorado Rockies|119|115|Coors Field|Final|824370
2026-04-20|2026-04-21T01:38:00Z|18:38|21:38|false|R|Toronto Blue Jays|Los Angeles Angels|141|108|Angel Stadium|Final|824046
2026-04-20|2026-04-21T01:40:00Z|18:40|21:40|false|R|Athletics|Seattle Mariners|133|136|T-Mobile Park|Final|823149
2026-04-21|2026-04-21T22:10:00Z|15:10|18:10|false|R|Houston Astros|Cleveland Guardians|117|114|Progressive Field|Final|824448
2026-04-21|2026-04-21T22:40:00Z|15:40|18:40|false|R|Cincinnati Reds|Tampa Bay Rays|113|139|Tropicana Field|Final|822995
2026-04-21|2026-04-21T22:40:00Z|15:40|18:40|false|R|Milwaukee Brewers|Detroit Tigers|158|116|Comerica Park|Final|824290
2026-04-21|2026-04-21T22:40:00Z|15:40|18:40|false|R|St. Louis Cardinals|Miami Marlins|138|146|loanDepot park|Final|823880
2026-04-21|2026-04-21T22:45:00Z|15:45|18:45|false|R|Atlanta Braves|Washington Nationals|144|120|Nationals Park|Final|822747
2026-04-21|2026-04-21T22:45:00Z|15:45|18:45|false|R|New York Yankees|Boston Red Sox|147|111|Fenway Park|Final|824773
2026-04-21|2026-04-21T23:10:00Z|16:10|19:10|false|R|Minnesota Twins|New York Mets|142|121|Citi Field|Final|823640
2026-04-21|2026-04-21T23:40:00Z|16:40|19:40|false|R|Baltimore Orioles|Kansas City Royals|110|118|Kauffman Stadium|Final|824127
2026-04-21|2026-04-21T23:40:00Z|16:40|19:40|false|R|Philadelphia Phillies|Chicago Cubs|143|112|Wrigley Field|Final|824690
2026-04-21|2026-04-22T00:05:00Z|17:05|20:05|false|R|Pittsburgh Pirates|Texas Rangers|134|140|Globe Life Field|Final|822914
2026-04-21|2026-04-22T00:40:00Z|17:40|20:40|false|R|San Diego Padres|Colorado Rockies|135|115|Coors Field|Final|824369
2026-04-21|2026-04-22T01:38:00Z|18:38|21:38|false|R|Toronto Blue Jays|Los Angeles Angels|141|108|Angel Stadium|Final|824045
2026-04-21|2026-04-22T01:40:00Z|18:40|21:40|false|R|Athletics|Seattle Mariners|133|136|T-Mobile Park|Final|823148
2026-04-21|2026-04-22T01:40:00Z|18:40|21:40|false|R|Chicago White Sox|Arizona Diamondbacks|145|109|Chase Field|Final|825099
2026-04-21|2026-04-22T01:45:00Z|18:45|21:45|false|R|Los Angeles Dodgers|San Francisco Giants|119|137|Oracle Park|Final|823236
2026-04-22|2026-04-22T16:10:00Z|09:10|12:10|false|R|St. Louis Cardinals|Miami Marlins|138|146|loanDepot park|Final|823878
2026-04-22|2026-04-22T17:10:00Z|10:10|13:10|false|R|Cincinnati Reds|Tampa Bay Rays|113|139|Tropicana Field|Final|822993
2026-04-22|2026-04-22T17:10:00Z|10:10|13:10|false|R|Houston Astros|Cleveland Guardians|117|114|Progressive Field|Final|824449
2026-04-22|2026-04-22T18:10:00Z|11:10|14:10|false|R|Baltimore Orioles|Kansas City Royals|110|118|Kauffman Stadium|Final|824123
2026-04-22|2026-04-22T19:07:00Z|12:07|15:07|false|R|Toronto Blue Jays|Los Angeles Angels|141|108|Angel Stadium|Final|824044
2026-04-22|2026-04-22T20:10:00Z|13:10|16:10|false|R|Athletics|Seattle Mariners|133|136|T-Mobile Park|Final|823147
2026-04-22|2026-04-22T22:40:00Z|15:40|18:40|false|R|Milwaukee Brewers|Detroit Tigers|158|116|Comerica Park|Final|824286
2026-04-22|2026-04-22T22:45:00Z|15:45|18:45|false|R|Atlanta Braves|Washington Nationals|144|120|Nationals Park|Final|822748
2026-04-22|2026-04-22T22:45:00Z|15:45|18:45|false|R|New York Yankees|Boston Red Sox|147|111|Fenway Park|Final|824774
2026-04-22|2026-04-22T23:10:00Z|16:10|19:10|false|R|Minnesota Twins|New York Mets|142|121|Citi Field|Final|823641
2026-04-22|2026-04-22T23:40:00Z|16:40|19:40|false|R|Philadelphia Phillies|Chicago Cubs|143|112|Wrigley Field|Final|824688
2026-04-22|2026-04-23T00:05:00Z|17:05|20:05|false|R|Pittsburgh Pirates|Texas Rangers|134|140|Globe Life Field|Final|822913
2026-04-22|2026-04-23T00:40:00Z|17:40|20:40|false|R|San Diego Padres|Colorado Rockies|135|115|Coors Field|Final|824367
2026-04-22|2026-04-23T01:40:00Z|18:40|21:40|false|R|Chicago White Sox|Arizona Diamondbacks|145|109|Chase Field|Final|825097
2026-04-22|2026-04-23T01:45:00Z|18:45|21:45|false|R|Los Angeles Dodgers|San Francisco Giants|119|137|Oracle Park|Final|823231
2026-04-23|2026-04-23T17:05:00Z|10:05|13:05|false|R|Atlanta Braves|Washington Nationals|144|120|Nationals Park|Final|822745
2026-04-23|2026-04-23T17:10:00Z|10:10|13:10|false|R|Milwaukee Brewers|Detroit Tigers|158|116|Comerica Park|Final|824288
2026-04-23|2026-04-23T18:20:00Z|11:20|14:20|false|R|Philadelphia Phillies|Chicago Cubs|143|112|Wrigley Field|Final|824689
2026-04-23|2026-04-23T19:10:00Z|12:10|15:10|false|R|San Diego Padres|Colorado Rockies|135|115|Coors Field|Final|824368
2026-04-23|2026-04-23T19:40:00Z|12:40|15:40|false|R|Chicago White Sox|Arizona Diamondbacks|145|109|Chase Field|Final|825096
2026-04-23|2026-04-23T19:45:00Z|12:45|15:45|false|R|Los Angeles Dodgers|San Francisco Giants|119|137|Oracle Park|Final|823233
2026-04-23|2026-04-23T22:10:00Z|15:10|18:10|false|R|New York Yankees|Boston Red Sox|147|111|Fenway Park|Final|824770
2026-04-23|2026-04-23T23:10:00Z|16:10|19:10|false|R|Minnesota Twins|New York Mets|142|121|Citi Field|Final|823639
2026-04-23|2026-04-24T00:05:00Z|17:05|20:05|false|R|Pittsburgh Pirates|Texas Rangers|134|140|Globe Life Field|Final|822912
2026-04-24|2026-04-24T22:40:00Z|15:40|18:40|false|R|Detroit Tigers|Cincinnati Reds|116|113|Great American Ball Park|Final|824529
2026-04-24|2026-04-24T23:05:00Z|16:05|19:05|false|R|Boston Red Sox|Baltimore Orioles|111|110|Oriole Park at Camden Yards|Final|824854
2026-04-24|2026-04-24T23:07:00Z|16:07|19:07|false|R|Cleveland Guardians|Toronto Blue Jays|114|141|Rogers Centre|Final|822827
2026-04-24|2026-04-24T23:10:00Z|16:10|19:10|false|R|Colorado Rockies|New York Mets|115|121|Citi Field|Final|823638
2026-04-24|2026-04-24T23:10:00Z|16:10|19:10|false|R|Minnesota Twins|Tampa Bay Rays|142|139|Tropicana Field|Final|822992
2026-04-24|2026-04-24T23:15:00Z|16:15|19:15|false|R|Philadelphia Phillies|Atlanta Braves|143|144|Truist Park|Final|824932
2026-04-24|2026-04-24T23:40:00Z|16:40|19:40|false|R|Los Angeles Angels|Kansas City Royals|108|118|Kauffman Stadium|Final|824124
2026-04-24|2026-04-24T23:40:00Z|16:40|19:40|false|R|Pittsburgh Pirates|Milwaukee Brewers|134|158|American Family Field|Final|823800
2026-04-24|2026-04-24T23:40:00Z|16:40|19:40|false|R|Washington Nationals|Chicago White Sox|120|145|Rate Field|Final|824611
2026-04-24|2026-04-25T00:05:00Z|17:05|20:05|false|R|Athletics|Texas Rangers|133|140|Globe Life Field|Final|822909
2026-04-24|2026-04-25T00:10:00Z|17:10|20:10|false|R|New York Yankees|Houston Astros|147|117|Daikin Park|Final|824204
2026-04-24|2026-04-25T00:15:00Z|17:15|20:15|false|R|Seattle Mariners|St. Louis Cardinals|136|138|Busch Stadium|Final|823069
2026-04-24|2026-04-25T02:15:00Z|19:15|22:15|false|R|Chicago Cubs|Los Angeles Dodgers|112|119|UNIQLO Field at Dodger Stadium|Final|823962
2026-04-24|2026-04-25T02:15:00Z|19:15|22:15|false|R|Miami Marlins|San Francisco Giants|146|137|Oracle Park|Final|823232
2026-04-25|2026-04-25T16:05:00Z|09:05|12:05|false|R|Boston Red Sox|Baltimore Orioles|111|110|Oriole Park at Camden Yards|Final|824851
2026-04-25|2026-04-25T18:15:00Z|11:15|14:15|false|R|Seattle Mariners|St. Louis Cardinals|136|138|Busch Stadium|Final|823070
2026-04-25|2026-04-25T19:07:00Z|12:07|15:07|false|R|Cleveland Guardians|Toronto Blue Jays|114|141|Rogers Centre|Final|822826
2026-04-25|2026-04-25T20:05:00Z|13:05|16:05|false|R|Miami Marlins|San Francisco Giants|146|137|Oracle Park|Final|823229
2026-04-25|2026-04-25T20:10:00Z|13:10|16:10|false|R|Colorado Rockies|New York Mets|115|121|Citi Field|Postponed|823637
2026-04-25|2026-04-25T20:10:00Z|13:10|16:10|false|R|Minnesota Twins|Tampa Bay Rays|142|139|Tropicana Field|Final|822989
2026-04-25|2026-04-25T20:10:00Z|13:10|16:10|false|R|Washington Nationals|Chicago White Sox|120|145|Rate Field|Final|824613
2026-04-25|2026-04-25T22:05:00Z|15:05|18:05|false|R|San Diego Padres|Arizona Diamondbacks|135|109|Estadio Alfredo Harp Helu|Final|825093
2026-04-25|2026-04-25T23:05:00Z|16:05|19:05|false|R|Athletics|Texas Rangers|133|140|Globe Life Field|Final|822910
2026-04-25|2026-04-25T23:10:00Z|16:10|19:10|false|R|Los Angeles Angels|Kansas City Royals|108|118|Kauffman Stadium|Final|824121
2026-04-25|2026-04-25T23:10:00Z|16:10|19:10|false|R|New York Yankees|Houston Astros|147|117|Daikin Park|Final|824203
2026-04-25|2026-04-25T23:10:00Z|16:10|19:10|false|R|Pittsburgh Pirates|Milwaukee Brewers|134|158|American Family Field|Final|823799
2026-04-25|2026-04-25T23:15:00Z|16:15|19:15|false|R|Chicago Cubs|Los Angeles Dodgers|112|119|UNIQLO Field at Dodger Stadium|Final|823960
2026-04-25|2026-04-25T23:15:00Z|16:15|19:15|false|R|Detroit Tigers|Cincinnati Reds|116|113|Great American Ball Park|Final|824527
2026-04-25|2026-04-25T23:15:00Z|16:15|19:15|false|R|Philadelphia Phillies|Atlanta Braves|143|144|Truist Park|Final|824933
2026-04-26|2026-04-26T17:35:00Z|10:35|13:35|false|R|Boston Red Sox|Baltimore Orioles|111|110|Oriole Park at Camden Yards|Final|824852
2026-04-26|2026-04-26T17:35:00Z|10:35|13:35|false|R|Philadelphia Phillies|Atlanta Braves|143|144|Truist Park|Final|824934
2026-04-26|2026-04-26T17:37:00Z|10:37|13:37|false|R|Cleveland Guardians|Toronto Blue Jays|114|141|Rogers Centre|Final|822824
2026-04-26|2026-04-26T17:40:00Z|10:40|13:40|false|R|Colorado Rockies|New York Mets|115|121|Citi Field|Final|823635
2026-04-26|2026-04-26T17:40:00Z|10:40|13:40|false|R|Detroit Tigers|Cincinnati Reds|116|113|Great American Ball Park|Final|824528
2026-04-26|2026-04-26T17:40:00Z|10:40|13:40|false|R|Minnesota Twins|Tampa Bay Rays|142|139|Tropicana Field|Final|822991
2026-04-26|2026-04-26T18:10:00Z|11:10|14:10|false|R|New York Yankees|Houston Astros|147|117|Daikin Park|Final|824202
2026-04-26|2026-04-26T18:10:00Z|11:10|14:10|false|R|Pittsburgh Pirates|Milwaukee Brewers|134|158|American Family Field|Final|823797
2026-04-26|2026-04-26T18:10:00Z|11:10|14:10|false|R|Washington Nationals|Chicago White Sox|120|145|Rate Field|Final|824612
2026-04-26|2026-04-26T18:15:00Z|11:15|14:15|false|R|Seattle Mariners|St. Louis Cardinals|136|138|Busch Stadium|Final|823068
2026-04-26|2026-04-26T18:35:00Z|11:35|14:35|false|R|Athletics|Texas Rangers|133|140|Globe Life Field|Final|822911
2026-04-26|2026-04-26T20:05:00Z|13:05|16:05|false|R|Miami Marlins|San Francisco Giants|146|137|Oracle Park|Final|823230
2026-04-26|2026-04-26T20:05:00Z|13:05|16:05|false|R|San Diego Padres|Arizona Diamondbacks|135|109|Estadio Alfredo Harp Helu|Final|825094
2026-04-26|2026-04-26T20:10:00Z|13:10|16:10|false|R|Chicago Cubs|Los Angeles Dodgers|112|119|UNIQLO Field at Dodger Stadium|Final|823959
2026-04-26|2026-04-26T20:10:00Z|13:10|16:10|false|R|Los Angeles Angels|Kansas City Royals|108|118|Kauffman Stadium|Final|824122
2026-04-27|2026-04-27T22:10:00Z|15:10|18:10|false|R|Tampa Bay Rays|Cleveland Guardians|139|114|Progressive Field|Final|824446
2026-04-27|2026-04-27T22:40:00Z|15:40|18:40|false|R|St. Louis Cardinals|Pittsburgh Pirates|138|134|PNC Park|Final|823395
2026-04-27|2026-04-27T23:07:00Z|16:07|19:07|false|R|Boston Red Sox|Toronto Blue Jays|111|141|Rogers Centre|Final|822825
2026-04-27|2026-04-27T23:40:00Z|16:40|19:40|false|R|Los Angeles Angels|Chicago White Sox|108|145|Rate Field|Final|824609
2026-04-27|2026-04-27T23:40:00Z|16:40|19:40|false|R|Seattle Mariners|Minnesota Twins|136|142|Target Field|Final|823719
2026-04-27|2026-04-28T00:05:00Z|17:05|20:05|false|R|New York Yankees|Texas Rangers|147|140|Globe Life Field|Final|822906
2026-04-27|2026-04-28T01:40:00Z|18:40|21:40|false|R|Chicago Cubs|San Diego Padres|112|135|Petco Park|Final|823311
2026-04-27|2026-04-28T02:10:00Z|19:10|22:10|false|R|Miami Marlins|Los Angeles Dodgers|146|119|UNIQLO Field at Dodger Stadium|Final|823961
2026-04-28|2026-04-28T22:10:00Z|15:10|18:10|false|R|Tampa Bay Rays|Cleveland Guardians|139|114|Progressive Field|Final|824447
2026-04-28|2026-04-28T22:35:00Z|15:35|18:35|false|R|Houston Astros|Baltimore Orioles|117|110|Oriole Park at Camden Yards|Final|824849
2026-04-28|2026-04-28T22:40:00Z|15:40|18:40|false|R|Colorado Rockies|Cincinnati Reds|115|113|Great American Ball Park|Final|824526
2026-04-28|2026-04-28T22:40:00Z|15:40|18:40|false|R|San Francisco Giants|Philadelphia Phillies|137|143|Citizens Bank Park|Final|823473
2026-04-28|2026-04-28T22:40:00Z|15:40|18:40|false|R|St. Louis Cardinals|Pittsburgh Pirates|138|134|PNC Park|Final|823390
2026-04-28|2026-04-28T23:07:00Z|16:07|19:07|false|R|Boston Red Sox|Toronto Blue Jays|111|141|Rogers Centre|Final|822823
2026-04-28|2026-04-28T23:10:00Z|16:10|19:10|false|R|Washington Nationals|New York Mets|120|121|Citi Field|Final|823636
2026-04-28|2026-04-28T23:15:00Z|16:15|19:15|false|R|Detroit Tigers|Atlanta Braves|116|144|Truist Park|Final|824931
2026-04-28|2026-04-28T23:40:00Z|16:40|19:40|false|R|Arizona Diamondbacks|Milwaukee Brewers|109|158|American Family Field|Final|823798
2026-04-28|2026-04-28T23:40:00Z|16:40|19:40|false|R|Los Angeles Angels|Chicago White Sox|108|145|Rate Field|Final|824610
2026-04-28|2026-04-28T23:40:00Z|16:40|19:40|false|R|Seattle Mariners|Minnesota Twins|136|142|Target Field|Final|823716
2026-04-28|2026-04-29T00:05:00Z|17:05|20:05|false|R|New York Yankees|Texas Rangers|147|140|Globe Life Field|Final|822908
2026-04-28|2026-04-29T01:40:00Z|18:40|21:40|false|R|Chicago Cubs|San Diego Padres|112|135|Petco Park|Final|823310
2026-04-28|2026-04-29T01:40:00Z|18:40|21:40|false|R|Kansas City Royals|Athletics|118|133|Sutter Health Park|Final|825017
2026-04-28|2026-04-29T02:10:00Z|19:10|22:10|false|R|Miami Marlins|Los Angeles Dodgers|146|119|UNIQLO Field at Dodger Stadium|Final|823956
2026-04-29|2026-04-29T17:10:00Z|10:10|13:10|false|R|Los Angeles Angels|Chicago White Sox|108|145|Rate Field|Final|824608
2026-04-29|2026-04-29T17:10:00Z|10:10|13:10|false|R|Tampa Bay Rays|Cleveland Guardians|139|114|Progressive Field|Final|824445
2026-04-29|2026-04-29T17:40:00Z|10:40|13:40|false|R|Seattle Mariners|Minnesota Twins|136|142|Target Field|Final|823717
2026-04-29|2026-04-29T18:35:00Z|11:35|14:35|false|R|New York Yankees|Texas Rangers|147|140|Globe Life Field|Final|822907
2026-04-29|2026-04-29T19:07:00Z|12:07|15:07|false|R|Boston Red Sox|Toronto Blue Jays|111|141|Rogers Centre|Final|822821
2026-04-29|2026-04-29T19:10:00Z|12:10|15:10|false|R|Miami Marlins|Los Angeles Dodgers|146|119|UNIQLO Field at Dodger Stadium|Final|823958
2026-04-29|2026-04-29T20:10:00Z|13:10|16:10|false|R|Chicago Cubs|San Diego Padres|112|135|Petco Park|Final|823312
2026-04-29|2026-04-29T22:10:00Z|15:10|18:10|false|R|San Francisco Giants|Philadelphia Phillies|137|143|Citizens Bank Park|Postponed|823471
2026-04-29|2026-04-29T22:35:00Z|15:35|18:35|false|R|Houston Astros|Baltimore Orioles|117|110|Oriole Park at Camden Yards|Postponed|824850
2026-04-29|2026-04-29T22:40:00Z|15:40|18:40|false|R|Colorado Rockies|Cincinnati Reds|115|113|Great American Ball Park|Final|824525
2026-04-29|2026-04-29T22:40:00Z|15:40|18:40|false|R|St. Louis Cardinals|Pittsburgh Pirates|138|134|PNC Park|Final|823392
2026-04-29|2026-04-29T23:10:00Z|16:10|19:10|false|R|Washington Nationals|New York Mets|120|121|Citi Field|Final|823633
2026-04-29|2026-04-29T23:15:00Z|16:15|19:15|false|R|Detroit Tigers|Atlanta Braves|116|144|Truist Park|Final|824930
2026-04-29|2026-04-29T23:40:00Z|16:40|19:40|false|R|Arizona Diamondbacks|Milwaukee Brewers|109|158|American Family Field|Final|823796
2026-04-29|2026-04-30T01:40:00Z|18:40|21:40|false|R|Kansas City Royals|Athletics|118|133|Sutter Health Park|Final|825015
2026-04-30|2026-04-30T16:15:00Z|09:15|12:15|false|R|Detroit Tigers|Atlanta Braves|116|144|Truist Park|Final|824929
2026-04-30|2026-04-30T16:35:00Z|09:35|12:35|false|R|Houston Astros|Baltimore Orioles|117|110|Oriole Park at Camden Yards|Final|824848
2026-04-30|2026-04-30T16:35:00Z|09:35|12:35|false|R|San Francisco Giants|Philadelphia Phillies|137|143|Citizens Bank Park|Final|823472
2026-04-30|2026-04-30T16:35:00Z|09:35|12:35|false|R|St. Louis Cardinals|Pittsburgh Pirates|138|134|PNC Park|Final|823391
2026-04-30|2026-04-30T16:40:00Z|09:40|12:40|false|R|Colorado Rockies|Cincinnati Reds|115|113|Great American Ball Park|Final|824524
2026-04-30|2026-04-30T17:10:00Z|10:10|13:10|false|R|Washington Nationals|New York Mets|120|121|Citi Field|Final|823634
2026-04-30|2026-04-30T17:40:00Z|10:40|13:40|false|R|Arizona Diamondbacks|Milwaukee Brewers|109|158|American Family Field|Final|823795
2026-04-30|2026-04-30T19:05:00Z|12:05|15:05|false|R|Kansas City Royals|Athletics|118|133|Sutter Health Park|Final|825016
2026-04-30|2026-04-30T23:40:00Z|16:40|19:40|false|R|Toronto Blue Jays|Minnesota Twins|141|142|Target Field|Final|823714
2026-05-01|2026-05-01T18:20:00Z|11:20|14:20|false|R|Arizona Diamondbacks|Chicago Cubs|109|112|Wrigley Field|Final|824686
2026-05-01|2026-05-01T22:40:00Z|15:40|18:40|false|R|Texas Rangers|Detroit Tigers|140|116|Comerica Park|Final|824287
2026-05-01|2026-05-01T22:45:00Z|15:45|18:45|false|R|Cincinnati Reds|Pittsburgh Pirates|113|134|PNC Park|Final|823389
2026-05-01|2026-05-01T22:45:00Z|15:45|18:45|false|R|Milwaukee Brewers|Washington Nationals|158|120|Nationals Park|Final|822744
2026-05-01|2026-05-01T23:05:00Z|16:05|19:05|false|R|Baltimore Orioles|New York Yankees|110|147|Yankee Stadium|Final|823557
2026-05-01|2026-05-01T23:10:00Z|16:10|19:10|false|R|Houston Astros|Boston Red Sox|117|111|Fenway Park|Final|824772
2026-05-01|2026-05-01T23:10:00Z|16:10|19:10|false|R|Philadelphia Phillies|Miami Marlins|143|146|loanDepot park|Final|823877
2026-05-01|2026-05-01T23:10:00Z|16:10|19:10|false|R|San Francisco Giants|Tampa Bay Rays|137|139|Tropicana Field|Final|822990
2026-05-01|2026-05-02T00:10:00Z|17:10|20:10|false|R|Toronto Blue Jays|Minnesota Twins|141|142|Target Field|Final|823713
2026-05-01|2026-05-02T00:15:00Z|17:15|20:15|false|R|Los Angeles Dodgers|St. Louis Cardinals|119|138|Busch Stadium|Final|823066
2026-05-01|2026-05-02T00:40:00Z|17:40|20:40|false|R|Atlanta Braves|Colorado Rockies|144|115|Coors Field|Final|824366
2026-05-01|2026-05-02T01:38:00Z|18:38|21:38|false|R|New York Mets|Los Angeles Angels|121|108|Angel Stadium|Final|824041
2026-05-01|2026-05-02T01:40:00Z|18:40|21:40|false|R|Chicago White Sox|San Diego Padres|145|135|Petco Park|Final|823309
2026-05-01|2026-05-02T01:40:00Z|18:40|21:40|false|R|Cleveland Guardians|Athletics|114|133|Sutter Health Park|Final|825012
2026-05-01|2026-05-02T01:45:00Z|18:45|21:45|false|R|Kansas City Royals|Seattle Mariners|118|136|T-Mobile Park|Final|823146
2026-05-02|2026-05-02T17:35:00Z|10:35|13:35|false|R|Baltimore Orioles|New York Yankees|110|147|Yankee Stadium|Final|823554
2026-05-02|2026-05-02T18:10:00Z|11:10|14:10|false|R|Toronto Blue Jays|Minnesota Twins|141|142|Target Field|Final|823715
2026-05-02|2026-05-02T18:20:00Z|11:20|14:20|false|R|Arizona Diamondbacks|Chicago Cubs|109|112|Wrigley Field|Final|824685
2026-05-02|2026-05-02T20:05:00Z|13:05|16:05|false|R|Cincinnati Reds|Pittsburgh Pirates|113|134|PNC Park|Final|823388
2026-05-02|2026-05-02T20:05:00Z|13:05|16:05|false|R|Cleveland Guardians|Athletics|114|133|Sutter Health Park|Final|825014
2026-05-02|2026-05-02T20:05:00Z|13:05|16:05|false|R|Milwaukee Brewers|Washington Nationals|158|120|Nationals Park|Final|822746
2026-05-02|2026-05-02T20:10:00Z|13:10|16:10|false|R|Houston Astros|Boston Red Sox|117|111|Fenway Park|Final|824771
2026-05-02|2026-05-02T20:10:00Z|13:10|16:10|false|R|Philadelphia Phillies|Miami Marlins|143|146|loanDepot park|Final|823876
2026-05-02|2026-05-02T22:10:00Z|15:10|18:10|false|R|San Francisco Giants|Tampa Bay Rays|137|139|Tropicana Field|Final|822988
2026-05-02|2026-05-02T23:15:00Z|16:15|19:15|false|R|Los Angeles Dodgers|St. Louis Cardinals|119|138|Busch Stadium|Final|823067
2026-05-02|2026-05-02T23:15:00Z|16:15|19:15|false|R|Texas Rangers|Detroit Tigers|140|116|Comerica Park|Final|824284
2026-05-02|2026-05-03T00:10:00Z|17:10|20:10|false|R|Atlanta Braves|Colorado Rockies|144|115|Coors Field|Final|824365
2026-05-02|2026-05-03T00:40:00Z|17:40|20:40|false|R|Chicago White Sox|San Diego Padres|145|135|Petco Park|Final|823308
2026-05-02|2026-05-03T01:38:00Z|18:38|21:38|false|R|New York Mets|Los Angeles Angels|121|108|Angel Stadium|Final|824042
2026-05-02|2026-05-03T01:40:00Z|18:40|21:40|false|R|Kansas City Royals|Seattle Mariners|118|136|T-Mobile Park|Final|823144
2026-05-03|2026-05-03T16:45:00Z|09:45|12:45|false|R|Toronto Blue Jays|Minnesota Twins|141|142|Target Field|Final|823711
2026-05-03|2026-05-03T17:35:00Z|10:35|13:35|false|R|Baltimore Orioles|New York Yankees|110|147|Yankee Stadium|Final|823555
2026-05-03|2026-05-03T17:35:00Z|10:35|13:35|false|R|Cincinnati Reds|Pittsburgh Pirates|113|134|PNC Park|Final|823387
2026-05-03|2026-05-03T17:35:00Z|10:35|13:35|false|R|Houston Astros|Boston Red Sox|117|111|Fenway Park|Final|824769
2026-05-03|2026-05-03T17:35:00Z|10:35|13:35|false|R|Milwaukee Brewers|Washington Nationals|158|120|Nationals Park|Final|822742
2026-05-03|2026-05-03T17:40:00Z|10:40|13:40|false|R|Philadelphia Phillies|Miami Marlins|143|146|loanDepot park|Final|823875
2026-05-03|2026-05-03T17:40:00Z|10:40|13:40|false|R|San Francisco Giants|Tampa Bay Rays|137|139|Tropicana Field|Final|822987
2026-05-03|2026-05-03T18:15:00Z|11:15|14:15|false|R|Los Angeles Dodgers|St. Louis Cardinals|119|138|Busch Stadium|Final|823065
2026-05-03|2026-05-03T18:20:00Z|11:20|14:20|false|R|Arizona Diamondbacks|Chicago Cubs|109|112|Wrigley Field|Final|824687
2026-05-03|2026-05-03T19:10:00Z|12:10|15:10|false|R|Atlanta Braves|Colorado Rockies|144|115|Coors Field|Final|824364
2026-05-03|2026-05-03T20:05:00Z|13:05|16:05|false|R|Cleveland Guardians|Athletics|114|133|Sutter Health Park|Final|825013
2026-05-03|2026-05-03T20:07:00Z|13:07|16:07|false|R|New York Mets|Los Angeles Angels|121|108|Angel Stadium|Final|824043
2026-05-03|2026-05-03T20:10:00Z|13:10|16:10|false|R|Chicago White Sox|San Diego Padres|145|135|Petco Park|Final|823307
2026-05-03|2026-05-03T20:10:00Z|13:10|16:10|false|R|Kansas City Royals|Seattle Mariners|118|136|T-Mobile Park|Final|823145
2026-05-03|2026-05-03T23:20:00Z|16:20|19:20|false|R|Texas Rangers|Detroit Tigers|140|116|Comerica Park|Final|824285
2026-05-04|2026-05-04T21:40:00Z|14:40|17:40|false|R|New York Mets|Colorado Rockies|121|115|Coors Field|Final|824363
2026-05-04|2026-05-04T22:10:00Z|15:10|18:10|false|R|Boston Red Sox|Detroit Tigers|111|116|Comerica Park|Final|824283
2026-05-04|2026-05-04T22:40:00Z|15:40|18:40|false|R|Philadelphia Phillies|Miami Marlins|143|146|loanDepot park|Final|823874
2026-05-04|2026-05-04T22:40:00Z|15:40|18:40|false|R|Toronto Blue Jays|Tampa Bay Rays|141|139|Tropicana Field|Final|822984
2026-05-04|2026-05-04T23:05:00Z|16:05|19:05|false|R|Baltimore Orioles|New York Yankees|110|147|Yankee Stadium|Final|823552
2026-05-04|2026-05-04T23:10:00Z|16:10|19:10|false|R|Cincinnati Reds|Chicago Cubs|113|112|Wrigley Field|Final|824684
2026-05-04|2026-05-04T23:40:00Z|16:40|19:40|false|R|Cleveland Guardians|Kansas City Royals|114|118|Kauffman Stadium|Final|824120
2026-05-04|2026-05-04T23:45:00Z|16:45|19:45|false|R|Milwaukee Brewers|St. Louis Cardinals|158|138|Busch Stadium|Final|823064
2026-05-04|2026-05-05T00:10:00Z|17:10|20:10|false|R|Los Angeles Dodgers|Houston Astros|119|117|Daikin Park|Final|824201
2026-05-04|2026-05-05T01:38:00Z|18:38|21:38|false|R|Chicago White Sox|Los Angeles Angels|145|108|Angel Stadium|Final|824039
2026-05-04|2026-05-05T01:40:00Z|18:40|21:40|false|R|Atlanta Braves|Seattle Mariners|144|136|T-Mobile Park|Final|823143
2026-05-04|2026-05-05T01:45:00Z|18:45|21:45|false|R|San Diego Padres|San Francisco Giants|135|137|Oracle Park|Final|823228
2026-05-05|2026-05-05T22:40:00Z|15:40|18:40|false|R|Athletics|Philadelphia Phillies|133|143|Citizens Bank Park|Final|823469
2026-05-05|2026-05-05T22:40:00Z|15:40|18:40|false|R|Baltimore Orioles|Miami Marlins|110|146|loanDepot park|Final|823873
2026-05-05|2026-05-05T22:40:00Z|15:40|18:40|false|R|Boston Red Sox|Detroit Tigers|111|116|Comerica Park|Final|824281
2026-05-05|2026-05-05T22:40:00Z|15:40|18:40|false|R|Toronto Blue Jays|Tampa Bay Rays|141|139|Tropicana Field|Final|822986
2026-05-05|2026-05-05T22:45:00Z|15:45|18:45|false|R|Minnesota Twins|Washington Nationals|142|120|Nationals Park|Final|822743
2026-05-05|2026-05-05T23:05:00Z|16:05|19:05|false|R|Texas Rangers|New York Yankees|140|147|Yankee Stadium|Final|823553
2026-05-05|2026-05-05T23:40:00Z|16:40|19:40|false|R|Cincinnati Reds|Chicago Cubs|113|112|Wrigley Field|Final|824682
2026-05-05|2026-05-05T23:40:00Z|16:40|19:40|false|R|Cleveland Guardians|Kansas City Royals|114|118|Kauffman Stadium|Final|824119
2026-05-05|2026-05-05T23:45:00Z|16:45|19:45|false|R|Milwaukee Brewers|St. Louis Cardinals|158|138|Busch Stadium|Postponed|823062
2026-05-05|2026-05-06T00:10:00Z|17:10|20:10|false|R|Los Angeles Dodgers|Houston Astros|119|117|Daikin Park|Final|824200
2026-05-05|2026-05-06T00:40:00Z|17:40|20:40|false|R|New York Mets|Colorado Rockies|121|115|Coors Field|Postponed|824362
2026-05-05|2026-05-06T01:38:00Z|18:38|21:38|false|R|Chicago White Sox|Los Angeles Angels|145|108|Angel Stadium|Final|824040
2026-05-05|2026-05-06T01:40:00Z|18:40|21:40|false|R|Atlanta Braves|Seattle Mariners|144|136|T-Mobile Park|Final|823142
2026-05-05|2026-05-06T01:40:00Z|18:40|21:40|false|R|Pittsburgh Pirates|Arizona Diamondbacks|134|109|Chase Field|Final|825092
2026-05-05|2026-05-06T01:45:00Z|18:45|21:45|false|R|San Diego Padres|San Francisco Giants|135|137|Oracle Park|Final|823227
2026-05-06|2026-05-06T17:10:00Z|10:10|13:10|false|R|Toronto Blue Jays|Tampa Bay Rays|141|139|Tropicana Field|Final|822985
2026-05-06|2026-05-06T17:15:00Z|10:15|13:15|false|R|Milwaukee Brewers|St. Louis Cardinals|158|138|Busch Stadium|Final|823063
2026-05-06|2026-05-06T18:10:00Z|11:10|14:10|false|R|Los Angeles Dodgers|Houston Astros|119|117|Daikin Park|Final|824198
2026-05-06|2026-05-06T19:45:00Z|12:45|15:45|false|R|San Diego Padres|San Francisco Giants|135|137|Oracle Park|Final|823226
2026-05-06|2026-05-06T20:07:00Z|13:07|16:07|false|R|Chicago White Sox|Los Angeles Angels|145|108|Angel Stadium|Final|824036
2026-05-06|2026-05-06T20:10:00Z|13:10|16:10|false|R|Atlanta Braves|Seattle Mariners|144|136|T-Mobile Park|Final|823141
2026-05-06|2026-05-06T22:40:00Z|15:40|18:40|false|R|Athletics|Philadelphia Phillies|133|143|Citizens Bank Park|Final|823470
2026-05-06|2026-05-06T22:40:00Z|15:40|18:40|false|R|Baltimore Orioles|Miami Marlins|110|146|loanDepot park|Final|823872
2026-05-06|2026-05-06T22:40:00Z|15:40|18:40|false|R|Boston Red Sox|Detroit Tigers|111|116|Comerica Park|Final|824282
2026-05-06|2026-05-06T22:45:00Z|15:45|18:45|false|R|Minnesota Twins|Washington Nationals|142|120|Nationals Park|Final|822740
2026-05-06|2026-05-06T23:05:00Z|16:05|19:05|false|R|Texas Rangers|New York Yankees|140|147|Yankee Stadium|Final|823550
2026-05-06|2026-05-06T23:40:00Z|16:40|19:40|false|R|Cincinnati Reds|Chicago Cubs|113|112|Wrigley Field|Final|824683
2026-05-06|2026-05-06T23:40:00Z|16:40|19:40|false|R|Cleveland Guardians|Kansas City Royals|114|118|Kauffman Stadium|Final|824118
2026-05-06|2026-05-07T01:20:00Z|18:20|21:20|false|R|New York Mets|Colorado Rockies|121|115|Coors Field|Final|824361
2026-05-06|2026-05-07T01:40:00Z|18:40|21:40|false|R|Pittsburgh Pirates|Arizona Diamondbacks|134|109|Chase Field|Final|825091
2026-05-07|2026-05-07T16:35:00Z|09:35|12:35|false|R|Texas Rangers|New York Yankees|140|147|Yankee Stadium|Final|823551
2026-05-07|2026-05-07T17:05:00Z|10:05|13:05|false|R|Minnesota Twins|Washington Nationals|142|120|Nationals Park|Final|822741
2026-05-07|2026-05-07T18:10:00Z|11:10|14:10|false|R|Cleveland Guardians|Kansas City Royals|114|118|Kauffman Stadium|Final|824117
2026-05-07|2026-05-07T18:20:00Z|11:20|14:20|false|R|Cincinnati Reds|Chicago Cubs|113|112|Wrigley Field|Final|824681
2026-05-07|2026-05-07T19:40:00Z|12:40|15:40|false|R|Pittsburgh Pirates|Arizona Diamondbacks|134|109|Chase Field|Final|825090
2026-05-07|2026-05-07T22:40:00Z|15:40|18:40|false|R|Athletics|Philadelphia Phillies|133|143|Citizens Bank Park|Final|823467
2026-05-07|2026-05-07T22:40:00Z|15:40|18:40|false|R|Baltimore Orioles|Miami Marlins|110|146|loanDepot park|Final|823870
2026-05-07|2026-05-07T23:10:00Z|16:10|19:10|false|R|Tampa Bay Rays|Boston Red Sox|139|111|Fenway Park|Final|824767
2026-05-07|2026-05-08T02:10:00Z|19:10|22:10|false|R|St. Louis Cardinals|San Diego Padres|138|135|Petco Park|Final|823306
2026-05-08|2026-05-08T22:10:00Z|15:10|18:10|false|R|Houston Astros|Cincinnati Reds|117|113|Great American Ball Park|Final|824522
2026-05-08|2026-05-08T22:40:00Z|15:40|18:40|false|R|Colorado Rockies|Philadelphia Phillies|115|143|Citizens Bank Park|Final|823466
2026-05-08|2026-05-08T23:05:00Z|16:05|19:05|false|R|Athletics|Baltimore Orioles|133|110|Oriole Park at Camden Yards|Final|824846
2026-05-08|2026-05-08T23:07:00Z|16:07|19:07|false|R|Los Angeles Angels|Toronto Blue Jays|108|141|Rogers Centre|Final|822822
2026-05-08|2026-05-08T23:10:00Z|16:10|19:10|false|R|Tampa Bay Rays|Boston Red Sox|139|111|Fenway Park|Final|824768
2026-05-08|2026-05-08T23:10:00Z|16:10|19:10|false|R|Washington Nationals|Miami Marlins|120|146|loanDepot park|Final|823871
2026-05-08|2026-05-08T23:15:00Z|16:15|19:15|false|R|Minnesota Twins|Cleveland Guardians|142|114|Progressive Field|Final|824443
2026-05-08|2026-05-08T23:40:00Z|16:40|19:40|false|R|Detroit Tigers|Kansas City Royals|116|118|Kauffman Stadium|Final|824116
2026-05-08|2026-05-08T23:40:00Z|16:40|19:40|false|R|New York Yankees|Milwaukee Brewers|147|158|American Family Field|Final|823794
2026-05-08|2026-05-08T23:40:00Z|16:40|19:40|false|R|Seattle Mariners|Chicago White Sox|136|145|Rate Field|Final|824607
2026-05-08|2026-05-09T00:05:00Z|17:05|20:05|false|R|Chicago Cubs|Texas Rangers|112|140|Globe Life Field|Final|822904
2026-05-08|2026-05-09T01:40:00Z|18:40|21:40|false|R|New York Mets|Arizona Diamondbacks|121|109|Chase Field|Final|825088
2026-05-08|2026-05-09T01:45:00Z|18:45|21:45|false|R|St. Louis Cardinals|San Diego Padres|138|135|Petco Park|Final|823303
2026-05-08|2026-05-09T02:10:00Z|19:10|22:10|false|R|Atlanta Braves|Los Angeles Dodgers|144|119|UNIQLO Field at Dodger Stadium|Final|823957
2026-05-08|2026-05-09T02:15:00Z|19:15|22:15|false|R|Pittsburgh Pirates|San Francisco Giants|134|137|Oracle Park|Final|823225
2026-05-09|2026-05-09T19:07:00Z|12:07|15:07|false|R|Los Angeles Angels|Toronto Blue Jays|108|141|Rogers Centre|Final|822820
2026-05-09|2026-05-09T20:05:00Z|13:05|16:05|false|R|Athletics|Baltimore Orioles|133|110|Oriole Park at Camden Yards|Final|824847
2026-05-09|2026-05-09T20:10:00Z|13:10|16:10|false|R|Houston Astros|Cincinnati Reds|117|113|Great American Ball Park|Final|824523
2026-05-09|2026-05-09T20:10:00Z|13:10|16:10|false|R|Tampa Bay Rays|Boston Red Sox|139|111|Fenway Park|Postponed|824766
2026-05-09|2026-05-09T20:10:00Z|13:10|16:10|false|R|Washington Nationals|Miami Marlins|120|146|loanDepot park|Final|823869
2026-05-09|2026-05-09T22:05:00Z|15:05|18:05|false|R|Colorado Rockies|Philadelphia Phillies|115|143|Citizens Bank Park|Final|823468
2026-05-09|2026-05-09T22:10:00Z|15:10|18:10|false|R|Minnesota Twins|Cleveland Guardians|142|114|Progressive Field|Final|824444
2026-05-09|2026-05-09T23:05:00Z|16:05|19:05|false|R|Chicago Cubs|Texas Rangers|112|140|Globe Life Field|Final|822905
2026-05-09|2026-05-09T23:10:00Z|16:10|19:10|false|R|Detroit Tigers|Kansas City Royals|116|118|Kauffman Stadium|Final|824115
2026-05-09|2026-05-09T23:10:00Z|16:10|19:10|false|R|New York Yankees|Milwaukee Brewers|147|158|American Family Field|Final|823792
2026-05-09|2026-05-09T23:10:00Z|16:10|19:10|false|R|Seattle Mariners|Chicago White Sox|136|145|Rate Field|Final|824606
2026-05-09|2026-05-09T23:15:00Z|16:15|19:15|false|R|New York Mets|Arizona Diamondbacks|121|109|Chase Field|Final|825089
2026-05-09|2026-05-09T23:15:00Z|16:15|19:15|false|R|St. Louis Cardinals|San Diego Padres|138|135|Petco Park|Final|823304
2026-05-09|2026-05-10T01:05:00Z|18:05|21:05|false|R|Pittsburgh Pirates|San Francisco Giants|134|137|Oracle Park|Final|823224
2026-05-09|2026-05-10T01:10:00Z|18:10|21:10|false|R|Atlanta Braves|Los Angeles Dodgers|144|119|UNIQLO Field at Dodger Stadium|Final|823955
2026-05-10|2026-05-10T16:15:00Z|09:15|12:15|false|R|Washington Nationals|Miami Marlins|120|146|loanDepot park|Final|823868
2026-05-10|2026-05-10T17:35:00Z|10:35|13:35|false|R|Athletics|Baltimore Orioles|133|110|Oriole Park at Camden Yards|Final|824845
2026-05-10|2026-05-10T17:35:00Z|10:35|13:35|false|R|Colorado Rockies|Philadelphia Phillies|115|143|Citizens Bank Park|Final|823463
2026-05-10|2026-05-10T17:35:00Z|10:35|13:35|false|R|Tampa Bay Rays|Boston Red Sox|139|111|Fenway Park|Final|824765
2026-05-10|2026-05-10T17:37:00Z|10:37|13:37|false|R|Los Angeles Angels|Toronto Blue Jays|108|141|Rogers Centre|Final|822819
2026-05-10|2026-05-10T17:40:00Z|10:40|13:40|false|R|Houston Astros|Cincinnati Reds|117|113|Great American Ball Park|Final|824520
2026-05-10|2026-05-10T17:40:00Z|10:40|13:40|false|R|Minnesota Twins|Cleveland Guardians|142|114|Progressive Field|Final|824440
2026-05-10|2026-05-10T18:10:00Z|11:10|14:10|false|R|New York Yankees|Milwaukee Brewers|147|158|American Family Field|Final|823793
2026-05-10|2026-05-10T18:10:00Z|11:10|14:10|false|R|Seattle Mariners|Chicago White Sox|136|145|Rate Field|Final|824605
2026-05-10|2026-05-10T18:35:00Z|11:35|14:35|false|R|Chicago Cubs|Texas Rangers|112|140|Globe Life Field|Final|822902
2026-05-10|2026-05-10T20:05:00Z|13:05|16:05|false|R|Pittsburgh Pirates|San Francisco Giants|134|137|Oracle Park|Final|823221
2026-05-10|2026-05-10T20:10:00Z|13:10|16:10|false|R|Atlanta Braves|Los Angeles Dodgers|144|119|UNIQLO Field at Dodger Stadium|Final|823954
2026-05-10|2026-05-10T20:10:00Z|13:10|16:10|false|R|New York Mets|Arizona Diamondbacks|121|109|Chase Field|Final|825085
2026-05-10|2026-05-10T20:10:00Z|13:10|16:10|false|R|St. Louis Cardinals|San Diego Padres|138|135|Petco Park|Final|823305
2026-05-10|2026-05-10T23:20:00Z|16:20|19:20|false|R|Detroit Tigers|Kansas City Royals|116|118|Kauffman Stadium|Final|824113
2026-05-11|2026-05-11T22:10:00Z|15:10|18:10|false|R|Los Angeles Angels|Cleveland Guardians|108|114|Progressive Field|Final|824441
2026-05-11|2026-05-11T22:35:00Z|15:35|18:35|false|R|New York Yankees|Baltimore Orioles|147|110|Oriole Park at Camden Yards|Final|824844
2026-05-11|2026-05-11T23:07:00Z|16:07|19:07|false|R|Tampa Bay Rays|Toronto Blue Jays|139|141|Rogers Centre|Final|822818
2026-05-11|2026-05-12T00:05:00Z|17:05|20:05|false|R|Arizona Diamondbacks|Texas Rangers|109|140|Globe Life Field|Final|822901
2026-05-11|2026-05-12T00:10:00Z|17:10|20:10|false|R|Seattle Mariners|Houston Astros|136|117|Daikin Park|Final|824199
2026-05-11|2026-05-12T02:10:00Z|19:10|22:10|false|R|San Francisco Giants|Los Angeles Dodgers|137|119|UNIQLO Field at Dodger Stadium|Final|823953
2026-05-12|2026-05-12T22:10:00Z|15:10|18:10|false|R|Los Angeles Angels|Cleveland Guardians|108|114|Progressive Field|Final|824442
2026-05-12|2026-05-12T22:35:00Z|15:35|18:35|false|R|New York Yankees|Baltimore Orioles|147|110|Oriole Park at Camden Yards|Final|824843
2026-05-12|2026-05-12T22:40:00Z|15:40|18:40|false|R|Colorado Rockies|Pittsburgh Pirates|115|134|PNC Park|Final|823385
2026-05-12|2026-05-12T22:40:00Z|15:40|18:40|false|R|Washington Nationals|Cincinnati Reds|120|113|Great American Ball Park|Final|824521
2026-05-12|2026-05-12T22:45:00Z|15:45|18:45|false|R|Philadelphia Phillies|Boston Red Sox|143|111|Fenway Park|Final|824764
2026-05-12|2026-05-12T23:07:00Z|16:07|19:07|false|R|Tampa Bay Rays|Toronto Blue Jays|139|141|Rogers Centre|Final|822817
2026-05-12|2026-05-12T23:10:00Z|16:10|19:10|false|R|Detroit Tigers|New York Mets|116|121|Citi Field|Final|823632
2026-05-12|2026-05-12T23:15:00Z|16:15|19:15|false|R|Chicago Cubs|Atlanta Braves|112|144|Truist Park|Final|824927
2026-05-12|2026-05-12T23:40:00Z|16:40|19:40|false|R|Kansas City Royals|Chicago White Sox|118|145|Rate Field|Final|824604
2026-05-12|2026-05-12T23:40:00Z|16:40|19:40|false|R|Miami Marlins|Minnesota Twins|146|142|Target Field|Final|823712
2026-05-12|2026-05-12T23:40:00Z|16:40|19:40|false|R|San Diego Padres|Milwaukee Brewers|135|158|American Family Field|Final|823790
2026-05-12|2026-05-13T00:05:00Z|17:05|20:05|false|R|Arizona Diamondbacks|Texas Rangers|109|140|Globe Life Field|Final|822903
2026-05-12|2026-05-13T00:10:00Z|17:10|20:10|false|R|Seattle Mariners|Houston Astros|136|117|Daikin Park|Final|824197
2026-05-12|2026-05-13T01:40:00Z|18:40|21:40|false|R|St. Louis Cardinals|Athletics|138|133|Sutter Health Park|Final|825011
2026-05-12|2026-05-13T02:10:00Z|19:10|22:10|false|R|San Francisco Giants|Los Angeles Dodgers|137|119|UNIQLO Field at Dodger Stadium|Final|823951
2026-05-13|2026-05-13T17:05:00Z|10:05|13:05|false|R|New York Yankees|Baltimore Orioles|147|110|Oriole Park at Camden Yards|Final|824841
2026-05-13|2026-05-13T17:10:00Z|10:10|13:10|false|R|Los Angeles Angels|Cleveland Guardians|108|114|Progressive Field|Final|824438
2026-05-13|2026-05-13T22:40:00Z|15:40|18:40|false|R|Colorado Rockies|Pittsburgh Pirates|115|134|PNC Park|Final|823386
2026-05-13|2026-05-13T22:40:00Z|15:40|18:40|false|R|Washington Nationals|Cincinnati Reds|120|113|Great American Ball Park|Final|824519
2026-05-13|2026-05-13T22:45:00Z|15:45|18:45|false|R|Philadelphia Phillies|Boston Red Sox|143|111|Fenway Park|Final|824763
2026-05-13|2026-05-13T23:07:00Z|16:07|19:07|false|R|Tampa Bay Rays|Toronto Blue Jays|139|141|Rogers Centre|Final|822815
2026-05-13|2026-05-13T23:10:00Z|16:10|19:10|false|R|Detroit Tigers|New York Mets|116|121|Citi Field|Final|823631
2026-05-13|2026-05-13T23:15:00Z|16:15|19:15|false|R|Chicago Cubs|Atlanta Braves|112|144|Truist Park|Final|824928
2026-05-13|2026-05-13T23:40:00Z|16:40|19:40|false|R|Kansas City Royals|Chicago White Sox|118|145|Rate Field|Final|824603
2026-05-13|2026-05-13T23:40:00Z|16:40|19:40|false|R|Miami Marlins|Minnesota Twins|146|142|Target Field|Final|823710
2026-05-13|2026-05-13T23:40:00Z|16:40|19:40|false|R|San Diego Padres|Milwaukee Brewers|135|158|American Family Field|Final|823791
2026-05-13|2026-05-14T00:05:00Z|17:05|20:05|false|R|Arizona Diamondbacks|Texas Rangers|109|140|Globe Life Field|Final|822900
2026-05-13|2026-05-14T00:10:00Z|17:10|20:10|false|R|Seattle Mariners|Houston Astros|136|117|Daikin Park|Final|824195
2026-05-13|2026-05-14T01:40:00Z|18:40|21:40|false|R|St. Louis Cardinals|Athletics|138|133|Sutter Health Park|Final|825010
2026-05-13|2026-05-14T02:10:00Z|19:10|22:10|false|R|San Francisco Giants|Los Angeles Dodgers|137|119|UNIQLO Field at Dodger Stadium|Final|823952
2026-05-14|2026-05-14T16:35:00Z|09:35|12:35|false|R|Colorado Rockies|Pittsburgh Pirates|115|134|PNC Park|Final|823383
2026-05-14|2026-05-14T16:40:00Z|09:40|12:40|false|R|Washington Nationals|Cincinnati Reds|120|113|Great American Ball Park|Final|824517
2026-05-14|2026-05-14T17:10:00Z|10:10|13:10|false|R|Detroit Tigers|New York Mets|116|121|Citi Field|Final|823630
2026-05-14|2026-05-14T17:40:00Z|10:40|13:40|false|R|Miami Marlins|Minnesota Twins|146|142|Target Field|Final|823709
2026-05-14|2026-05-14T17:40:00Z|10:40|13:40|false|R|San Diego Padres|Milwaukee Brewers|135|158|American Family Field|Final|823789
2026-05-14|2026-05-14T18:10:00Z|11:10|14:10|false|R|Seattle Mariners|Houston Astros|136|117|Daikin Park|Final|824196
2026-05-14|2026-05-14T19:05:00Z|12:05|15:05|false|R|St. Louis Cardinals|Athletics|138|133|Sutter Health Park|Final|825008
2026-05-14|2026-05-14T22:45:00Z|15:45|18:45|false|R|Philadelphia Phillies|Boston Red Sox|143|111|Fenway Park|Final|824762
2026-05-14|2026-05-14T23:15:00Z|16:15|19:15|false|R|Chicago Cubs|Atlanta Braves|112|144|Truist Park|Final|824926
2026-05-14|2026-05-14T23:40:00Z|16:40|19:40|false|R|Kansas City Royals|Chicago White Sox|118|145|Rate Field|Final|824602
2026-05-14|2026-05-15T02:10:00Z|19:10|22:10|false|R|San Francisco Giants|Los Angeles Dodgers|137|119|UNIQLO Field at Dodger Stadium|Final|823950
2026-05-15|2026-05-15T22:40:00Z|15:40|18:40|false|R|Philadelphia Phillies|Pittsburgh Pirates|143|134|PNC Park|Final|823384
2026-05-15|2026-05-15T22:45:00Z|15:45|18:45|false|R|Baltimore Orioles|Washington Nationals|110|120|Nationals Park|Final|822739
2026-05-15|2026-05-15T22:45:00Z|15:45|18:45|false|R|Toronto Blue Jays|Detroit Tigers|141|116|Comerica Park|Final|824280
2026-05-15|2026-05-15T23:10:00Z|16:10|19:10|false|R|Cincinnati Reds|Cleveland Guardians|113|114|Progressive Field|Final|824439
2026-05-15|2026-05-15T23:10:00Z|16:10|19:10|false|R|Miami Marlins|Tampa Bay Rays|146|139|Tropicana Field|Final|822983
2026-05-15|2026-05-15T23:10:00Z|16:10|19:10|false|R|Milwaukee Brewers|Minnesota Twins|158|142|Target Field|Final|823707
2026-05-15|2026-05-15T23:15:00Z|16:15|19:15|false|R|Boston Red Sox|Atlanta Braves|111|144|Truist Park|Final|824925
2026-05-15|2026-05-15T23:15:00Z|16:15|19:15|false|R|New York Yankees|New York Mets|147|121|Citi Field|Final|823629
2026-05-15|2026-05-15T23:40:00Z|16:40|19:40|false|R|Chicago Cubs|Chicago White Sox|112|145|Rate Field|Final|824601
2026-05-15|2026-05-16T00:10:00Z|17:10|20:10|false|R|Texas Rangers|Houston Astros|140|117|Daikin Park|Final|824194
2026-05-15|2026-05-16T00:15:00Z|17:15|20:15|false|R|Kansas City Royals|St. Louis Cardinals|118|138|Busch Stadium|Final|823061
2026-05-15|2026-05-16T00:40:00Z|17:40|20:40|false|R|Arizona Diamondbacks|Colorado Rockies|109|115|Coors Field|Final|824360
2026-05-15|2026-05-16T01:38:00Z|18:38|21:38|false|R|Los Angeles Dodgers|Los Angeles Angels|119|108|Angel Stadium|Final|824037
2026-05-15|2026-05-16T01:40:00Z|18:40|21:40|false|R|San Diego Padres|Seattle Mariners|135|136|T-Mobile Park|Final|823140
2026-05-15|2026-05-16T01:40:00Z|18:40|21:40|false|R|San Francisco Giants|Athletics|137|133|Sutter Health Park|Final|825009
2026-05-16|2026-05-16T17:10:00Z|10:10|13:10|false|R|Toronto Blue Jays|Detroit Tigers|141|116|Comerica Park|Final|824278
2026-05-16|2026-05-16T18:15:00Z|11:15|14:15|false|R|Kansas City Royals|St. Louis Cardinals|118|138|Busch Stadium|Final|823060
2026-05-16|2026-05-16T19:10:00Z|12:10|15:10|false|R|Arizona Diamondbacks|Colorado Rockies|109|115|Coors Field|Final|824359
2026-05-16|2026-05-16T20:05:00Z|13:05|16:05|false|R|Baltimore Orioles|Washington Nationals|110|120|Nationals Park|Final|822737
2026-05-16|2026-05-16T20:05:00Z|13:05|16:05|false|R|Philadelphia Phillies|Pittsburgh Pirates|143|134|PNC Park|Final|823382
2026-05-16|2026-05-16T20:10:00Z|13:10|16:10|false|R|Miami Marlins|Tampa Bay Rays|146|139|Tropicana Field|Final|822981
2026-05-16|2026-05-16T22:10:00Z|15:10|18:10|false|R|Cincinnati Reds|Cleveland Guardians|113|114|Progressive Field|Final|824435
2026-05-16|2026-05-16T23:10:00Z|16:10|19:10|false|R|Chicago Cubs|Chicago White Sox|112|145|Rate Field|Final|824600
2026-05-16|2026-05-16T23:10:00Z|16:10|19:10|false|R|Milwaukee Brewers|Minnesota Twins|158|142|Target Field|Final|823706
2026-05-16|2026-05-16T23:10:00Z|16:10|19:10|false|R|Texas Rangers|Houston Astros|140|117|Daikin Park|Final|824193
2026-05-16|2026-05-16T23:15:00Z|16:15|19:15|false|R|Boston Red Sox|Atlanta Braves|111|144|Truist Park|Final|824924
2026-05-16|2026-05-16T23:15:00Z|16:15|19:15|false|R|New York Yankees|New York Mets|147|121|Citi Field|Final|823627
2026-05-16|2026-05-16T23:15:00Z|16:15|19:15|false|R|San Diego Padres|Seattle Mariners|135|136|T-Mobile Park|Final|823139
2026-05-16|2026-05-17T01:38:00Z|18:38|21:38|false|R|Los Angeles Dodgers|Los Angeles Angels|119|108|Angel Stadium|Final|824038
2026-05-16|2026-05-17T01:40:00Z|18:40|21:40|false|R|San Francisco Giants|Athletics|137|133|Sutter Health Park|Final|825007
2026-05-17|2026-05-17T16:15:00Z|09:15|12:15|false|R|Miami Marlins|Tampa Bay Rays|146|139|Tropicana Field|Final|822982
2026-05-17|2026-05-17T17:35:00Z|10:35|13:35|false|R|Baltimore Orioles|Washington Nationals|110|120|Nationals Park|Final|822738
2026-05-17|2026-05-17T17:35:00Z|10:35|13:35|false|R|Boston Red Sox|Atlanta Braves|111|144|Truist Park|Final|824923
2026-05-17|2026-05-17T17:35:00Z|10:35|13:35|false|R|Philadelphia Phillies|Pittsburgh Pirates|143|134|PNC Park|Final|823381
2026-05-17|2026-05-17T17:40:00Z|10:40|13:40|false|R|Cincinnati Reds|Cleveland Guardians|113|114|Progressive Field|Final|824436
2026-05-17|2026-05-17T17:40:00Z|10:40|13:40|false|R|New York Yankees|New York Mets|147|121|Citi Field|Final|823628
2026-05-17|2026-05-17T17:40:00Z|10:40|13:40|false|R|Toronto Blue Jays|Detroit Tigers|141|116|Comerica Park|Final|824279
2026-05-17|2026-05-17T18:10:00Z|11:10|14:10|false|R|Chicago Cubs|Chicago White Sox|112|145|Rate Field|Final|824599
2026-05-17|2026-05-17T18:10:00Z|11:10|14:10|false|R|Milwaukee Brewers|Minnesota Twins|158|142|Target Field|Final|823708
2026-05-17|2026-05-17T18:10:00Z|11:10|14:10|false|R|Texas Rangers|Houston Astros|140|117|Daikin Park|Final|824192
2026-05-17|2026-05-17T18:15:00Z|11:15|14:15|false|R|Kansas City Royals|St. Louis Cardinals|118|138|Busch Stadium|Final|823058
2026-05-17|2026-05-17T19:10:00Z|12:10|15:10|false|R|Arizona Diamondbacks|Colorado Rockies|109|115|Coors Field|Final|824358
2026-05-17|2026-05-17T20:05:00Z|13:05|16:05|false|R|San Francisco Giants|Athletics|137|133|Sutter Health Park|Final|825006
2026-05-17|2026-05-17T20:07:00Z|13:07|16:07|false|R|Los Angeles Dodgers|Los Angeles Angels|119|108|Angel Stadium|Final|824034
2026-05-17|2026-05-17T23:20:00Z|16:20|19:20|false|R|San Diego Padres|Seattle Mariners|135|136|T-Mobile Park|Final|823138
2026-05-18|2026-05-18T22:40:00Z|15:40|18:40|false|R|Atlanta Braves|Miami Marlins|144|146|loanDepot park|Final|823867
2026-05-18|2026-05-18T22:40:00Z|15:40|18:40|false|R|Baltimore Orioles|Tampa Bay Rays|110|139|Tropicana Field|Final|822980
2026-05-18|2026-05-18T22:40:00Z|15:40|18:40|false|R|Cincinnati Reds|Philadelphia Phillies|113|143|Citizens Bank Park|Final|823465
2026-05-18|2026-05-18T22:40:00Z|15:40|18:40|false|R|Cleveland Guardians|Detroit Tigers|114|116|Comerica Park|Final|824277
2026-05-18|2026-05-18T22:45:00Z|15:45|18:45|false|R|New York Mets|Washington Nationals|121|120|Nationals Park|Final|822734
2026-05-18|2026-05-18T23:05:00Z|16:05|19:05|false|R|Toronto Blue Jays|New York Yankees|141|147|Yankee Stadium|Final|823549
2026-05-18|2026-05-18T23:10:00Z|16:10|19:10|false|R|Boston Red Sox|Kansas City Royals|111|118|Kauffman Stadium|Final|824114
2026-05-18|2026-05-18T23:40:00Z|16:40|19:40|false|R|Houston Astros|Minnesota Twins|117|142|Target Field|Final|823705
2026-05-18|2026-05-18T23:40:00Z|16:40|19:40|false|R|Milwaukee Brewers|Chicago Cubs|158|112|Wrigley Field|Final|824680
2026-05-18|2026-05-19T00:40:00Z|17:40|20:40|false|R|Texas Rangers|Colorado Rockies|140|115|Coors Field|Final|824357
2026-05-18|2026-05-19T01:38:00Z|18:38|21:38|false|R|Athletics|Los Angeles Angels|133|108|Angel Stadium|Final|824035
2026-05-18|2026-05-19T01:40:00Z|18:40|21:40|false|R|Chicago White Sox|Seattle Mariners|145|136|T-Mobile Park|Final|823137
2026-05-18|2026-05-19T01:40:00Z|18:40|21:40|false|R|Los Angeles Dodgers|San Diego Padres|119|135|Petco Park|Final|823301
2026-05-18|2026-05-19T01:40:00Z|18:40|21:40|false|R|San Francisco Giants|Arizona Diamondbacks|137|109|Chase Field|Final|825087
2026-05-19|2026-05-19T20:10:00Z|13:10|16:10|false|R|Atlanta Braves|Miami Marlins|144|146|loanDepot park|Final|823865
2026-05-19|2026-05-19T22:40:00Z|15:40|18:40|false|R|Baltimore Orioles|Tampa Bay Rays|110|139|Tropicana Field|Final|822979
2026-05-19|2026-05-19T22:40:00Z|15:40|18:40|false|R|Cincinnati Reds|Philadelphia Phillies|113|143|Citizens Bank Park|Final|823464
2026-05-19|2026-05-19T22:40:00Z|15:40|18:40|false|R|Cleveland Guardians|Detroit Tigers|114|116|Comerica Park|Final|824276
2026-05-19|2026-05-19T22:45:00Z|15:45|18:45|false|R|New York Mets|Washington Nationals|121|120|Nationals Park|Final|822736
2026-05-19|2026-05-19T23:05:00Z|16:05|19:05|false|R|Toronto Blue Jays|New York Yankees|141|147|Yankee Stadium|Final|823548
2026-05-19|2026-05-19T23:40:00Z|16:40|19:40|false|R|Boston Red Sox|Kansas City Royals|111|118|Kauffman Stadium|Final|824112
2026-05-19|2026-05-19T23:40:00Z|16:40|19:40|false|R|Houston Astros|Minnesota Twins|117|142|Target Field|Final|823704
2026-05-19|2026-05-19T23:40:00Z|16:40|19:40|false|R|Milwaukee Brewers|Chicago Cubs|158|112|Wrigley Field|Final|824677
2026-05-19|2026-05-19T23:45:00Z|16:45|19:45|false|R|Pittsburgh Pirates|St. Louis Cardinals|134|138|Busch Stadium|Final|823059
2026-05-19|2026-05-20T00:40:00Z|17:40|20:40|false|R|Texas Rangers|Colorado Rockies|140|115|Coors Field|Final|824356
2026-05-19|2026-05-20T01:38:00Z|18:38|21:38|false|R|Athletics|Los Angeles Angels|133|108|Angel Stadium|Final|824033
2026-05-19|2026-05-20T01:40:00Z|18:40|21:40|false|R|Chicago White Sox|Seattle Mariners|145|136|T-Mobile Park|Final|823136
2026-05-19|2026-05-20T01:40:00Z|18:40|21:40|false|R|Los Angeles Dodgers|San Diego Padres|119|135|Petco Park|Final|823302
2026-05-19|2026-05-20T01:40:00Z|18:40|21:40|false|R|San Francisco Giants|Arizona Diamondbacks|137|109|Chase Field|Final|825086
2026-05-20|2026-05-20T17:05:00Z|10:05|13:05|false|R|Cincinnati Reds|Philadelphia Phillies|113|143|Citizens Bank Park|Final|823462
2026-05-20|2026-05-20T17:10:00Z|10:10|13:10|false|R|Baltimore Orioles|Tampa Bay Rays|110|139|Tropicana Field|Final|822977
2026-05-20|2026-05-20T17:40:00Z|10:40|13:40|false|R|Houston Astros|Minnesota Twins|117|142|Target Field|Final|823703
2026-05-20|2026-05-20T19:10:00Z|12:10|15:10|false|R|Texas Rangers|Colorado Rockies|140|115|Coors Field|Final|824355
2026-05-20|2026-05-20T19:40:00Z|12:40|15:40|false|R|San Francisco Giants|Arizona Diamondbacks|137|109|Chase Field|Final|825084
2026-05-20|2026-05-20T20:10:00Z|13:10|16:10|false|R|Chicago White Sox|Seattle Mariners|145|136|T-Mobile Park|Final|823134
2026-05-20|2026-05-20T22:40:00Z|15:40|18:40|false|R|Atlanta Braves|Miami Marlins|144|146|loanDepot park|Final|823866
2026-05-20|2026-05-20T22:40:00Z|15:40|18:40|false|R|Cleveland Guardians|Detroit Tigers|114|116|Comerica Park|Final|824273
2026-05-20|2026-05-20T22:45:00Z|15:45|18:45|false|R|New York Mets|Washington Nationals|121|120|Nationals Park|Final|822735
2026-05-20|2026-05-20T23:05:00Z|16:05|19:05|false|R|Toronto Blue Jays|New York Yankees|141|147|Yankee Stadium|Final|823547
2026-05-20|2026-05-20T23:40:00Z|16:40|19:40|false|R|Boston Red Sox|Kansas City Royals|111|118|Kauffman Stadium|Final|824111
2026-05-20|2026-05-20T23:40:00Z|16:40|19:40|false|R|Milwaukee Brewers|Chicago Cubs|158|112|Wrigley Field|Final|824678
2026-05-20|2026-05-20T23:45:00Z|16:45|19:45|false|R|Pittsburgh Pirates|St. Louis Cardinals|134|138|Busch Stadium|Final|823057
2026-05-20|2026-05-21T00:40:00Z|17:40|20:40|false|R|Los Angeles Dodgers|San Diego Padres|119|135|Petco Park|Final|823299
2026-05-20|2026-05-21T01:38:00Z|18:38|21:38|false|R|Athletics|Los Angeles Angels|133|108|Angel Stadium|Final|824032
2026-05-21|2026-05-21T17:10:00Z|10:10|13:10|false|R|Cleveland Guardians|Detroit Tigers|114|116|Comerica Park|Final|824274
2026-05-21|2026-05-21T17:15:00Z|10:15|13:15|false|R|Pittsburgh Pirates|St. Louis Cardinals|134|138|Busch Stadium|Final|823056
2026-05-21|2026-05-21T20:05:00Z|13:05|16:05|false|R|New York Mets|Washington Nationals|121|120|Nationals Park|Final|822733
2026-05-21|2026-05-21T22:40:00Z|15:40|18:40|false|R|Atlanta Braves|Miami Marlins|144|146|loanDepot park|Final|823864
2026-05-21|2026-05-21T23:05:00Z|16:05|19:05|false|R|Toronto Blue Jays|New York Yankees|141|147|Yankee Stadium|Final|823545
2026-05-21|2026-05-22T01:38:00Z|18:38|21:38|false|R|Athletics|Los Angeles Angels|133|108|Angel Stadium|Final|824031
2026-05-21|2026-05-22T01:40:00Z|18:40|21:40|false|R|Colorado Rockies|Arizona Diamondbacks|115|109|Chase Field|Final|825083
2026-05-22|2026-05-22T18:20:00Z|11:20|14:20|false|R|Houston Astros|Chicago Cubs|117|112|Wrigley Field|Final|824679
2026-05-22|2026-05-22T22:40:00Z|15:40|18:40|false|R|Cleveland Guardians|Philadelphia Phillies|114|143|Citizens Bank Park|Final|823461
2026-05-22|2026-05-22T22:40:00Z|15:40|18:40|false|R|St. Louis Cardinals|Cincinnati Reds|138|113|Great American Ball Park|Postponed|824518
2026-05-22|2026-05-22T23:05:00Z|16:05|19:05|false|R|Tampa Bay Rays|New York Yankees|139|147|Yankee Stadium|Final|823546
2026-05-22|2026-05-22T23:07:00Z|16:07|19:07|false|R|Pittsburgh Pirates|Toronto Blue Jays|134|141|Rogers Centre|Final|822816
2026-05-22|2026-05-22T23:10:00Z|16:10|19:10|false|R|Minnesota Twins|Boston Red Sox|142|111|Fenway Park|Final|824761
2026-05-22|2026-05-22T23:10:00Z|16:10|19:10|false|R|New York Mets|Miami Marlins|121|146|loanDepot park|Final|823863
2026-05-22|2026-05-22T23:15:00Z|16:15|19:15|false|R|Detroit Tigers|Baltimore Orioles|116|110|Oriole Park at Camden Yards|Final|824842
2026-05-22|2026-05-22T23:15:00Z|16:15|19:15|false|R|Washington Nationals|Atlanta Braves|120|144|Truist Park|Final|824922
2026-05-22|2026-05-22T23:40:00Z|16:40|19:40|false|R|Los Angeles Dodgers|Milwaukee Brewers|119|158|American Family Field|Final|823788
2026-05-22|2026-05-22T23:40:00Z|16:40|19:40|false|R|Seattle Mariners|Kansas City Royals|136|118|Kauffman Stadium|Final|824110
2026-05-22|2026-05-23T01:38:00Z|18:38|21:38|false|R|Texas Rangers|Los Angeles Angels|140|108|Angel Stadium|Final|824029
2026-05-22|2026-05-23T01:40:00Z|18:40|21:40|false|R|Athletics|San Diego Padres|133|135|Petco Park|Final|823298
2026-05-22|2026-05-23T01:40:00Z|18:40|21:40|false|R|Colorado Rockies|Arizona Diamondbacks|115|109|Chase Field|Final|825082
2026-05-22|2026-05-23T02:15:00Z|19:15|22:15|false|R|Chicago White Sox|San Francisco Giants|145|137|Oracle Park|Final|823223
2026-05-23|2026-05-23T17:35:00Z|10:35|13:35|false|R|Tampa Bay Rays|New York Yankees|139|147|Yankee Stadium|Postponed|823543
2026-05-23|2026-05-23T18:20:00Z|11:20|14:20|false|R|Houston Astros|Chicago Cubs|117|112|Wrigley Field|Final|824674
2026-05-23|2026-05-23T19:07:00Z|12:07|15:07|false|R|Pittsburgh Pirates|Toronto Blue Jays|134|141|Rogers Centre|Final|822814
2026-05-23|2026-05-23T20:05:00Z|13:05|16:05|false|R|Chicago White Sox|San Francisco Giants|145|137|Oracle Park|Final|823222
2026-05-23|2026-05-23T20:05:00Z|13:05|16:05|false|R|Cleveland Guardians|Philadelphia Phillies|114|143|Citizens Bank Park|Final|823458
2026-05-23|2026-05-23T20:05:00Z|13:05|16:05|false|R|Detroit Tigers|Baltimore Orioles|116|110|Oriole Park at Camden Yards|Postponed|824840
2026-05-23|2026-05-23T20:10:00Z|13:10|16:10|false|R|Minnesota Twins|Boston Red Sox|142|111|Fenway Park|Final|824760
2026-05-23|2026-05-23T20:10:00Z|13:10|16:10|false|R|New York Mets|Miami Marlins|121|146|loanDepot park|Final|823862
2026-05-23|2026-05-23T20:10:00Z|13:10|16:10|false|R|Seattle Mariners|Kansas City Royals|136|118|Kauffman Stadium|Final|824109
2026-05-23|2026-05-23T20:10:00Z|13:10|16:10|false|R|Washington Nationals|Atlanta Braves|120|144|Truist Park|Final|824920
2026-05-23|2026-05-23T23:15:00Z|16:15|19:15|false|R|Los Angeles Dodgers|Milwaukee Brewers|119|158|American Family Field|Final|823787
2026-05-23|2026-05-23T23:15:00Z|16:15|19:15|false|R|St. Louis Cardinals|Cincinnati Reds|138|113|Great American Ball Park|Final|824516
2026-05-23|2026-05-24T01:40:00Z|18:40|21:40|false|R|Athletics|San Diego Padres|133|135|Petco Park|Final|823300
2026-05-23|2026-05-24T02:05:00Z|19:05|22:05|false|R|Texas Rangers|Los Angeles Angels|140|108|Angel Stadium|Final|824030
2026-05-23|2026-05-24T02:10:00Z|19:10|22:10|false|R|Colorado Rockies|Arizona Diamondbacks|115|109|Chase Field|Final|825080
2026-05-24|2026-05-24T16:15:00Z|09:15|12:15|false|R|Pittsburgh Pirates|Toronto Blue Jays|134|141|Rogers Centre|Final|822813
2026-05-24|2026-05-24T16:35:00Z|09:35|12:35|false|R|Detroit Tigers|Baltimore Orioles|116|110|Oriole Park at Camden Yards|Final|824839
2026-05-24|2026-05-24T17:35:00Z|10:35|13:35|false|R|Cleveland Guardians|Philadelphia Phillies|114|143|Citizens Bank Park|Final|823459
2026-05-24|2026-05-24T17:35:00Z|10:35|13:35|false|R|Minnesota Twins|Boston Red Sox|142|111|Fenway Park|Final|824759
2026-05-24|2026-05-24T17:35:00Z|10:35|13:35|false|R|Tampa Bay Rays|New York Yankees|139|147|Yankee Stadium|Final|823544
2026-05-24|2026-05-24T17:40:00Z|10:40|13:40|false|R|New York Mets|Miami Marlins|121|146|loanDepot park|Final|823861
2026-05-24|2026-05-24T17:40:00Z|10:40|13:40|false|R|St. Louis Cardinals|Cincinnati Reds|138|113|Great American Ball Park|Postponed|824514
2026-05-24|2026-05-24T18:10:00Z|11:10|14:10|false|R|Los Angeles Dodgers|Milwaukee Brewers|119|158|American Family Field|Final|823786
2026-05-24|2026-05-24T18:10:00Z|11:10|14:10|false|R|Seattle Mariners|Kansas City Royals|136|118|Kauffman Stadium|Final|824108
2026-05-24|2026-05-24T18:20:00Z|11:20|14:20|false|R|Houston Astros|Chicago Cubs|117|112|Wrigley Field|Final|824676
2026-05-24|2026-05-24T20:05:00Z|13:05|16:05|false|R|Chicago White Sox|San Francisco Giants|145|137|Oracle Park|Final|823220
2026-05-24|2026-05-24T20:10:00Z|13:10|16:10|false|R|Athletics|San Diego Padres|133|135|Petco Park|Final|823297
2026-05-24|2026-05-24T20:10:00Z|13:10|16:10|false|R|Colorado Rockies|Arizona Diamondbacks|115|109|Chase Field|Final|825081
2026-05-24|2026-05-24T20:10:00Z|13:10|16:10|false|R|Washington Nationals|Atlanta Braves|120|144|Truist Park|Final|824921
2026-05-24|2026-05-24T23:20:00Z|16:20|19:20|false|R|Texas Rangers|Los Angeles Angels|140|108|Angel Stadium|Final|824028
2026-05-25|2026-05-25T17:35:00Z|10:35|13:35|false|R|Chicago Cubs|Pittsburgh Pirates|112|134|PNC Park|Final|823380
2026-05-25|2026-05-25T17:35:00Z|10:35|13:35|false|R|Tampa Bay Rays|Baltimore Orioles|139|110|Oriole Park at Camden Yards|Final|824838
2026-05-25|2026-05-25T18:10:00Z|11:10|14:10|false|R|Minnesota Twins|Chicago White Sox|142|145|Rate Field|Final|824598
2026-05-25|2026-05-25T18:10:00Z|11:10|14:10|false|R|St. Louis Cardinals|Milwaukee Brewers|138|158|American Family Field|Final|823784
2026-05-25|2026-05-25T19:40:00Z|12:40|15:40|false|R|New York Yankees|Kansas City Royals|147|118|Kauffman Stadium|Final|824107
2026-05-25|2026-05-25T20:10:00Z|13:10|16:10|false|R|Cincinnati Reds|New York Mets|113|121|Citi Field|Final|823625
2026-05-25|2026-05-25T21:05:00Z|14:05|17:05|false|R|Arizona Diamondbacks|San Francisco Giants|109|137|Oracle Park|Final|823219
2026-05-25|2026-05-25T22:10:00Z|15:10|18:10|false|R|Washington Nationals|Cleveland Guardians|120|114|Progressive Field|Final|824437
2026-05-25|2026-05-25T22:40:00Z|15:40|18:40|false|R|Philadelphia Phillies|San Diego Padres|143|135|Petco Park|Final|823296
2026-05-25|2026-05-25T23:05:00Z|16:05|19:05|false|R|Houston Astros|Texas Rangers|117|140|Globe Life Field|Final|822899
2026-05-25|2026-05-25T23:07:00Z|16:07|19:07|false|R|Miami Marlins|Toronto Blue Jays|146|141|Rogers Centre|Final|822812
2026-05-25|2026-05-26T01:10:00Z|18:10|21:10|false|R|Colorado Rockies|Los Angeles Dodgers|115|119|UNIQLO Field at Dodger Stadium|Final|823948
2026-05-25|2026-05-26T01:40:00Z|18:40|21:40|false|R|Seattle Mariners|Athletics|136|133|Sutter Health Park|Final|825005
2026-05-26|2026-05-26T22:10:00Z|15:10|18:10|false|R|Washington Nationals|Cleveland Guardians|120|114|Progressive Field|Final|824434
2026-05-26|2026-05-26T22:35:00Z|15:35|18:35|false|R|Tampa Bay Rays|Baltimore Orioles|139|110|Oriole Park at Camden Yards|Final|824837
2026-05-26|2026-05-26T22:40:00Z|15:40|18:40|false|R|Chicago Cubs|Pittsburgh Pirates|112|134|PNC Park|Final|823379
2026-05-26|2026-05-26T22:40:00Z|15:40|18:40|false|R|Los Angeles Angels|Detroit Tigers|108|116|Comerica Park|Final|824275
2026-05-26|2026-05-26T22:45:00Z|15:45|18:45|false|R|Atlanta Braves|Boston Red Sox|144|111|Fenway Park|Final|824758
2026-05-26|2026-05-26T23:07:00Z|16:07|19:07|false|R|Miami Marlins|Toronto Blue Jays|146|141|Rogers Centre|Final|822811
2026-05-26|2026-05-26T23:10:00Z|16:10|19:10|false|R|Cincinnati Reds|New York Mets|113|121|Citi Field|Final|823624
2026-05-26|2026-05-26T23:40:00Z|16:40|19:40|false|R|Minnesota Twins|Chicago White Sox|142|145|Rate Field|Final|824597
2026-05-26|2026-05-26T23:40:00Z|16:40|19:40|false|R|New York Yankees|Kansas City Royals|147|118|Kauffman Stadium|Final|824106
2026-05-26|2026-05-26T23:40:00Z|16:40|19:40|false|R|St. Louis Cardinals|Milwaukee Brewers|138|158|American Family Field|Final|823785
2026-05-26|2026-05-27T00:05:00Z|17:05|20:05|false|R|Houston Astros|Texas Rangers|117|140|Globe Life Field|Final|822898
2026-05-26|2026-05-27T01:40:00Z|18:40|21:40|false|R|Philadelphia Phillies|San Diego Padres|143|135|Petco Park|Final|823294
2026-05-26|2026-05-27T01:40:00Z|18:40|21:40|false|R|Seattle Mariners|Athletics|136|133|Sutter Health Park|Final|825004
2026-05-26|2026-05-27T01:45:00Z|18:45|21:45|false|R|Arizona Diamondbacks|San Francisco Giants|109|137|Oracle Park|Final|823216
2026-05-26|2026-05-27T02:10:00Z|19:10|22:10|false|R|Colorado Rockies|Los Angeles Dodgers|115|119|UNIQLO Field at Dodger Stadium|Final|823949
2026-05-27|2026-05-27T17:07:00Z|10:07|13:07|false|R|Miami Marlins|Toronto Blue Jays|146|141|Rogers Centre|Final|822809
2026-05-27|2026-05-27T17:10:00Z|10:10|13:10|false|R|Washington Nationals|Cleveland Guardians|120|114|Progressive Field|Final|824432
2026-05-27|2026-05-27T17:40:00Z|10:40|13:40|false|R|St. Louis Cardinals|Milwaukee Brewers|138|158|American Family Field|Final|823783
2026-05-27|2026-05-27T19:05:00Z|12:05|15:05|false|R|Seattle Mariners|Athletics|136|133|Sutter Health Park|Final|825003
2026-05-27|2026-05-27T19:45:00Z|12:45|15:45|false|R|Arizona Diamondbacks|San Francisco Giants|109|137|Oracle Park|Final|823217
2026-05-27|2026-05-27T20:10:00Z|13:10|16:10|false|R|Philadelphia Phillies|San Diego Padres|143|135|Petco Park|Final|823295
2026-05-27|2026-05-27T22:35:00Z|15:35|18:35|false|R|Tampa Bay Rays|Baltimore Orioles|139|110|Oriole Park at Camden Yards|Final|824836
2026-05-27|2026-05-27T22:40:00Z|15:40|18:40|false|R|Chicago Cubs|Pittsburgh Pirates|112|134|PNC Park|Final|823376
2026-05-27|2026-05-27T22:40:00Z|15:40|18:40|false|R|Los Angeles Angels|Detroit Tigers|108|116|Comerica Park|Final|824270
2026-05-27|2026-05-27T22:45:00Z|15:45|18:45|false|R|Atlanta Braves|Boston Red Sox|144|111|Fenway Park|Final|824756
2026-05-27|2026-05-27T23:10:00Z|16:10|19:10|false|R|Cincinnati Reds|New York Mets|113|121|Citi Field|Final|823626
2026-05-27|2026-05-27T23:40:00Z|16:40|19:40|false|R|Minnesota Twins|Chicago White Sox|142|145|Rate Field|Final|824596
2026-05-27|2026-05-27T23:40:00Z|16:40|19:40|false|R|New York Yankees|Kansas City Royals|147|118|Kauffman Stadium|Final|824104
2026-05-27|2026-05-28T00:05:00Z|17:05|20:05|false|R|Houston Astros|Texas Rangers|117|140|Globe Life Field|Final|822897
2026-05-27|2026-05-28T02:10:00Z|19:10|22:10|false|R|Colorado Rockies|Los Angeles Dodgers|115|119|UNIQLO Field at Dodger Stadium|Final|823947
2026-05-28|2026-05-28T17:10:00Z|10:10|13:10|false|R|Los Angeles Angels|Detroit Tigers|108|116|Comerica Park|Final|824272
2026-05-28|2026-05-28T18:10:00Z|11:10|14:10|false|R|Minnesota Twins|Chicago White Sox|142|145|Rate Field|Final|824595
2026-05-28|2026-05-28T20:10:00Z|13:10|16:10|false|R|Atlanta Braves|Boston Red Sox|144|111|Fenway Park|Final|824757
2026-05-28|2026-05-28T22:35:00Z|15:35|18:35|false|R|Toronto Blue Jays|Baltimore Orioles|141|110|Oriole Park at Camden Yards|Final|824834
2026-05-28|2026-05-28T22:40:00Z|15:40|18:40|false|R|Chicago Cubs|Pittsburgh Pirates|112|134|PNC Park|Final|823378
2026-05-28|2026-05-29T00:05:00Z|17:05|20:05|false|R|Houston Astros|Texas Rangers|117|140|Globe Life Field|Final|822896
2026-05-29|2026-05-29T22:40:00Z|15:40|18:40|false|R|Atlanta Braves|Cincinnati Reds|144|113|Great American Ball Park|Final|824515
2026-05-29|2026-05-29T22:45:00Z|15:45|18:45|false|R|Minnesota Twins|Pittsburgh Pirates|142|134|PNC Park|Final|823377
2026-05-29|2026-05-29T22:45:00Z|15:45|18:45|false|R|San Diego Padres|Washington Nationals|135|120|Nationals Park|Final|822732
2026-05-29|2026-05-29T23:05:00Z|16:05|19:05|false|R|Toronto Blue Jays|Baltimore Orioles|141|110|Oriole Park at Camden Yards|Final|824835
2026-05-29|2026-05-29T23:10:00Z|16:10|19:10|false|R|Boston Red Sox|Cleveland Guardians|111|114|Progressive Field|Final|824433
2026-05-29|2026-05-29T23:10:00Z|16:10|19:10|false|R|Los Angeles Angels|Tampa Bay Rays|108|139|Tropicana Field|Final|822978
2026-05-29|2026-05-29T23:10:00Z|16:10|19:10|false|R|Miami Marlins|New York Mets|146|121|Citi Field|Final|823623
2026-05-29|2026-05-29T23:15:00Z|16:15|19:15|false|R|Chicago Cubs|St. Louis Cardinals|112|138|Busch Stadium|Final|823055
2026-05-29|2026-05-29T23:40:00Z|16:40|19:40|false|R|Detroit Tigers|Chicago White Sox|116|145|Rate Field|Final|824594
2026-05-29|2026-05-30T00:05:00Z|17:05|20:05|false|R|Kansas City Royals|Texas Rangers|118|140|Globe Life Field|Final|822894
2026-05-29|2026-05-30T00:10:00Z|17:10|20:10|false|R|Milwaukee Brewers|Houston Astros|158|117|Daikin Park|Final|824191
2026-05-29|2026-05-30T00:40:00Z|17:40|20:40|false|R|San Francisco Giants|Colorado Rockies|137|115|Coors Field|Final|824353
2026-05-29|2026-05-30T01:40:00Z|18:40|21:40|false|R|New York Yankees|Athletics|147|133|Sutter Health Park|Final|825002
2026-05-29|2026-05-30T02:10:00Z|19:10|22:10|false|R|Arizona Diamondbacks|Seattle Mariners|109|136|T-Mobile Park|Final|823135
2026-05-29|2026-05-30T02:15:00Z|19:15|22:15|false|R|Philadelphia Phillies|Los Angeles Dodgers|143|119|UNIQLO Field at Dodger Stadium|Final|823946
2026-05-30|2026-05-30T18:10:00Z|11:10|14:10|false|R|Detroit Tigers|Chicago White Sox|116|145|Rate Field|Final|824593
2026-05-30|2026-05-30T20:05:00Z|13:05|16:05|false|R|Kansas City Royals|Texas Rangers|118|140|Globe Life Field|Final|822893
2026-05-30|2026-05-30T20:05:00Z|13:05|16:05|false|R|Minnesota Twins|Pittsburgh Pirates|142|134|PNC Park|Final|823375
2026-05-30|2026-05-30T20:05:00Z|13:05|16:05|false|R|San Diego Padres|Washington Nationals|135|120|Nationals Park|Final|822731
2026-05-30|2026-05-30T20:05:00Z|13:05|16:05|false|R|Toronto Blue Jays|Baltimore Orioles|141|110|Oriole Park at Camden Yards|Final|824833
2026-05-30|2026-05-30T20:10:00Z|13:10|16:10|false|R|Boston Red Sox|Cleveland Guardians|111|114|Progressive Field|Final|824431
2026-05-30|2026-05-30T20:10:00Z|13:10|16:10|false|R|Los Angeles Angels|Tampa Bay Rays|108|139|Tropicana Field|Final|822975
2026-05-30|2026-05-30T20:10:00Z|13:10|16:10|false|R|Miami Marlins|New York Mets|146|121|Citi Field|Final|823622
2026-05-30|2026-05-30T20:10:00Z|13:10|16:10|false|R|Milwaukee Brewers|Houston Astros|158|117|Daikin Park|Final|824190
2026-05-30|2026-05-30T23:15:00Z|16:15|19:15|false|R|Atlanta Braves|Cincinnati Reds|144|113|Great American Ball Park|Final|824513
2026-05-30|2026-05-30T23:15:00Z|16:15|19:15|false|R|Chicago Cubs|St. Louis Cardinals|112|138|Busch Stadium|Final|823054
2026-05-30|2026-05-31T01:10:00Z|18:10|21:10|false|R|San Francisco Giants|Colorado Rockies|137|115|Coors Field|Final|824352
2026-05-30|2026-05-31T02:05:00Z|19:05|22:05|false|R|New York Yankees|Athletics|147|133|Sutter Health Park|Final|825000
2026-05-30|2026-05-31T02:10:00Z|19:10|22:10|false|R|Arizona Diamondbacks|Seattle Mariners|109|136|T-Mobile Park|Final|823132
2026-05-30|2026-05-31T02:10:00Z|19:10|22:10|false|R|Philadelphia Phillies|Los Angeles Dodgers|143|119|UNIQLO Field at Dodger Stadium|Final|823945
2026-05-31|2026-05-31T16:15:00Z|09:15|12:15|false|R|Toronto Blue Jays|Baltimore Orioles|141|110|Oriole Park at Camden Yards|Final|824832
2026-05-31|2026-05-31T17:35:00Z|10:35|13:35|false|R|Minnesota Twins|Pittsburgh Pirates|142|134|PNC Park|Final|823373
2026-05-31|2026-05-31T17:35:00Z|10:35|13:35|false|R|San Diego Padres|Washington Nationals|135|120|Nationals Park|Final|822729
2026-05-31|2026-05-31T17:40:00Z|10:40|13:40|false|R|Atlanta Braves|Cincinnati Reds|144|113|Great American Ball Park|Final|824512
2026-05-31|2026-05-31T17:40:00Z|10:40|13:40|false|R|Boston Red Sox|Cleveland Guardians|111|114|Progressive Field|Final|824430
2026-05-31|2026-05-31T17:40:00Z|10:40|13:40|false|R|Los Angeles Angels|Tampa Bay Rays|108|139|Tropicana Field|Final|822976
2026-05-31|2026-05-31T17:40:00Z|10:40|13:40|false|R|Miami Marlins|New York Mets|146|121|Citi Field|Final|823621
2026-05-31|2026-05-31T18:10:00Z|11:10|14:10|false|R|Detroit Tigers|Chicago White Sox|116|145|Rate Field|Final|824592
2026-05-31|2026-05-31T18:10:00Z|11:10|14:10|false|R|Milwaukee Brewers|Houston Astros|158|117|Daikin Park|Final|824187
2026-05-31|2026-05-31T18:35:00Z|11:35|14:35|false|R|Kansas City Royals|Texas Rangers|118|140|Globe Life Field|Final|822895
2026-05-31|2026-05-31T19:10:00Z|12:10|15:10|false|R|San Francisco Giants|Colorado Rockies|137|115|Coors Field|Final|824354
2026-05-31|2026-05-31T20:05:00Z|13:05|16:05|false|R|New York Yankees|Athletics|147|133|Sutter Health Park|Final|825001
2026-05-31|2026-05-31T20:10:00Z|13:10|16:10|false|R|Arizona Diamondbacks|Seattle Mariners|109|136|T-Mobile Park|Final|823133
2026-05-31|2026-05-31T20:10:00Z|13:10|16:10|false|R|Philadelphia Phillies|Los Angeles Dodgers|143|119|UNIQLO Field at Dodger Stadium|Final|823944
2026-05-31|2026-05-31T23:20:00Z|16:20|19:20|false|R|Chicago Cubs|St. Louis Cardinals|112|138|Busch Stadium|Final|823053
2026-06-01|2026-06-01T22:40:00Z|15:40|18:40|false|R|Detroit Tigers|Tampa Bay Rays|116|139|Tropicana Field|Final|822974
2026-06-01|2026-06-01T22:45:00Z|15:45|18:45|false|R|Miami Marlins|Washington Nationals|146|120|Nationals Park|Final|822730
2026-06-01|2026-06-01T23:10:00Z|16:10|19:10|false|R|Kansas City Royals|Cincinnati Reds|118|113|Great American Ball Park|Final|824510
2026-06-01|2026-06-01T23:40:00Z|16:40|19:40|false|R|Chicago White Sox|Minnesota Twins|145|142|Target Field|Final|823702
2026-06-01|2026-06-01T23:40:00Z|16:40|19:40|false|R|San Francisco Giants|Milwaukee Brewers|137|158|American Family Field|Final|823781
2026-06-01|2026-06-01T23:45:00Z|16:45|19:45|false|R|Texas Rangers|St. Louis Cardinals|140|138|Busch Stadium|Final|823050
2026-06-01|2026-06-02T01:38:00Z|18:38|21:38|false|R|Colorado Rockies|Los Angeles Angels|115|108|Angel Stadium|Final|824027
2026-06-01|2026-06-02T01:40:00Z|18:40|21:40|false|R|Los Angeles Dodgers|Arizona Diamondbacks|119|109|Chase Field|Final|825078
2026-06-01|2026-06-02T01:40:00Z|18:40|21:40|false|R|New York Mets|Seattle Mariners|121|136|T-Mobile Park|Final|823131
2026-06-02|2026-06-02T22:40:00Z|15:40|18:40|false|R|Detroit Tigers|Tampa Bay Rays|116|139|Tropicana Field|Final|822971
2026-06-02|2026-06-02T22:40:00Z|15:40|18:40|false|R|San Diego Padres|Philadelphia Phillies|135|143|Citizens Bank Park|Final|823460
2026-06-02|2026-06-02T22:45:00Z|15:45|18:45|false|R|Baltimore Orioles|Boston Red Sox|110|111|Fenway Park|Final|824754
2026-06-02|2026-06-02T22:45:00Z|15:45|18:45|false|R|Miami Marlins|Washington Nationals|146|120|Nationals Park|Final|822728
2026-06-02|2026-06-02T23:05:00Z|16:05|19:05|false|R|Cleveland Guardians|New York Yankees|114|147|Yankee Stadium|Final|823541
2026-06-02|2026-06-02T23:10:00Z|16:10|19:10|false|R|Kansas City Royals|Cincinnati Reds|118|113|Great American Ball Park|Final|824511
2026-06-02|2026-06-02T23:15:00Z|16:15|19:15|false|R|Toronto Blue Jays|Atlanta Braves|141|144|Truist Park|Final|824918
2026-06-02|2026-06-02T23:40:00Z|16:40|19:40|false|R|Chicago White Sox|Minnesota Twins|145|142|Target Field|Final|823700
2026-06-02|2026-06-02T23:40:00Z|16:40|19:40|false|R|San Francisco Giants|Milwaukee Brewers|137|158|American Family Field|Final|823782
2026-06-02|2026-06-02T23:45:00Z|16:45|19:45|false|R|Texas Rangers|St. Louis Cardinals|140|138|Busch Stadium|Final|823052
2026-06-02|2026-06-03T00:05:00Z|17:05|20:05|false|R|Athletics|Chicago Cubs|133|112|Wrigley Field|Final|824675
2026-06-02|2026-06-03T00:10:00Z|17:10|20:10|false|R|Pittsburgh Pirates|Houston Astros|134|117|Daikin Park|Final|824189
2026-06-02|2026-06-03T01:38:00Z|18:38|21:38|false|R|Colorado Rockies|Los Angeles Angels|115|108|Angel Stadium|Final|824026
2026-06-02|2026-06-03T01:40:00Z|18:40|21:40|false|R|Los Angeles Dodgers|Arizona Diamondbacks|119|109|Chase Field|Final|825079
2026-06-02|2026-06-03T01:40:00Z|18:40|21:40|false|R|New York Mets|Seattle Mariners|121|136|T-Mobile Park|Final|823129
2026-06-03|2026-06-03T17:05:00Z|10:05|13:05|false|R|Miami Marlins|Washington Nationals|146|120|Nationals Park|Final|822727
2026-06-03|2026-06-03T17:10:00Z|10:10|13:10|false|R|Detroit Tigers|Tampa Bay Rays|116|139|Tropicana Field|Final|822973
2026-06-03|2026-06-03T17:40:00Z|10:40|13:40|false|R|Chicago White Sox|Minnesota Twins|145|142|Target Field|Final|823701
2026-06-03|2026-06-03T19:40:00Z|12:40|15:40|false|R|New York Mets|Seattle Mariners|121|136|T-Mobile Park|Final|823130
2026-06-03|2026-06-03T22:40:00Z|15:40|18:40|false|R|San Diego Padres|Philadelphia Phillies|135|143|Citizens Bank Park|Final|823456
2026-06-03|2026-06-03T22:45:00Z|15:45|18:45|false|R|Baltimore Orioles|Boston Red Sox|110|111|Fenway Park|Final|824755
2026-06-03|2026-06-03T23:05:00Z|16:05|19:05|false|R|Cleveland Guardians|New York Yankees|114|147|Yankee Stadium|Final|823540
2026-06-03|2026-06-03T23:10:00Z|16:10|19:10|false|R|Kansas City Royals|Cincinnati Reds|118|113|Great American Ball Park|Final|824509
2026-06-03|2026-06-03T23:15:00Z|16:15|19:15|false|R|Toronto Blue Jays|Atlanta Braves|141|144|Truist Park|Final|824917
2026-06-03|2026-06-03T23:40:00Z|16:40|19:40|false|R|San Francisco Giants|Milwaukee Brewers|137|158|American Family Field|Final|823780
2026-06-03|2026-06-03T23:45:00Z|16:45|19:45|false|R|Texas Rangers|St. Louis Cardinals|140|138|Busch Stadium|Final|823051
2026-06-03|2026-06-04T00:05:00Z|17:05|20:05|false|R|Athletics|Chicago Cubs|133|112|Wrigley Field|Final|824671
2026-06-03|2026-06-04T00:10:00Z|17:10|20:10|false|R|Pittsburgh Pirates|Houston Astros|134|117|Daikin Park|Final|824188
2026-06-03|2026-06-04T01:38:00Z|18:38|21:38|false|R|Colorado Rockies|Los Angeles Angels|115|108|Angel Stadium|Final|824024
2026-06-03|2026-06-04T01:40:00Z|18:40|21:40|false|R|Los Angeles Dodgers|Arizona Diamondbacks|119|109|Chase Field|Final|825077
2026-06-04|2026-06-04T17:05:00Z|10:05|13:05|false|R|San Diego Padres|Philadelphia Phillies|135|143|Citizens Bank Park|Final|823457
2026-06-04|2026-06-04T17:35:00Z|10:35|13:35|false|R|Baltimore Orioles|Boston Red Sox|110|111|Fenway Park|Final|824753
2026-06-04|2026-06-04T17:35:00Z|10:35|13:35|false|R|Cleveland Guardians|New York Yankees|114|147|Yankee Stadium|Final|823542
2026-06-04|2026-06-04T18:10:00Z|11:10|14:10|false|R|San Francisco Giants|Milwaukee Brewers|137|158|American Family Field|Final|823779
2026-06-04|2026-06-04T23:15:00Z|16:15|19:15|false|R|Toronto Blue Jays|Atlanta Braves|141|144|Truist Park|Final|824919
2026-06-04|2026-06-04T23:40:00Z|16:40|19:40|false|R|Kansas City Royals|Minnesota Twins|118|142|Target Field|Final|823698
2026-06-04|2026-06-05T00:05:00Z|17:05|20:05|false|R|Athletics|Chicago Cubs|133|112|Wrigley Field|Final|824672
2026-06-04|2026-06-05T00:10:00Z|17:10|20:10|false|R|Pittsburgh Pirates|Houston Astros|134|117|Daikin Park|Final|824185
2026-06-04|2026-06-05T01:40:00Z|18:40|21:40|false|R|Los Angeles Dodgers|Arizona Diamondbacks|119|109|Chase Field|Final|825076
2026-06-05|2026-06-05T18:20:00Z|11:20|14:20|false|R|San Francisco Giants|Chicago Cubs|137|112|Wrigley Field|Final|824673
2026-06-05|2026-06-05T22:40:00Z|15:40|18:40|false|R|Chicago White Sox|Philadelphia Phillies|145|143|Citizens Bank Park|Final|823455
2026-06-05|2026-06-05T22:40:00Z|15:40|18:40|false|R|Seattle Mariners|Detroit Tigers|136|116|Comerica Park|Final|824271
2026-06-05|2026-06-05T23:05:00Z|16:05|19:05|false|R|Boston Red Sox|New York Yankees|111|147|Yankee Stadium|Final|823538
2026-06-05|2026-06-05T23:07:00Z|16:07|19:07|false|R|Baltimore Orioles|Toronto Blue Jays|110|141|Rogers Centre|Final|822810
2026-06-05|2026-06-05T23:10:00Z|16:10|19:10|false|R|Tampa Bay Rays|Miami Marlins|139|146|loanDepot park|Final|823860
2026-06-05|2026-06-05T23:15:00Z|16:15|19:15|false|R|Pittsburgh Pirates|Atlanta Braves|134|144|Truist Park|Final|824914
2026-06-05|2026-06-06T00:10:00Z|17:10|20:10|false|R|Athletics|Houston Astros|133|117|Daikin Park|Final|824186
2026-06-05|2026-06-06T00:15:00Z|17:15|20:15|false|R|Cincinnati Reds|St. Louis Cardinals|113|138|Busch Stadium|Final|823049
2026-06-05|2026-06-06T00:15:00Z|17:15|20:15|false|R|Cleveland Guardians|Texas Rangers|114|140|Globe Life Field|Final|822892
2026-06-05|2026-06-06T00:15:00Z|17:15|20:15|false|R|Kansas City Royals|Minnesota Twins|118|142|Target Field|Final|823699
2026-06-05|2026-06-06T00:40:00Z|17:40|20:40|false|R|Milwaukee Brewers|Colorado Rockies|158|115|Coors Field|Final|824350
2026-06-05|2026-06-06T01:40:00Z|18:40|21:40|false|R|New York Mets|San Diego Padres|121|135|Petco Park|Final|823293
2026-06-05|2026-06-06T01:40:00Z|18:40|21:40|false|R|Washington Nationals|Arizona Diamondbacks|120|109|Chase Field|Final|825073
2026-06-05|2026-06-06T02:10:00Z|19:10|22:10|false|R|Los Angeles Angels|Los Angeles Dodgers|108|119|UNIQLO Field at Dodger Stadium|Final|823943
2026-06-06|2026-06-06T17:10:00Z|10:10|13:10|false|R|Seattle Mariners|Detroit Tigers|136|116|Comerica Park|Final|824269
2026-06-06|2026-06-06T18:10:00Z|11:10|14:10|false|R|Kansas City Royals|Minnesota Twins|118|142|Target Field|Final|823697
2026-06-06|2026-06-06T18:15:00Z|11:15|14:15|false|R|Cincinnati Reds|St. Louis Cardinals|113|138|Busch Stadium|Final|823048
2026-06-06|2026-06-06T18:20:00Z|11:20|14:20|false|R|San Francisco Giants|Chicago Cubs|137|112|Wrigley Field|Final|824669
2026-06-06|2026-06-06T19:07:00Z|12:07|15:07|false|R|Baltimore Orioles|Toronto Blue Jays|110|141|Rogers Centre|Final|822808
2026-06-06|2026-06-06T20:05:00Z|13:05|16:05|false|R|Chicago White Sox|Philadelphia Phillies|145|143|Citizens Bank Park|Final|823454
2026-06-06|2026-06-06T20:10:00Z|13:10|16:10|false|R|Athletics|Houston Astros|133|117|Daikin Park|Final|824184
2026-06-06|2026-06-06T20:10:00Z|13:10|16:10|false|R|Pittsburgh Pirates|Atlanta Braves|134|144|Truist Park|Final|824915
2026-06-06|2026-06-06T20:10:00Z|13:10|16:10|false|R|Tampa Bay Rays|Miami Marlins|139|146|loanDepot park|Final|823859
2026-06-06|2026-06-06T20:10:00Z|13:10|16:10|false|R|Washington Nationals|Arizona Diamondbacks|120|109|Chase Field|Final|825075
2026-06-06|2026-06-06T23:35:00Z|16:35|19:35|false|R|Boston Red Sox|New York Yankees|111|147|Yankee Stadium|Postponed|823539
2026-06-06|2026-06-06T23:35:00Z|16:35|19:35|false|R|Cleveland Guardians|Texas Rangers|114|140|Globe Life Field|Final|822891
2026-06-06|2026-06-07T01:10:00Z|18:10|21:10|false|R|Milwaukee Brewers|Colorado Rockies|158|115|Coors Field|Final|824351
2026-06-06|2026-06-07T02:10:00Z|19:10|22:10|false|R|Los Angeles Angels|Los Angeles Dodgers|108|119|UNIQLO Field at Dodger Stadium|Final|823942
2026-06-06|2026-06-07T02:10:00Z|19:10|22:10|false|R|New York Mets|San Diego Padres|121|135|Petco Park|Final|823292
2026-06-07|2026-06-07T17:35:00Z|10:35|13:35|false|R|Boston Red Sox|New York Yankees|111|147|Yankee Stadium|Final|823537
2026-06-07|2026-06-07T17:35:00Z|10:35|13:35|false|R|Chicago White Sox|Philadelphia Phillies|145|143|Citizens Bank Park|Final|823453
2026-06-07|2026-06-07T17:35:00Z|10:35|13:35|false|R|Pittsburgh Pirates|Atlanta Braves|134|144|Truist Park|Final|824916
2026-06-07|2026-06-07T17:37:00Z|10:37|13:37|false|R|Baltimore Orioles|Toronto Blue Jays|110|141|Rogers Centre|Final|822807
2026-06-07|2026-06-07T17:40:00Z|10:40|13:40|false|R|Seattle Mariners|Detroit Tigers|136|116|Comerica Park|Final|824268
2026-06-07|2026-06-07T17:40:00Z|10:40|13:40|false|R|Tampa Bay Rays|Miami Marlins|139|146|loanDepot park|Final|823857
2026-06-07|2026-06-07T18:10:00Z|11:10|14:10|false|R|Athletics|Houston Astros|133|117|Daikin Park|Final|824183
2026-06-07|2026-06-07T18:10:00Z|11:10|14:10|false|R|Kansas City Royals|Minnesota Twins|118|142|Target Field|Final|823696
2026-06-07|2026-06-07T18:15:00Z|11:15|14:15|false|R|Cincinnati Reds|St. Louis Cardinals|113|138|Busch Stadium|Final|823047
2026-06-07|2026-06-07T18:35:00Z|11:35|14:35|false|R|Cleveland Guardians|Texas Rangers|114|140|Globe Life Field|Final|822890
2026-06-07|2026-06-07T19:10:00Z|12:10|15:10|false|R|Milwaukee Brewers|Colorado Rockies|158|115|Coors Field|Final|824349
2026-06-07|2026-06-07T19:15:00Z|12:15|15:15|false|R|Washington Nationals|Arizona Diamondbacks|120|109|Chase Field|Final|825074
2026-06-07|2026-06-07T20:10:00Z|13:10|16:10|false|R|Los Angeles Angels|Los Angeles Dodgers|108|119|UNIQLO Field at Dodger Stadium|Final|823941
2026-06-07|2026-06-07T20:10:00Z|13:10|16:10|false|R|New York Mets|San Diego Padres|121|135|Petco Park|Final|823291
2026-06-07|2026-06-08T00:30:00Z|17:30|20:30|false|R|San Francisco Giants|Chicago Cubs|137|112|Wrigley Field|Final|824670
2026-06-08|2026-06-08T22:35:00Z|15:35|18:35|false|R|Seattle Mariners|Baltimore Orioles|136|110|Oriole Park at Camden Yards|Final|824829
2026-06-08|2026-06-08T22:40:00Z|15:40|18:40|false|R|Boston Red Sox|Tampa Bay Rays|111|139|Tropicana Field|Final|822972
2026-06-08|2026-06-08T22:40:00Z|15:40|18:40|false|R|New York Yankees|Cleveland Guardians|147|114|Progressive Field|Final|824427
2026-06-08|2026-06-08T23:07:00Z|16:07|19:07|false|R|Philadelphia Phillies|Toronto Blue Jays|143|141|Rogers Centre|Final|822806
2026-06-08|2026-06-09T01:38:00Z|18:38|21:38|false|R|Houston Astros|Los Angeles Angels|117|108|Angel Stadium|Final|824025
2026-06-08|2026-06-09T01:40:00Z|18:40|21:40|false|R|Cincinnati Reds|San Diego Padres|113|135|Petco Park|Final|823289
2026-06-08|2026-06-09T01:45:00Z|18:45|21:45|false|R|Washington Nationals|San Francisco Giants|120|137|Oracle Park|Final|823218
2026-06-08|2026-06-09T02:05:00Z|19:05|22:05|false|R|Milwaukee Brewers|Athletics|158|133|Las Vegas Ballpark|Final|824998
2026-06-09|2026-06-09T22:35:00Z|15:35|18:35|false|R|Seattle Mariners|Baltimore Orioles|136|110|Oriole Park at Camden Yards|Final|824830
2026-06-09|2026-06-09T22:40:00Z|15:40|18:40|false|R|Arizona Diamondbacks|Miami Marlins|109|146|loanDepot park|Final|823858
2026-06-09|2026-06-09T22:40:00Z|15:40|18:40|false|R|Boston Red Sox|Tampa Bay Rays|111|139|Tropicana Field|Final|822969
2026-06-09|2026-06-09T22:40:00Z|15:40|18:40|false|R|Los Angeles Dodgers|Pittsburgh Pirates|119|134|PNC Park|Final|823374
2026-06-09|2026-06-09T22:40:00Z|15:40|18:40|false|R|Minnesota Twins|Detroit Tigers|142|116|Comerica Park|Final|824267
2026-06-09|2026-06-09T22:40:00Z|15:40|18:40|false|R|New York Yankees|Cleveland Guardians|147|114|Progressive Field|Final|824429
2026-06-09|2026-06-09T23:07:00Z|16:07|19:07|false|R|Philadelphia Phillies|Toronto Blue Jays|143|141|Rogers Centre|Final|822805
2026-06-09|2026-06-09T23:10:00Z|16:10|19:10|false|R|St. Louis Cardinals|New York Mets|138|121|Citi Field|Final|823620
2026-06-09|2026-06-09T23:40:00Z|16:40|19:40|false|R|Atlanta Braves|Chicago White Sox|144|145|Rate Field|Final|824591
2026-06-09|2026-06-09T23:40:00Z|16:40|19:40|false|R|Texas Rangers|Kansas City Royals|140|118|Kauffman Stadium|Final|824105
2026-06-09|2026-06-10T00:40:00Z|17:40|20:40|false|R|Chicago Cubs|Colorado Rockies|112|115|Coors Field|Final|824347
2026-06-09|2026-06-10T01:38:00Z|18:38|21:38|false|R|Houston Astros|Los Angeles Angels|117|108|Angel Stadium|Final|824023
2026-06-09|2026-06-10T01:40:00Z|18:40|21:40|false|R|Cincinnati Reds|San Diego Padres|113|135|Petco Park|Final|823290
2026-06-09|2026-06-10T01:45:00Z|18:45|21:45|false|R|Washington Nationals|San Francisco Giants|120|137|Oracle Park|Final|823214
2026-06-09|2026-06-10T02:05:00Z|19:05|22:05|false|R|Milwaukee Brewers|Athletics|158|133|Las Vegas Ballpark|Final|824999
2026-06-10|2026-06-10T17:10:00Z|10:10|13:10|false|R|Boston Red Sox|Tampa Bay Rays|111|139|Tropicana Field|Final|822970
2026-06-10|2026-06-10T17:10:00Z|10:10|13:10|false|R|New York Yankees|Cleveland Guardians|147|114|Progressive Field|Final|824428
2026-06-10|2026-06-10T19:45:00Z|12:45|15:45|false|R|Washington Nationals|San Francisco Giants|120|137|Oracle Park|Final|823215
2026-06-10|2026-06-10T20:10:00Z|13:10|16:10|false|R|Cincinnati Reds|San Diego Padres|113|135|Petco Park|Final|823287
2026-06-10|2026-06-10T22:35:00Z|15:35|18:35|false|R|Seattle Mariners|Baltimore Orioles|136|110|Oriole Park at Camden Yards|Final|824831
2026-06-10|2026-06-10T22:40:00Z|15:40|18:40|false|R|Arizona Diamondbacks|Miami Marlins|109|146|loanDepot park|Final|823856
2026-06-10|2026-06-10T22:40:00Z|15:40|18:40|false|R|Los Angeles Dodgers|Pittsburgh Pirates|119|134|PNC Park|Final|823372
2026-06-10|2026-06-10T22:40:00Z|15:40|18:40|false|R|Minnesota Twins|Detroit Tigers|142|116|Comerica Park|Final|824266
2026-06-10|2026-06-10T23:07:00Z|16:07|19:07|false|R|Philadelphia Phillies|Toronto Blue Jays|143|141|Rogers Centre|Final|822804
2026-06-10|2026-06-10T23:10:00Z|16:10|19:10|false|R|St. Louis Cardinals|New York Mets|138|121|Citi Field|Final|823618
2026-06-10|2026-06-10T23:40:00Z|16:40|19:40|false|R|Atlanta Braves|Chicago White Sox|144|145|Rate Field|Final|824590
2026-06-10|2026-06-10T23:40:00Z|16:40|19:40|false|R|Texas Rangers|Kansas City Royals|140|118|Kauffman Stadium|Final|824103
2026-06-10|2026-06-11T00:40:00Z|17:40|20:40|false|R|Chicago Cubs|Colorado Rockies|112|115|Coors Field|Final|824348
2026-06-10|2026-06-11T01:05:00Z|18:05|21:05|false|R|Milwaukee Brewers|Athletics|158|133|Las Vegas Ballpark|Final|824996
2026-06-10|2026-06-11T01:38:00Z|18:38|21:38|false|R|Houston Astros|Los Angeles Angels|117|108|Angel Stadium|Final|824022
2026-06-11|2026-06-11T17:10:00Z|10:10|13:10|false|R|Arizona Diamondbacks|Miami Marlins|109|146|loanDepot park|Final|823855
2026-06-11|2026-06-11T17:10:00Z|10:10|13:10|false|R|Minnesota Twins|Detroit Tigers|142|116|Comerica Park|Final|824265
2026-06-11|2026-06-11T17:10:00Z|10:10|13:10|false|R|St. Louis Cardinals|New York Mets|138|121|Citi Field|Final|823619
2026-06-11|2026-06-11T18:10:00Z|11:10|14:10|false|R|Texas Rangers|Kansas City Royals|140|118|Kauffman Stadium|Final|824101
2026-06-11|2026-06-11T19:10:00Z|12:10|15:10|false|R|Chicago Cubs|Colorado Rockies|112|115|Coors Field|Final|824346
2026-06-11|2026-06-11T22:40:00Z|15:40|18:40|false|R|Los Angeles Dodgers|Pittsburgh Pirates|119|134|PNC Park|Final|823371
2026-06-11|2026-06-11T23:05:00Z|16:05|19:05|false|R|Seattle Mariners|Baltimore Orioles|136|110|Oriole Park at Camden Yards|Final|824827
2026-06-11|2026-06-11T23:40:00Z|16:40|19:40|false|R|Atlanta Braves|Chicago White Sox|144|145|Rate Field|Postponed|824589
2026-06-12|2026-06-12T22:40:00Z|15:40|18:40|false|R|Miami Marlins|Pittsburgh Pirates|146|134|PNC Park|Final|823370
2026-06-12|2026-06-12T22:45:00Z|15:45|18:45|false|R|Seattle Mariners|Washington Nationals|136|120|Nationals Park|Final|822726
2026-06-12|2026-06-12T23:05:00Z|16:05|19:05|false|R|San Diego Padres|Baltimore Orioles|135|110|Oriole Park at Camden Yards|Final|824826
2026-06-12|2026-06-12T23:10:00Z|16:10|19:10|false|R|Detroit Tigers|Cleveland Guardians|116|114|Progressive Field|Final|824425
2026-06-12|2026-06-12T23:10:00Z|16:10|19:10|false|R|Texas Rangers|Boston Red Sox|140|111|Fenway Park|Final|824752
2026-06-12|2026-06-12T23:15:00Z|16:15|19:15|false|R|Arizona Diamondbacks|Cincinnati Reds|109|113|Great American Ball Park|Final|824507
2026-06-12|2026-06-12T23:15:00Z|16:15|19:15|false|R|Atlanta Braves|New York Mets|144|121|Citi Field|Final|823617
2026-06-12|2026-06-12T23:37:00Z|16:37|19:37|false|R|New York Yankees|Toronto Blue Jays|147|141|Rogers Centre|Final|822803
2026-06-12|2026-06-12T23:40:00Z|16:40|19:40|false|R|Los Angeles Dodgers|Chicago White Sox|119|145|Rate Field|Final|824588
2026-06-12|2026-06-12T23:40:00Z|16:40|19:40|false|R|Philadelphia Phillies|Milwaukee Brewers|143|158|American Family Field|Final|823778
2026-06-12|2026-06-13T00:10:00Z|17:10|20:10|false|R|Houston Astros|Kansas City Royals|117|118|Kauffman Stadium|Final|824102
2026-06-12|2026-06-13T00:10:00Z|17:10|20:10|false|R|St. Louis Cardinals|Minnesota Twins|138|142|Target Field|Final|823695
2026-06-12|2026-06-13T01:38:00Z|18:38|21:38|false|R|Tampa Bay Rays|Los Angeles Angels|139|108|Angel Stadium|Final|824020
2026-06-12|2026-06-13T02:05:00Z|19:05|22:05|false|R|Colorado Rockies|Athletics|115|133|Las Vegas Ballpark|Final|824997
2026-06-12|2026-06-13T02:15:00Z|19:15|22:15|false|R|Chicago Cubs|San Francisco Giants|112|137|Oracle Park|Final|823211
2026-06-13|2026-06-13T18:10:00Z|11:10|14:10|false|R|St. Louis Cardinals|Minnesota Twins|138|142|Target Field|Final|823694
2026-06-13|2026-06-13T19:07:00Z|12:07|15:07|false|R|New York Yankees|Toronto Blue Jays|147|141|Rogers Centre|Final|822802
2026-06-13|2026-06-13T20:05:00Z|13:05|16:05|false|R|Miami Marlins|Pittsburgh Pirates|146|134|PNC Park|Final|823369
2026-06-13|2026-06-13T20:05:00Z|13:05|16:05|false|R|San Diego Padres|Baltimore Orioles|135|110|Oriole Park at Camden Yards|Final|824828
2026-06-13|2026-06-13T20:05:00Z|13:05|16:05|false|R|Seattle Mariners|Washington Nationals|136|120|Nationals Park|Final|822725
2026-06-13|2026-06-13T20:10:00Z|13:10|16:10|false|R|Arizona Diamondbacks|Cincinnati Reds|109|113|Great American Ball Park|Final|824508
2026-06-13|2026-06-13T20:10:00Z|13:10|16:10|false|R|Atlanta Braves|New York Mets|144|121|Citi Field|Final|823616
2026-06-13|2026-06-13T20:10:00Z|13:10|16:10|false|R|Detroit Tigers|Cleveland Guardians|116|114|Progressive Field|Final|824426
2026-06-13|2026-06-13T20:10:00Z|13:10|16:10|false|R|Los Angeles Dodgers|Chicago White Sox|119|145|Rate Field|Final|824587
2026-06-13|2026-06-13T20:10:00Z|13:10|16:10|false|R|Texas Rangers|Boston Red Sox|140|111|Fenway Park|Final|824749
2026-06-13|2026-06-13T23:10:00Z|16:10|19:10|false|R|Houston Astros|Kansas City Royals|117|118|Kauffman Stadium|Final|824100
2026-06-13|2026-06-13T23:10:00Z|16:10|19:10|false|R|Philadelphia Phillies|Milwaukee Brewers|143|158|American Family Field|Final|823776
2026-06-13|2026-06-14T02:05:00Z|19:05|22:05|false|R|Chicago Cubs|San Francisco Giants|112|137|Oracle Park|Final|823213
2026-06-13|2026-06-14T02:05:00Z|19:05|22:05|false|R|Colorado Rockies|Athletics|115|133|Las Vegas Ballpark|Final|824995
2026-06-13|2026-06-14T02:07:00Z|19:07|22:07|false|R|Tampa Bay Rays|Los Angeles Angels|139|108|Angel Stadium|Final|824019
2026-06-14|2026-06-14T16:15:00Z|09:15|12:15|false|R|Miami Marlins|Pittsburgh Pirates|146|134|PNC Park|Final|823368
2026-06-14|2026-06-14T17:35:00Z|10:35|13:35|false|R|San Diego Padres|Baltimore Orioles|135|110|Oriole Park at Camden Yards|Final|824823
2026-06-14|2026-06-14T17:35:00Z|10:35|13:35|false|R|Seattle Mariners|Washington Nationals|136|120|Nationals Park|Final|822722
2026-06-14|2026-06-14T17:37:00Z|10:37|13:37|false|R|New York Yankees|Toronto Blue Jays|147|141|Rogers Centre|Final|822801
2026-06-14|2026-06-14T17:40:00Z|10:40|13:40|false|R|Arizona Diamondbacks|Cincinnati Reds|109|113|Great American Ball Park|Final|824506
2026-06-14|2026-06-14T17:40:00Z|10:40|13:40|false|R|Atlanta Braves|New York Mets|144|121|Citi Field|Final|823615
2026-06-14|2026-06-14T17:40:00Z|10:40|13:40|false|R|Detroit Tigers|Cleveland Guardians|116|114|Progressive Field|Postponed|824424
2026-06-14|2026-06-14T18:10:00Z|11:10|14:10|false|R|Houston Astros|Kansas City Royals|117|118|Kauffman Stadium|Final|824099
2026-06-14|2026-06-14T18:10:00Z|11:10|14:10|false|R|Los Angeles Dodgers|Chicago White Sox|119|145|Rate Field|Final|824586
2026-06-14|2026-06-14T18:10:00Z|11:10|14:10|false|R|Philadelphia Phillies|Milwaukee Brewers|143|158|American Family Field|Final|823777
2026-06-14|2026-06-14T18:10:00Z|11:10|14:10|false|R|St. Louis Cardinals|Minnesota Twins|138|142|Target Field|Final|823693
2026-06-14|2026-06-14T19:05:00Z|12:05|15:05|false|R|Colorado Rockies|Athletics|115|133|Las Vegas Ballpark|Final|824994
2026-06-14|2026-06-14T19:10:00Z|12:10|15:10|false|R|Chicago Cubs|San Francisco Giants|112|137|Oracle Park|Final|823212
2026-06-14|2026-06-14T20:07:00Z|13:07|16:07|false|R|Tampa Bay Rays|Los Angeles Angels|139|108|Angel Stadium|Final|824021
2026-06-14|2026-06-14T23:20:00Z|16:20|19:20|false|R|Texas Rangers|Boston Red Sox|140|111|Fenway Park|Final|824751
2026-06-15|2026-06-15T22:40:00Z|15:40|18:40|false|R|Miami Marlins|Philadelphia Phillies|146|143|Citizens Bank Park|Final|823452
2026-06-15|2026-06-15T22:45:00Z|15:45|18:45|false|R|Kansas City Royals|Washington Nationals|118|120|Nationals Park|Final|822724
2026-06-15|2026-06-15T23:10:00Z|16:10|19:10|false|R|New York Mets|Cincinnati Reds|121|113|Great American Ball Park|Final|824505
2026-06-15|2026-06-15T23:45:00Z|16:45|19:45|false|R|San Diego Padres|St. Louis Cardinals|135|138|Busch Stadium|Final|823046
2026-06-15|2026-06-16T00:05:00Z|17:05|20:05|false|R|Colorado Rockies|Chicago Cubs|115|112|Wrigley Field|Final|824666
2026-06-15|2026-06-16T00:05:00Z|17:05|20:05|false|R|Minnesota Twins|Texas Rangers|142|140|Globe Life Field|Final|822887
2026-06-15|2026-06-16T00:10:00Z|17:10|20:10|false|R|Detroit Tigers|Houston Astros|116|117|Daikin Park|Final|824181
2026-06-15|2026-06-16T01:40:00Z|18:40|21:40|false|R|Los Angeles Angels|Arizona Diamondbacks|108|109|Chase Field|Final|825071
2026-06-15|2026-06-16T01:40:00Z|18:40|21:40|false|R|Pittsburgh Pirates|Athletics|134|133|Sutter Health Park|Final|824993
2026-06-15|2026-06-16T02:10:00Z|19:10|22:10|false|R|Tampa Bay Rays|Los Angeles Dodgers|139|119|UNIQLO Field at Dodger Stadium|Final|823938
2026-06-16|2026-06-16T22:40:00Z|15:40|18:40|false|R|Miami Marlins|Philadelphia Phillies|146|143|Citizens Bank Park|Final|823451
2026-06-16|2026-06-16T22:45:00Z|15:45|18:45|false|R|Kansas City Royals|Washington Nationals|118|120|Nationals Park|Final|822723
2026-06-16|2026-06-16T22:45:00Z|15:45|18:45|false|R|Toronto Blue Jays|Boston Red Sox|141|111|Fenway Park|Final|824750
2026-06-16|2026-06-16T23:05:00Z|16:05|19:05|false|R|Chicago White Sox|New York Yankees|145|147|Yankee Stadium|Final|823535
2026-06-16|2026-06-16T23:10:00Z|16:10|19:10|false|R|New York Mets|Cincinnati Reds|121|113|Great American Ball Park|Final|824504
2026-06-16|2026-06-16T23:15:00Z|16:15|19:15|false|R|San Francisco Giants|Atlanta Braves|137|144|Truist Park|Final|824912
2026-06-16|2026-06-16T23:40:00Z|16:40|19:40|false|R|Cleveland Guardians|Milwaukee Brewers|114|158|American Family Field|Final|823775
2026-06-16|2026-06-16T23:45:00Z|16:45|19:45|false|R|San Diego Padres|St. Louis Cardinals|135|138|Busch Stadium|Final|823045
2026-06-16|2026-06-17T00:05:00Z|17:05|20:05|false|R|Colorado Rockies|Chicago Cubs|115|112|Wrigley Field|Final|824667
2026-06-16|2026-06-17T00:05:00Z|17:05|20:05|false|R|Minnesota Twins|Texas Rangers|142|140|Globe Life Field|Final|822888
2026-06-16|2026-06-17T00:10:00Z|17:10|20:10|false|R|Detroit Tigers|Houston Astros|116|117|Daikin Park|Final|824182
2026-06-16|2026-06-17T01:40:00Z|18:40|21:40|false|R|Baltimore Orioles|Seattle Mariners|110|136|T-Mobile Park|Final|823128
2026-06-16|2026-06-17T01:40:00Z|18:40|21:40|false|R|Los Angeles Angels|Arizona Diamondbacks|108|109|Chase Field|Final|825070
2026-06-16|2026-06-17T01:40:00Z|18:40|21:40|false|R|Pittsburgh Pirates|Athletics|134|133|Sutter Health Park|Final|824991
2026-06-16|2026-06-17T02:10:00Z|19:10|22:10|false|R|Tampa Bay Rays|Los Angeles Dodgers|139|119|UNIQLO Field at Dodger Stadium|Final|823939
2026-06-17|2026-06-17T16:40:00Z|09:40|12:40|false|R|New York Mets|Cincinnati Reds|121|113|Great American Ball Park|Final|824503
2026-06-17|2026-06-17T17:05:00Z|10:05|13:05|false|R|Kansas City Royals|Washington Nationals|118|120|Nationals Park|Final|822721
2026-06-17|2026-06-17T17:05:00Z|10:05|13:05|false|R|Miami Marlins|Philadelphia Phillies|146|143|Citizens Bank Park|Final|823450
2026-06-17|2026-06-17T18:10:00Z|11:10|14:10|false|R|Detroit Tigers|Houston Astros|116|117|Daikin Park|Final|824178
2026-06-17|2026-06-17T18:15:00Z|11:15|14:15|false|R|San Diego Padres|St. Louis Cardinals|135|138|Busch Stadium|Final|823044
2026-06-17|2026-06-17T19:10:00Z|12:10|15:10|false|R|Tampa Bay Rays|Los Angeles Dodgers|139|119|UNIQLO Field at Dodger Stadium|Final|823940
2026-06-17|2026-06-17T19:40:00Z|12:40|15:40|false|R|Los Angeles Angels|Arizona Diamondbacks|108|109|Chase Field|Final|825072
2026-06-17|2026-06-17T22:45:00Z|15:45|18:45|false|R|Toronto Blue Jays|Boston Red Sox|141|111|Fenway Park|Final|824746
2026-06-17|2026-06-17T23:05:00Z|16:05|19:05|false|R|Chicago White Sox|New York Yankees|145|147|Yankee Stadium|Final|823536
2026-06-17|2026-06-17T23:15:00Z|16:15|19:15|false|R|San Francisco Giants|Atlanta Braves|137|144|Truist Park|Final|824913
2026-06-17|2026-06-17T23:40:00Z|16:40|19:40|false|R|Cleveland Guardians|Milwaukee Brewers|114|158|American Family Field|Final|823774
2026-06-17|2026-06-18T00:05:00Z|17:05|20:05|false|R|Colorado Rockies|Chicago Cubs|115|112|Wrigley Field|Final|824668
2026-06-17|2026-06-18T01:40:00Z|18:40|21:40|false|R|Baltimore Orioles|Seattle Mariners|110|136|T-Mobile Park|Final|823127
2026-06-17|2026-06-18T01:40:00Z|18:40|21:40|false|R|Pittsburgh Pirates|Athletics|134|133|Sutter Health Park|Final|824992
2026-06-18|2026-06-18T17:35:00Z|10:35|13:35|false|R|Toronto Blue Jays|Boston Red Sox|141|111|Fenway Park|Final|824748
2026-06-18|2026-06-18T18:10:00Z|11:10|14:10|false|R|Cleveland Guardians|Milwaukee Brewers|114|158|American Family Field|Final|823772
2026-06-18|2026-06-18T18:35:00Z|11:35|14:35|false|R|Minnesota Twins|Texas Rangers|142|140|Globe Life Field|Final|822889
2026-06-18|2026-06-18T20:10:00Z|13:10|16:10|false|R|Baltimore Orioles|Seattle Mariners|110|136|T-Mobile Park|Final|823125
2026-06-18|2026-06-18T22:40:00Z|15:40|18:40|false|R|New York Mets|Philadelphia Phillies|121|143|Citizens Bank Park|Final|823448
2026-06-18|2026-06-18T23:05:00Z|16:05|19:05|false|R|Chicago White Sox|New York Yankees|145|147|Yankee Stadium|Final|823533
2026-06-18|2026-06-18T23:15:00Z|16:15|19:15|false|R|San Francisco Giants|Atlanta Braves|137|144|Truist Park|Postponed|824911
2026-06-18|2026-06-18T23:40:00Z|16:40|19:40|false|R|St. Louis Cardinals|Kansas City Royals|138|118|Kauffman Stadium|Final|824098
2026-06-18|2026-06-19T01:40:00Z|18:40|21:40|false|R|Los Angeles Angels|Athletics|108|133|Sutter Health Park|Final|824989
2026-06-19|2026-06-19T18:20:00Z|11:20|14:20|false|R|Toronto Blue Jays|Chicago Cubs|141|112|Wrigley Field|Final|824663
2026-06-19|2026-06-19T22:40:00Z|15:40|18:40|false|R|Chicago White Sox|Detroit Tigers|145|116|Comerica Park|Final|824264
2026-06-19|2026-06-19T23:05:00Z|16:05|19:05|false|R|Cincinnati Reds|New York Yankees|113|147|Yankee Stadium|Final|823534
2026-06-19|2026-06-19T23:10:00Z|16:10|19:10|false|R|San Francisco Giants|Miami Marlins|137|146|loanDepot park|Final|823853
2026-06-19|2026-06-19T23:10:00Z|16:10|19:10|false|R|Washington Nationals|Tampa Bay Rays|120|139|Tropicana Field|Final|822966
2026-06-19|2026-06-19T23:15:00Z|16:15|19:15|false|R|Milwaukee Brewers|Atlanta Braves|158|144|Truist Park|Final|824910
2026-06-19|2026-06-20T00:05:00Z|17:05|20:05|false|R|San Diego Padres|Texas Rangers|135|140|Globe Life Field|Final|822886
2026-06-19|2026-06-20T00:10:00Z|17:10|20:10|false|R|Cleveland Guardians|Houston Astros|114|117|Daikin Park|Final|824179
2026-06-19|2026-06-20T00:15:00Z|17:15|20:15|false|R|St. Louis Cardinals|Kansas City Royals|138|118|Kauffman Stadium|Final|824097
2026-06-19|2026-06-20T00:40:00Z|17:40|20:40|false|R|Pittsburgh Pirates|Colorado Rockies|134|115|Coors Field|Final|824345
2026-06-19|2026-06-20T01:40:00Z|18:40|21:40|false|R|Los Angeles Angels|Athletics|108|133|Sutter Health Park|Final|824990
2026-06-19|2026-06-20T01:45:00Z|18:45|21:45|false|R|Minnesota Twins|Arizona Diamondbacks|142|109|Chase Field|Final|825069
2026-06-19|2026-06-20T02:10:00Z|19:10|22:10|false|R|Baltimore Orioles|Los Angeles Dodgers|110|119|UNIQLO Field at Dodger Stadium|Final|823936
2026-06-19|2026-06-20T02:10:00Z|19:10|22:10|false|R|Boston Red Sox|Seattle Mariners|111|136|T-Mobile Park|Final|823124
2026-06-20|2026-06-20T17:10:00Z|10:10|13:10|false|R|Chicago White Sox|Detroit Tigers|145|116|Comerica Park|Final|824263
2026-06-20|2026-06-20T17:35:00Z|10:35|13:35|false|R|Cincinnati Reds|New York Yankees|113|147|Yankee Stadium|Final|823532
2026-06-20|2026-06-20T18:20:00Z|11:20|14:20|false|R|Toronto Blue Jays|Chicago Cubs|141|112|Wrigley Field|Final|824665
2026-06-20|2026-06-20T20:05:00Z|13:05|16:05|false|R|San Diego Padres|Texas Rangers|135|140|Globe Life Field|Final|822885
2026-06-20|2026-06-20T20:10:00Z|13:10|16:10|false|R|Milwaukee Brewers|Atlanta Braves|158|144|Truist Park|Final|824909
2026-06-20|2026-06-20T20:10:00Z|13:10|16:10|false|R|San Francisco Giants|Miami Marlins|137|146|loanDepot park|Final|823854
2026-06-20|2026-06-20T20:10:00Z|13:10|16:10|false|R|Washington Nationals|Tampa Bay Rays|120|139|Tropicana Field|Final|822967
2026-06-20|2026-06-20T23:15:00Z|16:15|19:15|false|R|Cleveland Guardians|Houston Astros|114|117|Daikin Park|Final|824180
2026-06-20|2026-06-20T23:15:00Z|16:15|19:15|false|R|New York Mets|Philadelphia Phillies|121|143|Citizens Bank Park|Final|823447
2026-06-20|2026-06-21T01:10:00Z|18:10|21:10|false|R|Pittsburgh Pirates|Colorado Rockies|134|115|Coors Field|Final|824342
2026-06-20|2026-06-21T02:05:00Z|19:05|22:05|false|R|Los Angeles Angels|Athletics|108|133|Sutter Health Park|Final|824988
2026-06-20|2026-06-21T02:10:00Z|19:10|22:10|false|R|Baltimore Orioles|Los Angeles Dodgers|110|119|UNIQLO Field at Dodger Stadium|Final|823937
2026-06-20|2026-06-21T02:10:00Z|19:10|22:10|false|R|Boston Red Sox|Seattle Mariners|111|136|T-Mobile Park|Final|823126
2026-06-20|2026-06-21T02:10:00Z|19:10|22:10|false|R|Minnesota Twins|Arizona Diamondbacks|142|109|Chase Field|Final|825068
2026-06-21|2026-06-21T17:35:00Z|10:35|13:35|false|R|Cincinnati Reds|New York Yankees|113|147|Yankee Stadium|Final|823531
2026-06-21|2026-06-21T17:35:00Z|10:35|13:35|false|R|Milwaukee Brewers|Atlanta Braves|158|144|Truist Park|Final|824908
2026-06-21|2026-06-21T17:40:00Z|10:40|13:40|false|R|Chicago White Sox|Detroit Tigers|145|116|Comerica Park|Final|824260
2026-06-21|2026-06-21T17:40:00Z|10:40|13:40|false|R|San Francisco Giants|Miami Marlins|137|146|loanDepot park|Final|823852
2026-06-21|2026-06-21T17:40:00Z|10:40|13:40|false|R|Washington Nationals|Tampa Bay Rays|120|139|Tropicana Field|Final|822968
2026-06-21|2026-06-21T18:10:00Z|11:10|14:10|false|R|Cleveland Guardians|Houston Astros|114|117|Daikin Park|Final|824177
2026-06-21|2026-06-21T18:10:00Z|11:10|14:10|false|R|St. Louis Cardinals|Kansas City Royals|138|118|Kauffman Stadium|Final|824095
2026-06-21|2026-06-21T18:20:00Z|11:20|14:20|false|R|Toronto Blue Jays|Chicago Cubs|141|112|Wrigley Field|Postponed|824664
2026-06-21|2026-06-21T18:35:00Z|11:35|14:35|false|R|San Diego Padres|Texas Rangers|135|140|Globe Life Field|Final|822883
2026-06-21|2026-06-21T19:10:00Z|12:10|15:10|false|R|Pittsburgh Pirates|Colorado Rockies|134|115|Coors Field|Final|824343
2026-06-21|2026-06-21T19:15:00Z|12:15|15:15|false|R|Minnesota Twins|Arizona Diamondbacks|142|109|Chase Field|Final|825067
2026-06-21|2026-06-21T20:05:00Z|13:05|16:05|false|R|Los Angeles Angels|Athletics|108|133|Sutter Health Park|Final|824987
2026-06-21|2026-06-21T20:10:00Z|13:10|16:10|false|R|Baltimore Orioles|Los Angeles Dodgers|110|119|UNIQLO Field at Dodger Stadium|Final|823934
2026-06-21|2026-06-21T20:10:00Z|13:10|16:10|false|R|Boston Red Sox|Seattle Mariners|111|136|T-Mobile Park|Final|823123
2026-06-21|2026-06-21T23:20:00Z|16:20|19:20|false|R|New York Mets|Philadelphia Phillies|121|143|Citizens Bank Park|Final|823449
2026-06-22|2026-06-22T22:10:00Z|15:10|18:10|false|R|New York Yankees|Detroit Tigers|147|116|Comerica Park|Final|824261
2026-06-22|2026-06-22T22:40:00Z|15:40|18:40|false|R|Kansas City Royals|Tampa Bay Rays|118|139|Tropicana Field|Final|822964
2026-06-22|2026-06-22T22:40:00Z|15:40|18:40|false|R|Texas Rangers|Miami Marlins|140|146|loanDepot park|Final|823851
2026-06-22|2026-06-22T22:45:00Z|15:45|18:45|false|R|Philadelphia Phillies|Washington Nationals|143|120|Nationals Park|Final|822720
2026-06-22|2026-06-22T23:07:00Z|16:07|19:07|false|R|Houston Astros|Toronto Blue Jays|117|141|Rogers Centre|Final|822800
2026-06-22|2026-06-22T23:10:00Z|16:10|19:10|false|R|Chicago Cubs|New York Mets|112|121|Citi Field|Postponed|823613
2026-06-22|2026-06-22T23:10:00Z|16:10|19:10|false|R|Milwaukee Brewers|Cincinnati Reds|158|113|Great American Ball Park|Final|824502
2026-06-22|2026-06-22T23:40:00Z|16:40|19:40|false|R|Cleveland Guardians|Chicago White Sox|114|145|Rate Field|Final|824585
2026-06-22|2026-06-22T23:40:00Z|16:40|19:40|false|R|Los Angeles Dodgers|Minnesota Twins|119|142|Target Field|Final|823692
2026-06-22|2026-06-22T23:45:00Z|16:45|19:45|false|R|Arizona Diamondbacks|St. Louis Cardinals|109|138|Busch Stadium|Final|823040
2026-06-22|2026-06-23T00:40:00Z|17:40|20:40|false|R|Boston Red Sox|Colorado Rockies|111|115|Coors Field|Final|824344
2026-06-22|2026-06-23T01:38:00Z|18:38|21:38|false|R|Baltimore Orioles|Los Angeles Angels|110|108|Angel Stadium|Final|824016
2026-06-22|2026-06-23T02:10:00Z|19:10|22:10|false|R|Atlanta Braves|San Diego Padres|144|135|Petco Park|Final|823288
2026-06-23|2026-06-23T20:07:00Z|13:07|16:07|false|R|Houston Astros|Toronto Blue Jays|117|141|Rogers Centre|Final|822799
2026-06-23|2026-06-23T22:40:00Z|15:40|18:40|false|R|Kansas City Royals|Tampa Bay Rays|118|139|Tropicana Field|Final|822963
2026-06-23|2026-06-23T22:40:00Z|15:40|18:40|false|R|New York Yankees|Detroit Tigers|147|116|Comerica Park|Final|824262
2026-06-23|2026-06-23T22:40:00Z|15:40|18:40|false|R|Seattle Mariners|Pittsburgh Pirates|136|134|PNC Park|Final|823365
2026-06-23|2026-06-23T22:40:00Z|15:40|18:40|false|R|Texas Rangers|Miami Marlins|140|146|loanDepot park|Final|823849
2026-06-23|2026-06-23T22:45:00Z|15:45|18:45|false|R|Philadelphia Phillies|Washington Nationals|143|120|Nationals Park|Final|822718
2026-06-23|2026-06-23T23:10:00Z|16:10|19:10|false|R|Chicago Cubs|New York Mets|112|121|Citi Field|Final|823614
2026-06-23|2026-06-23T23:10:00Z|16:10|19:10|false|R|Milwaukee Brewers|Cincinnati Reds|158|113|Great American Ball Park|Final|824501
2026-06-23|2026-06-23T23:40:00Z|16:40|19:40|false|R|Cleveland Guardians|Chicago White Sox|114|145|Rate Field|Final|824584
2026-06-23|2026-06-23T23:40:00Z|16:40|19:40|false|R|Los Angeles Dodgers|Minnesota Twins|119|142|Target Field|Final|823690
2026-06-23|2026-06-23T23:45:00Z|16:45|19:45|false|R|Arizona Diamondbacks|St. Louis Cardinals|109|138|Busch Stadium|Final|823043
2026-06-23|2026-06-24T00:40:00Z|17:40|20:40|false|R|Boston Red Sox|Colorado Rockies|111|115|Coors Field|Final|824340
2026-06-23|2026-06-24T01:38:00Z|18:38|21:38|false|R|Baltimore Orioles|Los Angeles Angels|110|108|Angel Stadium|Final|824017
2026-06-23|2026-06-24T01:40:00Z|18:40|21:40|false|R|Atlanta Braves|San Diego Padres|144|135|Petco Park|Final|823286
2026-06-23|2026-06-24T01:45:00Z|18:45|21:45|false|R|Athletics|San Francisco Giants|133|137|Oracle Park|Final|823210
2026-06-24|2026-06-24T16:10:00Z|09:10|12:10|false|R|Texas Rangers|Miami Marlins|140|146|loanDepot park|Final|823850
2026-06-24|2026-06-24T18:10:00Z|11:10|14:10|false|R|Cleveland Guardians|Chicago White Sox|114|145|Rate Field|Final|824583
2026-06-24|2026-06-24T19:10:00Z|12:10|15:10|false|R|Boston Red Sox|Colorado Rockies|111|115|Coors Field|Final|824341
2026-06-24|2026-06-24T20:07:00Z|13:07|16:07|false|R|Baltimore Orioles|Los Angeles Angels|110|108|Angel Stadium|Final|824018
2026-06-24|2026-06-24T22:40:00Z|15:40|18:40|false|R|Kansas City Royals|Tampa Bay Rays|118|139|Tropicana Field|Final|822965
2026-06-24|2026-06-24T22:40:00Z|15:40|18:40|false|R|New York Yankees|Detroit Tigers|147|116|Comerica Park|Final|824259
2026-06-24|2026-06-24T22:40:00Z|15:40|18:40|false|R|Seattle Mariners|Pittsburgh Pirates|136|134|PNC Park|Final|823367
2026-06-24|2026-06-24T22:45:00Z|15:45|18:45|false|R|Philadelphia Phillies|Washington Nationals|143|120|Nationals Park|Final|822719
2026-06-24|2026-06-24T23:07:00Z|16:07|19:07|false|R|Houston Astros|Toronto Blue Jays|117|141|Rogers Centre|Final|822798
2026-06-24|2026-06-24T23:10:00Z|16:10|19:10|false|R|Chicago Cubs|New York Mets|112|121|Citi Field|Final|823611
2026-06-24|2026-06-24T23:10:00Z|16:10|19:10|false|R|Milwaukee Brewers|Cincinnati Reds|158|113|Great American Ball Park|Final|824500
2026-06-24|2026-06-24T23:40:00Z|16:40|19:40|false|R|Los Angeles Dodgers|Minnesota Twins|119|142|Target Field|Final|823691
2026-06-24|2026-06-24T23:45:00Z|16:45|19:45|false|R|Arizona Diamondbacks|St. Louis Cardinals|109|138|Busch Stadium|Final|823041
2026-06-24|2026-06-25T00:40:00Z|17:40|20:40|false|R|Atlanta Braves|San Diego Padres|144|135|Petco Park|Final|823284
2026-06-24|2026-06-25T01:45:00Z|18:45|21:45|false|R|Athletics|San Francisco Giants|133|137|Oracle Park|Final|823208
2026-06-25|2026-06-25T16:10:00Z|09:10|12:10|false|R|Kansas City Royals|Tampa Bay Rays|118|139|Tropicana Field|Final|822961
2026-06-25|2026-06-25T16:35:00Z|09:35|12:35|false|R|Seattle Mariners|Pittsburgh Pirates|136|134|PNC Park|Final|823366
2026-06-25|2026-06-25T19:45:00Z|12:45|15:45|false|R|Athletics|San Francisco Giants|133|137|Oracle Park|Final|823209
2026-06-25|2026-06-25T22:40:00Z|15:40|18:40|false|R|Houston Astros|Detroit Tigers|117|116|Comerica Park|Final|824258
2026-06-25|2026-06-25T22:45:00Z|15:45|18:45|false|R|Philadelphia Phillies|Washington Nationals|143|120|Nationals Park|Final|822717
2026-06-25|2026-06-25T23:07:00Z|16:07|19:07|false|R|Texas Rangers|Toronto Blue Jays|140|141|Rogers Centre|Final|822797
2026-06-25|2026-06-25T23:10:00Z|16:10|19:10|false|R|Chicago Cubs|New York Mets|112|121|Citi Field|Final|823612
2026-06-25|2026-06-25T23:10:00Z|16:10|19:10|false|R|New York Yankees|Boston Red Sox|147|111|Fenway Park|Final|824747
2026-06-25|2026-06-25T23:45:00Z|16:45|19:45|false|R|Arizona Diamondbacks|St. Louis Cardinals|109|138|Busch Stadium|Postponed|823042
2026-06-26|2026-06-26T22:40:00Z|15:40|18:40|false|R|Cincinnati Reds|Pittsburgh Pirates|113|134|PNC Park|Final|823363
2026-06-26|2026-06-26T22:40:00Z|15:40|18:40|false|R|Houston Astros|Detroit Tigers|117|116|Comerica Park|Final|824255
2026-06-26|2026-06-26T23:05:00Z|16:05|19:05|false|R|Washington Nationals|Baltimore Orioles|120|110|Oriole Park at Camden Yards|Final|824824
2026-06-26|2026-06-26T23:07:00Z|16:07|19:07|false|R|Texas Rangers|Toronto Blue Jays|140|141|Rogers Centre|Final|822796
2026-06-26|2026-06-26T23:10:00Z|16:10|19:10|false|R|Arizona Diamondbacks|Tampa Bay Rays|109|139|Tropicana Field|Final|822962
2026-06-26|2026-06-26T23:10:00Z|16:10|19:10|false|R|New York Yankees|Boston Red Sox|147|111|Fenway Park|Final|824743
2026-06-26|2026-06-26T23:10:00Z|16:10|19:10|false|R|Philadelphia Phillies|New York Mets|143|121|Citi Field|Final|823610
2026-06-26|2026-06-26T23:10:00Z|16:10|19:10|false|R|Seattle Mariners|Cleveland Guardians|136|114|Progressive Field|Final|824423
2026-06-26|2026-06-26T23:40:00Z|16:40|19:40|false|R|Kansas City Royals|Chicago White Sox|118|145|Rate Field|Final|824582
2026-06-26|2026-06-26T23:45:00Z|16:45|19:45|false|R|Chicago Cubs|Milwaukee Brewers|112|158|American Family Field|Final|823773
2026-06-26|2026-06-27T00:10:00Z|17:10|20:10|false|R|Colorado Rockies|Minnesota Twins|115|142|Target Field|Final|823688
2026-06-26|2026-06-27T00:15:00Z|17:15|20:15|false|R|Miami Marlins|St. Louis Cardinals|146|138|Busch Stadium|Final|823039
2026-06-26|2026-06-27T01:38:00Z|18:38|21:38|false|R|Athletics|Los Angeles Angels|133|108|Angel Stadium|Final|824014
2026-06-26|2026-06-27T01:45:00Z|18:45|21:45|false|R|Los Angeles Dodgers|San Diego Padres|119|135|Petco Park|Final|823285
2026-06-26|2026-06-27T02:15:00Z|19:15|22:15|false|R|Atlanta Braves|San Francisco Giants|144|137|Oracle Park|Final|823206
2026-06-27|2026-06-27T17:10:00Z|10:10|13:10|false|R|Houston Astros|Detroit Tigers|117|116|Comerica Park|Final|824257
2026-06-27|2026-06-27T17:10:00Z|10:10|13:10|false|R|New York Yankees|Boston Red Sox|147|111|Fenway Park|Final|824745
2026-06-27|2026-06-27T19:07:00Z|12:07|15:07|false|R|Texas Rangers|Toronto Blue Jays|140|141|Rogers Centre|Final|822794
2026-06-27|2026-06-27T20:05:00Z|13:05|16:05|false|R|Cincinnati Reds|Pittsburgh Pirates|113|134|PNC Park|Final|823364
2026-06-27|2026-06-27T20:10:00Z|13:10|16:10|false|R|Kansas City Royals|Chicago White Sox|118|145|Rate Field|Final|824581
2026-06-27|2026-06-27T20:10:00Z|13:10|16:10|false|R|Philadelphia Phillies|New York Mets|143|121|Citi Field|Final|823609
2026-06-27|2026-06-27T22:10:00Z|15:10|18:10|false|R|Arizona Diamondbacks|Tampa Bay Rays|109|139|Tropicana Field|Final|822960
2026-06-27|2026-06-27T23:05:00Z|16:05|19:05|false|R|Washington Nationals|Baltimore Orioles|120|110|Oriole Park at Camden Yards|Final|824825
2026-06-27|2026-06-27T23:10:00Z|16:10|19:10|false|R|Chicago Cubs|Milwaukee Brewers|112|158|American Family Field|Final|823770
2026-06-27|2026-06-27T23:10:00Z|16:10|19:10|false|R|Colorado Rockies|Minnesota Twins|115|142|Target Field|Final|823689
2026-06-27|2026-06-27T23:10:00Z|16:10|19:10|false|R|Seattle Mariners|Cleveland Guardians|136|114|Progressive Field|Final|824421
2026-06-27|2026-06-27T23:15:00Z|16:15|19:15|false|R|Miami Marlins|St. Louis Cardinals|146|138|Busch Stadium|Final|823038
2026-06-27|2026-06-28T00:40:00Z|17:40|20:40|false|R|Los Angeles Dodgers|San Diego Padres|119|135|Petco Park|Final|823283
2026-06-27|2026-06-28T01:05:00Z|18:05|21:05|false|R|Atlanta Braves|San Francisco Giants|144|137|Oracle Park|Final|823207
2026-06-27|2026-06-28T01:38:00Z|18:38|21:38|false|R|Athletics|Los Angeles Angels|133|108|Angel Stadium|Final|824015
2026-06-28|2026-06-28T17:35:00Z|10:35|13:35|false|R|Cincinnati Reds|Pittsburgh Pirates|113|134|PNC Park|Final|823362
2026-06-28|2026-06-28T17:35:00Z|10:35|13:35|false|R|Washington Nationals|Baltimore Orioles|120|110|Oriole Park at Camden Yards|Final|824821
2026-06-28|2026-06-28T17:37:00Z|10:37|13:37|false|R|Texas Rangers|Toronto Blue Jays|140|141|Rogers Centre|Final|822795
2026-06-28|2026-06-28T17:40:00Z|10:40|13:40|false|R|Arizona Diamondbacks|Tampa Bay Rays|109|139|Tropicana Field|Final|822959
2026-06-28|2026-06-28T17:40:00Z|10:40|13:40|false|R|Houston Astros|Detroit Tigers|117|116|Comerica Park|Final|824256
2026-06-28|2026-06-28T17:40:00Z|10:40|13:40|false|R|Philadelphia Phillies|New York Mets|143|121|Citi Field|Final|823608
2026-06-28|2026-06-28T17:40:00Z|10:40|13:40|false|R|Seattle Mariners|Cleveland Guardians|136|114|Progressive Field|Final|824422
2026-06-28|2026-06-28T18:10:00Z|11:10|14:10|false|R|Chicago Cubs|Milwaukee Brewers|112|158|American Family Field|Final|823769
2026-06-28|2026-06-28T18:10:00Z|11:10|14:10|false|R|Colorado Rockies|Minnesota Twins|115|142|Target Field|Final|823686
2026-06-28|2026-06-28T18:10:00Z|11:10|14:10|false|R|Kansas City Royals|Chicago White Sox|118|145|Rate Field|Final|824580
2026-06-28|2026-06-28T18:15:00Z|11:15|14:15|false|R|Miami Marlins|St. Louis Cardinals|146|138|Busch Stadium|Final|823037
2026-06-28|2026-06-28T19:15:00Z|12:15|15:15|false|R|Athletics|Los Angeles Angels|133|108|Angel Stadium|Final|824011
2026-06-28|2026-06-28T20:05:00Z|13:05|16:05|false|R|Atlanta Braves|San Francisco Giants|144|137|Oracle Park|Final|823204
2026-06-28|2026-06-28T20:10:00Z|13:10|16:10|false|R|Los Angeles Dodgers|San Diego Padres|119|135|Petco Park|Final|823281
2026-06-28|2026-06-28T23:20:00Z|16:20|19:20|false|R|New York Yankees|Boston Red Sox|147|111|Fenway Park|Final|824744
2026-06-29|2026-06-29T22:35:00Z|15:35|18:35|false|R|Chicago White Sox|Baltimore Orioles|145|110|Oriole Park at Camden Yards|Final|824822
2026-06-29|2026-06-29T22:40:00Z|15:40|18:40|false|R|Pittsburgh Pirates|Philadelphia Phillies|134|143|Citizens Bank Park|Final|823444
2026-06-29|2026-06-29T23:05:00Z|16:05|19:05|false|R|Detroit Tigers|New York Yankees|116|147|Yankee Stadium|Final|823529
2026-06-29|2026-06-29T23:07:00Z|16:07|19:07|false|R|New York Mets|Toronto Blue Jays|121|141|Rogers Centre|Final|822792
2026-06-29|2026-06-29T23:10:00Z|16:10|19:10|false|R|Texas Rangers|Cleveland Guardians|140|114|Progressive Field|Final|824420
2026-06-29|2026-06-29T23:10:00Z|16:10|19:10|false|R|Washington Nationals|Boston Red Sox|120|111|Fenway Park|Final|824741
2026-06-29|2026-06-29T23:40:00Z|16:40|19:40|false|R|Cincinnati Reds|Milwaukee Brewers|113|158|American Family Field|Final|823771
2026-06-29|2026-06-30T00:05:00Z|17:05|20:05|false|R|San Diego Padres|Chicago Cubs|135|112|Wrigley Field|Final|824662
2026-06-29|2026-06-30T00:10:00Z|17:10|20:10|false|R|Minnesota Twins|Houston Astros|142|117|Daikin Park|Final|824176
2026-06-29|2026-06-30T00:40:00Z|17:40|20:40|false|R|Miami Marlins|Colorado Rockies|146|115|Coors Field|Final|824339
2026-06-29|2026-06-30T01:40:00Z|18:40|21:40|false|R|Los Angeles Angels|Seattle Mariners|108|136|T-Mobile Park|Final|823121
2026-06-29|2026-06-30T01:40:00Z|18:40|21:40|false|R|Los Angeles Dodgers|Athletics|119|133|Sutter Health Park|Final|824986
2026-06-29|2026-06-30T01:40:00Z|18:40|21:40|false|R|San Francisco Giants|Arizona Diamondbacks|137|109|Chase Field|Final|825065
2026-06-30|2026-06-30T22:35:00Z|15:35|18:35|false|R|Chicago White Sox|Baltimore Orioles|145|110|Oriole Park at Camden Yards|Final|824819
2026-06-30|2026-06-30T22:40:00Z|15:40|18:40|false|R|Pittsburgh Pirates|Philadelphia Phillies|134|143|Citizens Bank Park|Final|823445
2026-06-30|2026-06-30T22:40:00Z|15:40|18:40|false|R|Texas Rangers|Cleveland Guardians|140|114|Progressive Field|Final|824418
2026-06-30|2026-06-30T23:05:00Z|16:05|19:05|false|R|Detroit Tigers|New York Yankees|116|147|Yankee Stadium|Final|823528
2026-06-30|2026-06-30T23:07:00Z|16:07|19:07|false|R|New York Mets|Toronto Blue Jays|121|141|Rogers Centre|Final|822793
2026-06-30|2026-06-30T23:10:00Z|16:10|19:10|false|R|Washington Nationals|Boston Red Sox|120|111|Fenway Park|Final|824742
2026-06-30|2026-06-30T23:15:00Z|16:15|19:15|false|R|St. Louis Cardinals|Atlanta Braves|138|144|Truist Park|Final|824907
2026-06-30|2026-06-30T23:40:00Z|16:40|19:40|false|R|Cincinnati Reds|Milwaukee Brewers|113|158|American Family Field|Final|823768
2026-06-30|2026-06-30T23:40:00Z|16:40|19:40|false|R|Tampa Bay Rays|Kansas City Royals|139|118|Kauffman Stadium|Final|824096
2026-06-30|2026-07-01T00:05:00Z|17:05|20:05|false|R|San Diego Padres|Chicago Cubs|135|112|Wrigley Field|Final|824661
2026-06-30|2026-07-01T00:10:00Z|17:10|20:10|false|R|Minnesota Twins|Houston Astros|142|117|Daikin Park|Final|824175
2026-06-30|2026-07-01T00:40:00Z|17:40|20:40|false|R|Miami Marlins|Colorado Rockies|146|115|Coors Field|Final|824338
2026-06-30|2026-07-01T01:40:00Z|18:40|21:40|false|R|Los Angeles Angels|Seattle Mariners|108|136|T-Mobile Park|Final|823122
2026-06-30|2026-07-01T01:40:00Z|18:40|21:40|false|R|Los Angeles Dodgers|Athletics|119|133|Sutter Health Park|Final|824984
2026-06-30|2026-07-01T01:40:00Z|18:40|21:40|false|R|San Francisco Giants|Arizona Diamondbacks|137|109|Chase Field|Final|825066
2026-07-01|2026-07-01T16:35:00Z|09:35|12:35|false|R|Chicago White Sox|Baltimore Orioles|145|110|Oriole Park at Camden Yards|Final|824818
2026-07-01|2026-07-01T17:10:00Z|10:10|13:10|false|R|Texas Rangers|Cleveland Guardians|140|114|Progressive Field|Final|824419
2026-07-01|2026-07-01T17:35:00Z|10:35|13:35|false|R|Detroit Tigers|New York Yankees|116|147|Yankee Stadium|Final|823530
2026-07-01|2026-07-01T17:35:00Z|10:35|13:35|false|R|Washington Nationals|Boston Red Sox|120|111|Fenway Park|Final|824740
2026-07-01|2026-07-01T18:20:00Z|11:20|14:20|false|R|San Diego Padres|Chicago Cubs|135|112|Wrigley Field|Final|824660
2026-07-01|2026-07-01T19:07:00Z|12:07|15:07|false|R|New York Mets|Toronto Blue Jays|121|141|Rogers Centre|Final|822791
2026-07-01|2026-07-01T22:40:00Z|15:40|18:40|false|R|Pittsburgh Pirates|Philadelphia Phillies|134|143|Citizens Bank Park|Final|823446
2026-07-01|2026-07-01T23:15:00Z|16:15|19:15|false|R|St. Louis Cardinals|Atlanta Braves|138|144|Truist Park|Final|824905
2026-07-01|2026-07-01T23:40:00Z|16:40|19:40|false|R|Tampa Bay Rays|Kansas City Royals|139|118|Kauffman Stadium|Final|824094
2026-07-01|2026-07-02T00:10:00Z|17:10|20:10|false|R|Cincinnati Reds|Milwaukee Brewers|113|158|American Family Field|Final|823767
2026-07-01|2026-07-02T00:10:00Z|17:10|20:10|false|R|Minnesota Twins|Houston Astros|142|117|Daikin Park|Final|824174
2026-07-01|2026-07-02T00:40:00Z|17:40|20:40|false|R|Miami Marlins|Colorado Rockies|146|115|Coors Field|Final|824337
2026-07-01|2026-07-02T01:40:00Z|18:40|21:40|false|R|Los Angeles Dodgers|Athletics|119|133|Sutter Health Park|Final|824985
2026-07-01|2026-07-02T01:40:00Z|18:40|21:40|false|R|San Francisco Giants|Arizona Diamondbacks|137|109|Chase Field|Final|825064
2026-07-02|2026-07-02T16:35:00Z|09:35|12:35|false|R|Pittsburgh Pirates|Philadelphia Phillies|134|143|Citizens Bank Park|Final|823442
2026-07-02|2026-07-02T18:10:00Z|11:10|14:10|false|R|Cincinnati Reds|Milwaukee Brewers|113|158|American Family Field|Final|823765
2026-07-02|2026-07-02T19:10:00Z|12:10|15:10|false|R|Miami Marlins|Colorado Rockies|146|115|Coors Field|Final|824335
2026-07-02|2026-07-02T22:40:00Z|15:40|18:40|false|R|Chicago White Sox|Cleveland Guardians|145|114|Progressive Field|Final|824416
2026-07-02|2026-07-02T23:15:00Z|16:15|19:15|false|R|St. Louis Cardinals|Atlanta Braves|138|144|Truist Park|Final|824906
2026-07-02|2026-07-02T23:40:00Z|16:40|19:40|false|R|Tampa Bay Rays|Kansas City Royals|139|118|Kauffman Stadium|Final|824093
2026-07-02|2026-07-03T00:05:00Z|17:05|20:05|false|R|Detroit Tigers|Texas Rangers|116|140|Globe Life Field|Final|822884
2026-07-02|2026-07-03T01:40:00Z|18:40|21:40|false|R|Los Angeles Angels|Seattle Mariners|108|136|T-Mobile Park|Final|823119
2026-07-02|2026-07-03T02:10:00Z|19:10|22:10|false|R|San Diego Padres|Los Angeles Dodgers|135|119|UNIQLO Field at Dodger Stadium|Final|823935
2026-07-03|2026-07-03T20:05:00Z|13:05|16:05|false|R|St. Louis Cardinals|Chicago Cubs|138|112|Wrigley Field|Final|824659
2026-07-03|2026-07-03T22:45:00Z|15:45|18:45|false|R|Pittsburgh Pirates|Washington Nationals|134|120|Nationals Park|Final|822714
2026-07-03|2026-07-03T23:05:00Z|16:05|19:05|false|R|Minnesota Twins|New York Yankees|142|147|Yankee Stadium|Final|823527
2026-07-03|2026-07-03T23:10:00Z|16:10|19:10|false|R|Baltimore Orioles|Cincinnati Reds|110|113|Great American Ball Park|Final|824498
2026-07-03|2026-07-03T23:10:00Z|16:10|19:10|false|R|Chicago White Sox|Cleveland Guardians|145|114|Progressive Field|Final|824417
2026-07-03|2026-07-03T23:15:00Z|16:15|19:15|false|R|New York Mets|Atlanta Braves|121|144|Truist Park|Final|824904
2026-07-03|2026-07-04T00:10:00Z|17:10|20:10|false|R|San Francisco Giants|Colorado Rockies|137|115|Coors Field|Final|824336
2026-07-03|2026-07-04T00:15:00Z|17:15|20:15|false|R|Tampa Bay Rays|Houston Astros|139|117|Daikin Park|Final|824173
2026-07-03|2026-07-04T01:38:00Z|18:38|21:38|false|R|Boston Red Sox|Los Angeles Angels|111|108|Angel Stadium|Final|824013
2026-07-03|2026-07-04T01:40:00Z|18:40|21:40|false|R|Miami Marlins|Athletics|146|133|Sutter Health Park|Final|824982
2026-07-03|2026-07-04T01:45:00Z|18:45|21:45|false|R|Milwaukee Brewers|Arizona Diamondbacks|158|109|Chase Field|Final|825062
2026-07-03|2026-07-04T02:10:00Z|19:10|22:10|false|R|San Diego Padres|Los Angeles Dodgers|135|119|UNIQLO Field at Dodger Stadium|Final|823933
2026-07-03|2026-07-04T02:10:00Z|19:10|22:10|false|R|Toronto Blue Jays|Seattle Mariners|141|136|T-Mobile Park|Final|823120
2026-07-04|2026-07-04T15:05:00Z|08:05|11:05|false|R|Pittsburgh Pirates|Washington Nationals|134|120|Nationals Park|Final|822716
2026-07-04|2026-07-04T17:35:00Z|10:35|13:35|false|R|Minnesota Twins|New York Yankees|142|147|Yankee Stadium|Final|823526
2026-07-04|2026-07-04T20:05:00Z|13:05|16:05|false|R|Detroit Tigers|Texas Rangers|116|140|Globe Life Field|Final|822882
2026-07-04|2026-07-04T20:10:00Z|13:10|16:10|false|R|Toronto Blue Jays|Seattle Mariners|141|136|T-Mobile Park|Final|823118
2026-07-04|2026-07-04T23:10:00Z|16:10|19:10|false|R|Baltimore Orioles|Cincinnati Reds|110|113|Great American Ball Park|Final|824499
2026-07-04|2026-07-04T23:10:00Z|16:10|19:10|false|R|Chicago White Sox|Cleveland Guardians|145|114|Progressive Field|Final|824415
2026-07-04|2026-07-04T23:10:00Z|16:10|19:10|false|R|Tampa Bay Rays|Houston Astros|139|117|Daikin Park|Final|824171
2026-07-04|2026-07-05T00:08:00Z|17:08|20:08|false|R|New York Mets|Atlanta Braves|121|144|Truist Park|Final|824903
2026-07-04|2026-07-05T00:08:00Z|17:08|20:08|false|R|St. Louis Cardinals|Chicago Cubs|138|112|Wrigley Field|Final|824658
2026-07-04|2026-07-05T00:10:00Z|17:10|20:10|false|R|Philadelphia Phillies|Kansas City Royals|143|118|Kauffman Stadium|Final|824092
2026-07-04|2026-07-05T00:10:00Z|17:10|20:10|false|R|San Francisco Giants|Colorado Rockies|137|115|Coors Field|Final|824334
2026-07-04|2026-07-05T01:38:00Z|18:38|21:38|false|R|Boston Red Sox|Los Angeles Angels|111|108|Angel Stadium|Final|824012
2026-07-04|2026-07-05T01:40:00Z|18:40|21:40|false|R|Miami Marlins|Athletics|146|133|Sutter Health Park|Final|824983
2026-07-04|2026-07-05T01:40:00Z|18:40|21:40|false|R|Milwaukee Brewers|Arizona Diamondbacks|158|109|Chase Field|Final|825063
2026-07-04|2026-07-05T02:10:00Z|19:10|22:10|false|R|San Diego Padres|Los Angeles Dodgers|135|119|UNIQLO Field at Dodger Stadium|Final|823932
2026-07-05|2026-07-05T16:30:00Z|09:30|12:30|false|R|New York Mets|Atlanta Braves|121|144|Truist Park|Final|824902
2026-07-05|2026-07-05T17:00:00Z|10:00|13:00|false|R|Pittsburgh Pirates|Washington Nationals|134|120|Nationals Park|Final|822715
2026-07-05|2026-07-05T17:05:00Z|10:05|13:05|false|R|Baltimore Orioles|Cincinnati Reds|110|113|Great American Ball Park|Final|824497
2026-07-05|2026-07-05T17:35:00Z|10:35|13:35|false|R|Minnesota Twins|New York Yankees|142|147|Yankee Stadium|Final|823525
2026-07-05|2026-07-05T18:00:00Z|11:00|14:00|false|R|Chicago White Sox|Cleveland Guardians|145|114|Progressive Field|Final|824413
2026-07-05|2026-07-05T18:30:00Z|11:30|14:30|false|R|St. Louis Cardinals|Chicago Cubs|138|112|Wrigley Field|Final|824656
2026-07-05|2026-07-05T19:00:00Z|12:00|15:00|false|R|Philadelphia Phillies|Kansas City Royals|143|118|Kauffman Stadium|Final|824091
2026-07-05|2026-07-05T19:30:00Z|12:30|15:30|false|R|Detroit Tigers|Texas Rangers|116|140|Globe Life Field|Final|822879
2026-07-05|2026-07-05T19:30:00Z|12:30|15:30|false|R|Tampa Bay Rays|Houston Astros|139|117|Daikin Park|Final|824172
2026-07-05|2026-07-05T20:00:00Z|13:00|16:00|false|R|Milwaukee Brewers|Arizona Diamondbacks|158|109|Chase Field|Final|825061
2026-07-05|2026-07-05T20:00:00Z|13:00|16:00|false|R|San Francisco Giants|Colorado Rockies|137|115|Coors Field|Final|824333
2026-07-05|2026-07-05T20:30:00Z|13:30|16:30|false|R|Miami Marlins|Athletics|146|133|Sutter Health Park|Final|824980
2026-07-05|2026-07-05T21:00:00Z|14:00|17:00|false|R|Toronto Blue Jays|Seattle Mariners|141|136|T-Mobile Park|Final|823117
2026-07-05|2026-07-05T23:20:00Z|16:20|19:20|false|R|San Diego Padres|Los Angeles Dodgers|135|119|UNIQLO Field at Dodger Stadium|Final|823931
2026-07-05|2026-07-06T01:30:00Z|18:30|21:30|false|R|Boston Red Sox|Los Angeles Angels|111|108|Angel Stadium|Final|824010
2026-07-06|2026-07-06T18:10:00Z|11:10|14:10|false|R|Philadelphia Phillies|Kansas City Royals|143|118|Kauffman Stadium|Final|824089
2026-07-06|2026-07-06T22:40:00Z|15:40|18:40|false|R|New York Yankees|Tampa Bay Rays|147|139|Tropicana Field|Final|822958
2026-07-06|2026-07-06T22:45:00Z|15:45|18:45|false|R|Houston Astros|Washington Nationals|117|120|Nationals Park|Final|822712
2026-07-06|2026-07-06T23:15:00Z|16:15|19:15|false|R|New York Mets|Atlanta Braves|121|144|Truist Park|Final|824900
2026-07-06|2026-07-06T23:45:00Z|16:45|19:45|false|R|Milwaukee Brewers|St. Louis Cardinals|158|138|Busch Stadium|Final|823036
2026-07-06|2026-07-07T01:40:00Z|18:40|21:40|false|R|Arizona Diamondbacks|San Diego Padres|109|135|Petco Park|Final|823282
2026-07-06|2026-07-07T01:45:00Z|18:45|21:45|false|R|Toronto Blue Jays|San Francisco Giants|141|137|Oracle Park|Final|823205
2026-07-06|2026-07-07T02:10:00Z|19:10|22:10|false|R|Colorado Rockies|Los Angeles Dodgers|115|119|UNIQLO Field at Dodger Stadium|Final|823930
2026-07-07|2026-07-07T22:35:00Z|15:35|18:35|false|R|Chicago Cubs|Baltimore Orioles|112|110|Oriole Park at Camden Yards|Final|824820
2026-07-07|2026-07-07T22:40:00Z|15:40|18:40|false|R|Athletics|Detroit Tigers|133|116|Comerica Park|Final|824254
2026-07-07|2026-07-07T22:40:00Z|15:40|18:40|false|R|Atlanta Braves|Pittsburgh Pirates|144|134|PNC Park|Final|823361
2026-07-07|2026-07-07T22:40:00Z|15:40|18:40|false|R|New York Yankees|Tampa Bay Rays|147|139|Tropicana Field|Final|822956
2026-07-07|2026-07-07T22:40:00Z|15:40|18:40|false|R|Seattle Mariners|Miami Marlins|136|146|loanDepot park|Final|823847
2026-07-07|2026-07-07T22:45:00Z|15:45|18:45|false|R|Houston Astros|Washington Nationals|117|120|Nationals Park|Final|822713
2026-07-07|2026-07-07T23:10:00Z|16:10|19:10|false|R|Kansas City Royals|New York Mets|118|121|Citi Field|Final|823607
2026-07-07|2026-07-07T23:10:00Z|16:10|19:10|false|R|Philadelphia Phillies|Cincinnati Reds|143|113|Great American Ball Park|Final|824495
2026-07-07|2026-07-07T23:40:00Z|16:40|19:40|false|R|Boston Red Sox|Chicago White Sox|111|145|Rate Field|Final|824579
2026-07-07|2026-07-07T23:40:00Z|16:40|19:40|false|R|Cleveland Guardians|Minnesota Twins|114|142|Target Field|Final|823687
2026-07-07|2026-07-07T23:45:00Z|16:45|19:45|false|R|Milwaukee Brewers|St. Louis Cardinals|158|138|Busch Stadium|Final|823035
2026-07-07|2026-07-08T00:05:00Z|17:05|20:05|false|R|Los Angeles Angels|Texas Rangers|108|140|Globe Life Field|Final|822881
2026-07-07|2026-07-08T01:40:00Z|18:40|21:40|false|R|Arizona Diamondbacks|San Diego Padres|109|135|Petco Park|Final|823280
2026-07-07|2026-07-08T01:45:00Z|18:45|21:45|false|R|Toronto Blue Jays|San Francisco Giants|141|137|Oracle Park|Final|823203
2026-07-07|2026-07-08T02:10:00Z|19:10|22:10|false|R|Colorado Rockies|Los Angeles Dodgers|115|119|UNIQLO Field at Dodger Stadium|Final|823929
2026-07-08|2026-07-08T19:45:00Z|12:45|15:45|false|R|Toronto Blue Jays|San Francisco Giants|141|137|Oracle Park|Final|823202
2026-07-08|2026-07-08T22:35:00Z|15:35|18:35|false|R|Chicago Cubs|Baltimore Orioles|112|110|Oriole Park at Camden Yards|Final|824815
2026-07-08|2026-07-08T22:40:00Z|15:40|18:40|false|R|Athletics|Detroit Tigers|133|116|Comerica Park|Final|824253
2026-07-08|2026-07-08T22:40:00Z|15:40|18:40|false|R|Atlanta Braves|Pittsburgh Pirates|144|134|PNC Park|Final|823360
2026-07-08|2026-07-08T22:40:00Z|15:40|18:40|false|R|New York Yankees|Tampa Bay Rays|147|139|Tropicana Field|Final|822957
2026-07-08|2026-07-08T22:40:00Z|15:40|18:40|false|R|Seattle Mariners|Miami Marlins|136|146|loanDepot park|Final|823848
2026-07-08|2026-07-08T22:45:00Z|15:45|18:45|false|R|Houston Astros|Washington Nationals|117|120|Nationals Park|Final|822710
2026-07-08|2026-07-08T23:10:00Z|16:10|19:10|false|R|Kansas City Royals|New York Mets|118|121|Citi Field|Final|823605
2026-07-08|2026-07-08T23:10:00Z|16:10|19:10|false|R|Philadelphia Phillies|Cincinnati Reds|143|113|Great American Ball Park|Final|824496
2026-07-08|2026-07-08T23:40:00Z|16:40|19:40|false|R|Boston Red Sox|Chicago White Sox|111|145|Rate Field|Final|824578
2026-07-08|2026-07-08T23:40:00Z|16:40|19:40|false|R|Cleveland Guardians|Minnesota Twins|114|142|Target Field|Final|823684
2026-07-08|2026-07-08T23:45:00Z|16:45|19:45|false|R|Milwaukee Brewers|St. Louis Cardinals|158|138|Busch Stadium|Final|823032
2026-07-08|2026-07-09T00:05:00Z|17:05|20:05|false|R|Los Angeles Angels|Texas Rangers|108|140|Globe Life Field|Final|822880
2026-07-08|2026-07-09T02:10:00Z|19:10|22:10|false|R|Arizona Diamondbacks|San Diego Padres|109|135|Petco Park|Final|823279
2026-07-08|2026-07-09T02:10:00Z|19:10|22:10|false|R|Colorado Rockies|Los Angeles Dodgers|115|119|UNIQLO Field at Dodger Stadium|Final|823928
2026-07-09|2026-07-09T16:35:00Z|09:35|12:35|false|R|Atlanta Braves|Pittsburgh Pirates|144|134|PNC Park|Final|823359
2026-07-09|2026-07-09T17:10:00Z|10:10|13:10|false|R|Kansas City Royals|New York Mets|118|121|Citi Field|Final|823606
2026-07-09|2026-07-09T17:10:00Z|10:10|13:10|false|R|New York Yankees|Tampa Bay Rays|147|139|Tropicana Field|Final|822954
2026-07-09|2026-07-09T17:35:00Z|10:35|13:35|false|R|Chicago Cubs|Baltimore Orioles|112|110|Oriole Park at Camden Yards|Final|824816
2026-07-09|2026-07-09T17:40:00Z|10:40|13:40|false|R|Cleveland Guardians|Minnesota Twins|114|142|Target Field|Final|823683
2026-07-09|2026-07-09T18:10:00Z|11:10|14:10|false|R|Boston Red Sox|Chicago White Sox|111|145|Rate Field|Final|824577
2026-07-09|2026-07-09T22:40:00Z|15:40|18:40|false|R|Athletics|Detroit Tigers|133|116|Comerica Park|Final|824251
2026-07-09|2026-07-09T22:40:00Z|15:40|18:40|false|R|Seattle Mariners|Miami Marlins|136|146|loanDepot park|Final|823846
2026-07-09|2026-07-09T23:10:00Z|16:10|19:10|false|R|Philadelphia Phillies|Cincinnati Reds|143|113|Great American Ball Park|Final|824494
2026-07-09|2026-07-09T23:45:00Z|16:45|19:45|false|R|Milwaukee Brewers|St. Louis Cardinals|158|138|Busch Stadium|Final|823034
2026-07-09|2026-07-10T00:05:00Z|17:05|20:05|false|R|Los Angeles Angels|Texas Rangers|108|140|Globe Life Field|Final|822877
2026-07-09|2026-07-10T01:40:00Z|18:40|21:40|false|R|Arizona Diamondbacks|San Diego Padres|109|135|Petco Park|Final|823277
2026-07-09|2026-07-10T01:45:00Z|18:45|21:45|false|R|Colorado Rockies|San Francisco Giants|115|137|Oracle Park|Final|823201
2026-07-10|2026-07-10T22:40:00Z|15:40|18:40|false|R|Milwaukee Brewers|Pittsburgh Pirates|158|134|PNC Park|Postponed|823357
2026-07-10|2026-07-10T22:40:00Z|15:40|18:40|false|R|Philadelphia Phillies|Detroit Tigers|143|116|Comerica Park|Final|824252
2026-07-10|2026-07-10T22:45:00Z|15:45|18:45|false|R|New York Yankees|Washington Nationals|147|120|Nationals Park|Final|822709
2026-07-10|2026-07-10T23:05:00Z|16:05|19:05|false|R|Kansas City Royals|Baltimore Orioles|118|110|Oriole Park at Camden Yards|Final|824817
2026-07-10|2026-07-10T23:10:00Z|16:10|19:10|false|R|Chicago Cubs|Cincinnati Reds|112|113|Great American Ball Park|Final|824493
2026-07-10|2026-07-10T23:10:00Z|16:10|19:10|false|R|Cleveland Guardians|Miami Marlins|114|146|loanDepot park|Final|823845
2026-07-10|2026-07-10T23:10:00Z|16:10|19:10|false|R|Seattle Mariners|Tampa Bay Rays|136|139|Tropicana Field|Final|822955
2026-07-10|2026-07-10T23:15:00Z|16:15|19:15|false|R|Boston Red Sox|New York Mets|111|121|Citi Field|Final|823604
2026-07-10|2026-07-10T23:40:00Z|16:40|19:40|false|R|Athletics|Chicago White Sox|133|145|Rate Field|Final|824575
2026-07-10|2026-07-11T00:05:00Z|17:05|20:05|false|R|Houston Astros|Texas Rangers|117|140|Globe Life Field|Final|822878
2026-07-10|2026-07-11T00:10:00Z|17:10|20:10|false|R|Los Angeles Angels|Minnesota Twins|108|142|Target Field|Final|823685
2026-07-10|2026-07-11T00:15:00Z|17:15|20:15|false|R|Atlanta Braves|St. Louis Cardinals|144|138|Busch Stadium|Final|823033
2026-07-10|2026-07-11T01:40:00Z|18:40|21:40|false|R|Toronto Blue Jays|San Diego Padres|141|135|Petco Park|Final|823278
2026-07-10|2026-07-11T02:10:00Z|19:10|22:10|false|R|Arizona Diamondbacks|Los Angeles Dodgers|109|119|UNIQLO Field at Dodger Stadium|Final|823927
2026-07-10|2026-07-11T02:15:00Z|19:15|22:15|false|R|Colorado Rockies|San Francisco Giants|115|137|Oracle Park|Final|823200
2026-07-11|2026-07-11T18:10:00Z|11:10|14:10|false|R|Athletics|Chicago White Sox|133|145|Rate Field|Final|824576
2026-07-11|2026-07-11T18:10:00Z|11:10|14:10|false|R|Los Angeles Angels|Minnesota Twins|108|142|Target Field|Final|823682
2026-07-11|2026-07-11T20:05:00Z|13:05|16:05|false|R|Colorado Rockies|San Francisco Giants|115|137|Oracle Park|Final|823198
2026-07-11|2026-07-11T20:05:00Z|13:05|16:05|false|R|Milwaukee Brewers|Pittsburgh Pirates|158|134|PNC Park|Final|823356
2026-07-11|2026-07-11T20:05:00Z|13:05|16:05|false|R|New York Yankees|Washington Nationals|147|120|Nationals Park|Final|822711
2026-07-11|2026-07-11T20:10:00Z|13:10|16:10|false|R|Boston Red Sox|New York Mets|111|121|Citi Field|Final|823603
2026-07-11|2026-07-11T20:10:00Z|13:10|16:10|false|R|Cleveland Guardians|Miami Marlins|114|146|loanDepot park|Final|823844
2026-07-11|2026-07-11T20:10:00Z|13:10|16:10|false|R|Seattle Mariners|Tampa Bay Rays|136|139|Tropicana Field|Final|822953
2026-07-11|2026-07-11T22:10:00Z|15:10|18:10|false|R|Philadelphia Phillies|Detroit Tigers|143|116|Comerica Park|Final|824249
2026-07-11|2026-07-11T23:05:00Z|16:05|19:05|false|R|Houston Astros|Texas Rangers|117|140|Globe Life Field|Final|822875
2026-07-11|2026-07-11T23:05:00Z|16:05|19:05|false|R|Kansas City Royals|Baltimore Orioles|118|110|Oriole Park at Camden Yards|Final|824813
2026-07-11|2026-07-11T23:10:00Z|16:10|19:10|false|R|Chicago Cubs|Cincinnati Reds|112|113|Great American Ball Park|Final|824492
2026-07-11|2026-07-11T23:15:00Z|16:15|19:15|false|R|Atlanta Braves|St. Louis Cardinals|144|138|Busch Stadium|Final|823030
2026-07-11|2026-07-12T00:40:00Z|17:40|20:40|false|R|Toronto Blue Jays|San Diego Padres|141|135|Petco Park|Final|823276
2026-07-11|2026-07-12T01:10:00Z|18:10|21:10|false|R|Arizona Diamondbacks|Los Angeles Dodgers|109|119|UNIQLO Field at Dodger Stadium|Final|823926
2026-07-12|2026-07-12T16:15:00Z|09:15|12:15|false|R|Milwaukee Brewers|Pittsburgh Pirates|158|134|PNC Park|Final|823358
2026-07-12|2026-07-12T17:35:00Z|10:35|13:35|false|R|Kansas City Royals|Baltimore Orioles|118|110|Oriole Park at Camden Yards|Final|824814
2026-07-12|2026-07-12T17:35:00Z|10:35|13:35|false|R|New York Yankees|Washington Nationals|147|120|Nationals Park|Final|822708
2026-07-12|2026-07-12T17:40:00Z|10:40|13:40|false|R|Boston Red Sox|New York Mets|111|121|Citi Field|Final|823602
2026-07-12|2026-07-12T17:40:00Z|10:40|13:40|false|R|Chicago Cubs|Cincinnati Reds|112|113|Great American Ball Park|Final|824491
2026-07-12|2026-07-12T17:40:00Z|10:40|13:40|false|R|Cleveland Guardians|Miami Marlins|114|146|loanDepot park|Final|823842
2026-07-12|2026-07-12T17:40:00Z|10:40|13:40|false|R|Philadelphia Phillies|Detroit Tigers|143|116|Comerica Park|Final|824250
2026-07-12|2026-07-12T17:40:00Z|10:40|13:40|false|R|Seattle Mariners|Tampa Bay Rays|136|139|Tropicana Field|Final|822951
2026-07-12|2026-07-12T18:10:00Z|11:10|14:10|false|R|Athletics|Chicago White Sox|133|145|Rate Field|Final|824574
2026-07-12|2026-07-12T18:10:00Z|11:10|14:10|false|R|Los Angeles Angels|Minnesota Twins|108|142|Target Field|Final|823681
2026-07-12|2026-07-12T18:15:00Z|11:15|14:15|false|R|Atlanta Braves|St. Louis Cardinals|144|138|Busch Stadium|Final|823029
2026-07-12|2026-07-12T18:35:00Z|11:35|14:35|false|R|Houston Astros|Texas Rangers|117|140|Globe Life Field|Final|822876
2026-07-12|2026-07-12T20:05:00Z|13:05|16:05|false|R|Colorado Rockies|San Francisco Giants|115|137|Oracle Park|Final|823199
2026-07-12|2026-07-12T20:10:00Z|13:10|16:10|false|R|Arizona Diamondbacks|Los Angeles Dodgers|109|119|UNIQLO Field at Dodger Stadium|Final|823925
2026-07-12|2026-07-12T20:10:00Z|13:10|16:10|false|R|Toronto Blue Jays|San Diego Padres|141|135|Petco Park|Final|823274
2026-07-14|2026-07-15T00:00:00Z|17:00|20:00|false|A|American League All-Stars|National League All-Stars|159|160|Citizens Bank Park|Final|823443
2026-07-16|2026-07-16T22:10:00Z|15:10|18:10|false|R|New York Mets|Philadelphia Phillies|121|143|Citizens Bank Park|Final|823440
2026-07-17|2026-07-17T23:05:00Z|16:05|19:05|false|R|Los Angeles Dodgers|New York Yankees|119|147|Yankee Stadium|Final|823524
2026-07-17|2026-07-17T23:10:00Z|16:10|19:10|false|R|Pittsburgh Pirates|Cleveland Guardians|134|114|Progressive Field|Postponed|824414
2026-07-17|2026-07-17T23:10:00Z|16:10|19:10|false|R|Tampa Bay Rays|Boston Red Sox|139|111|Fenway Park|Final|824737
2026-07-17|2026-07-17T23:15:00Z|16:15|19:15|false|R|Chicago White Sox|Toronto Blue Jays|145|141|Rogers Centre|Final|822789
2026-07-17|2026-07-17T23:15:00Z|16:15|19:15|false|R|Texas Rangers|Atlanta Braves|140|144|Truist Park|Final|824901
2026-07-17|2026-07-17T23:40:00Z|16:40|19:40|false|R|Miami Marlins|Milwaukee Brewers|146|158|American Family Field|Final|823766
2026-07-17|2026-07-18T00:05:00Z|17:05|20:05|false|R|Minnesota Twins|Chicago Cubs|142|112|Wrigley Field|Final|824655
2026-07-17|2026-07-18T00:10:00Z|17:10|20:10|false|R|Baltimore Orioles|Houston Astros|110|117|Daikin Park|Final|824170
2026-07-17|2026-07-18T00:10:00Z|17:10|20:10|false|R|San Diego Padres|Kansas City Royals|135|118|Kauffman Stadium|Final|824090
2026-07-17|2026-07-18T00:40:00Z|17:40|20:40|false|R|Cincinnati Reds|Colorado Rockies|113|115|Coors Field|Final|824332
2026-07-17|2026-07-18T01:38:00Z|18:38|21:38|false|R|Detroit Tigers|Los Angeles Angels|116|108|Angel Stadium|Final|824009
2026-07-17|2026-07-18T01:40:00Z|18:40|21:40|false|R|St. Louis Cardinals|Arizona Diamondbacks|138|109|Chase Field|Final|825060
2026-07-17|2026-07-18T01:40:00Z|18:40|21:40|false|R|Washington Nationals|Athletics|120|133|Sutter Health Park|Final|824981
2026-07-17|2026-07-18T02:10:00Z|19:10|22:10|false|R|San Francisco Giants|Seattle Mariners|137|136|T-Mobile Park|Final|823115
2026-07-18|2026-07-18T18:20:00Z|11:20|14:20|false|R|Minnesota Twins|Chicago Cubs|142|112|Wrigley Field|Final|824657
2026-07-18|2026-07-18T19:05:00Z|12:05|15:05|false|R|New York Mets|Philadelphia Phillies|121|143|Citizens Bank Park|Final|823441
2026-07-18|2026-07-18T19:07:00Z|12:07|15:07|false|R|Chicago White Sox|Toronto Blue Jays|145|141|Rogers Centre|Final|822790
2026-07-18|2026-07-18T19:10:00Z|12:10|15:10|false|R|Cincinnati Reds|Colorado Rockies|113|115|Coors Field|Final|824331
2026-07-18|2026-07-18T20:10:00Z|13:10|16:10|false|R|Baltimore Orioles|Houston Astros|110|117|Daikin Park|Final|824169
2026-07-18|2026-07-18T20:10:00Z|13:10|16:10|false|R|Miami Marlins|Milwaukee Brewers|146|158|American Family Field|Final|823763
2026-07-18|2026-07-18T20:10:00Z|13:10|16:10|false|R|San Diego Padres|Kansas City Royals|135|118|Kauffman Stadium|Final|824088
2026-07-18|2026-07-18T20:10:00Z|13:10|16:10|false|R|St. Louis Cardinals|Arizona Diamondbacks|138|109|Chase Field|Final|825059
2026-07-18|2026-07-18T20:10:00Z|13:10|16:10|false|R|Tampa Bay Rays|Boston Red Sox|139|111|Fenway Park|Final|824738
2026-07-18|2026-07-18T20:10:00Z|13:10|16:10|false|R|Texas Rangers|Atlanta Braves|140|144|Truist Park|Final|824899
2026-07-18|2026-07-18T23:10:00Z|16:10|19:10|false|R|Pittsburgh Pirates|Cleveland Guardians|134|114|Progressive Field|Final|824412
2026-07-18|2026-07-19T00:08:00Z|17:08|20:08|false|R|Los Angeles Dodgers|New York Yankees|119|147|Yankee Stadium|Postponed|823523
2026-07-18|2026-07-19T00:08:00Z|17:08|20:08|false|R|San Francisco Giants|Seattle Mariners|137|136|T-Mobile Park|Final|823116
2026-07-18|2026-07-19T02:05:00Z|19:05|22:05|false|R|Washington Nationals|Athletics|120|133|Sutter Health Park|Final|824979
2026-07-18|2026-07-19T02:07:00Z|19:07|22:07|false|R|Detroit Tigers|Los Angeles Angels|116|108|Angel Stadium|Final|824008
2026-07-19|2026-07-19T16:15:00Z|09:15|12:15|false|R|Chicago White Sox|Toronto Blue Jays|145|141|Rogers Centre|Final|822786
2026-07-19|2026-07-19T17:35:00Z|10:35|13:35|false|R|New York Mets|Philadelphia Phillies|121|143|Citizens Bank Park|Final|823439
2026-07-19|2026-07-19T17:35:00Z|10:35|13:35|false|R|Tampa Bay Rays|Boston Red Sox|139|111|Fenway Park|Final|824739
2026-07-19|2026-07-19T17:35:00Z|10:35|13:35|false|R|Texas Rangers|Atlanta Braves|140|144|Truist Park|Final|824897
2026-07-19|2026-07-19T17:40:00Z|10:40|13:40|false|R|Pittsburgh Pirates|Cleveland Guardians|134|114|Progressive Field|Final|824411
2026-07-19|2026-07-19T18:10:00Z|11:10|14:10|false|R|Baltimore Orioles|Houston Astros|110|117|Daikin Park|Final|824168
2026-07-19|2026-07-19T18:10:00Z|11:10|14:10|false|R|Miami Marlins|Milwaukee Brewers|146|158|American Family Field|Final|823764
2026-07-19|2026-07-19T18:10:00Z|11:10|14:10|false|R|San Diego Padres|Kansas City Royals|135|118|Kauffman Stadium|Final|824086
2026-07-19|2026-07-19T18:20:00Z|11:20|14:20|false|R|Minnesota Twins|Chicago Cubs|142|112|Wrigley Field|Final|824653
2026-07-19|2026-07-19T19:10:00Z|12:10|15:10|false|R|Cincinnati Reds|Colorado Rockies|113|115|Coors Field|Final|824330
2026-07-19|2026-07-19T20:05:00Z|13:05|16:05|false|R|Washington Nationals|Athletics|120|133|Sutter Health Park|Final|824978
2026-07-19|2026-07-19T20:07:00Z|13:07|16:07|false|R|Detroit Tigers|Los Angeles Angels|116|108|Angel Stadium|Final|824007
2026-07-19|2026-07-19T20:10:00Z|13:10|16:10|false|R|San Francisco Giants|Seattle Mariners|137|136|T-Mobile Park|Final|823113
2026-07-19|2026-07-19T20:10:00Z|13:10|16:10|false|R|St. Louis Cardinals|Arizona Diamondbacks|138|109|Chase Field|Final|825057
2026-07-19|2026-07-19T23:20:00Z|16:20|19:20|false|R|Los Angeles Dodgers|New York Yankees|119|147|Yankee Stadium|Final|823521
2026-07-20|2026-07-20T22:40:00Z|15:40|18:40|false|R|Minnesota Twins|Cleveland Guardians|142|114|Progressive Field|Final|824410
2026-07-20|2026-07-20T23:05:00Z|16:05|19:05|false|R|Pittsburgh Pirates|New York Yankees|134|147|Yankee Stadium|Final|823522
2026-07-20|2026-07-20T23:07:00Z|16:07|19:07|false|R|Tampa Bay Rays|Toronto Blue Jays|139|141|Rogers Centre|Final|822788
2026-07-20|2026-07-20T23:10:00Z|16:10|19:10|false|R|Baltimore Orioles|Boston Red Sox|110|111|Fenway Park|Final|824736
2026-07-20|2026-07-20T23:10:00Z|16:10|19:10|false|R|Los Angeles Dodgers|Philadelphia Phillies|119|143|Citizens Bank Park|Final|823436
2026-07-20|2026-07-20T23:15:00Z|16:15|19:15|false|R|San Diego Padres|Atlanta Braves|135|144|Truist Park|Final|824898
2026-07-20|2026-07-20T23:40:00Z|16:40|19:40|false|R|New York Mets|Milwaukee Brewers|121|158|American Family Field|Final|823762
2026-07-20|2026-07-20T23:40:00Z|16:40|19:40|false|R|San Francisco Giants|Kansas City Royals|137|118|Kauffman Stadium|Final|824087
2026-07-20|2026-07-21T00:05:00Z|17:05|20:05|false|R|Chicago White Sox|Texas Rangers|145|140|Globe Life Field|Final|822874
2026-07-20|2026-07-21T00:05:00Z|17:05|20:05|false|R|Detroit Tigers|Chicago Cubs|116|112|Wrigley Field|Final|824654
2026-07-20|2026-07-21T00:10:00Z|17:10|20:10|false|R|Miami Marlins|Houston Astros|146|117|Daikin Park|Final|824167
2026-07-20|2026-07-21T00:40:00Z|17:40|20:40|false|R|Washington Nationals|Colorado Rockies|120|115|Coors Field|Final|824328
2026-07-20|2026-07-21T01:40:00Z|18:40|21:40|false|R|Athletics|Arizona Diamondbacks|133|109|Chase Field|Final|825058
2026-07-20|2026-07-21T01:40:00Z|18:40|21:40|false|R|Cincinnati Reds|Seattle Mariners|113|136|T-Mobile Park|Final|823112
2026-07-20|2026-07-21T02:10:00Z|19:10|22:10|false|R|St. Louis Cardinals|Los Angeles Angels|138|108|Angel Stadium|Final|824006
2026-07-21|2026-07-21T22:40:00Z|15:40|18:40|false|R|Los Angeles Dodgers|Philadelphia Phillies|119|143|Citizens Bank Park|Final|823437
2026-07-21|2026-07-21T22:40:00Z|15:40|18:40|false|R|Minnesota Twins|Cleveland Guardians|142|114|Progressive Field|Final|824409
2026-07-21|2026-07-21T23:05:00Z|16:05|19:05|false|R|Pittsburgh Pirates|New York Yankees|134|147|Yankee Stadium|Postponed|823519
2026-07-21|2026-07-21T23:07:00Z|16:07|19:07|false|R|Tampa Bay Rays|Toronto Blue Jays|139|141|Rogers Centre|Final|822787
2026-07-21|2026-07-21T23:10:00Z|16:10|19:10|false|R|Baltimore Orioles|Boston Red Sox|110|111|Fenway Park|Postponed|824735
2026-07-21|2026-07-21T23:15:00Z|16:15|19:15|false|R|San Diego Padres|Atlanta Braves|135|144|Truist Park|Final|824895
2026-07-21|2026-07-21T23:40:00Z|16:40|19:40|false|R|New York Mets|Milwaukee Brewers|121|158|American Family Field|Final|823760
2026-07-21|2026-07-21T23:40:00Z|16:40|19:40|false|R|San Francisco Giants|Kansas City Royals|137|118|Kauffman Stadium|Final|824085
2026-07-21|2026-07-22T00:05:00Z|17:05|20:05|false|R|Chicago White Sox|Texas Rangers|145|140|Globe Life Field|Final|822871
2026-07-21|2026-07-22T00:05:00Z|17:05|20:05|false|R|Detroit Tigers|Chicago Cubs|116|112|Wrigley Field|Final|824652
2026-07-21|2026-07-22T00:10:00Z|17:10|20:10|false|R|Miami Marlins|Houston Astros|146|117|Daikin Park|Final|824165
2026-07-21|2026-07-22T00:40:00Z|17:40|20:40|false|R|Washington Nationals|Colorado Rockies|120|115|Coors Field|Final|824329
2026-07-21|2026-07-22T01:38:00Z|18:38|21:38|false|R|St. Louis Cardinals|Los Angeles Angels|138|108|Angel Stadium|Final|824005
2026-07-21|2026-07-22T01:40:00Z|18:40|21:40|false|R|Athletics|Arizona Diamondbacks|133|109|Chase Field|Final|825056
2026-07-21|2026-07-22T01:40:00Z|18:40|21:40|false|R|Cincinnati Reds|Seattle Mariners|113|136|T-Mobile Park|Final|823114
2026-07-22|2026-07-22T17:05:00Z|10:05|13:05|false|R|Pittsburgh Pirates|New York Yankees|134|147|Yankee Stadium|Final|823518
2026-07-22|2026-07-22T18:10:00Z|11:10|14:10|false|R|New York Mets|Milwaukee Brewers|121|158|American Family Field|Final|823761
2026-07-22|2026-07-22T18:10:00Z|11:10|14:10|false|R|San Francisco Giants|Kansas City Royals|137|118|Kauffman Stadium|Final|824083
2026-07-22|2026-07-22T19:10:00Z|12:10|15:10|false|R|Washington Nationals|Colorado Rockies|120|115|Coors Field|Final|824327
2026-07-22|2026-07-22T19:40:00Z|12:40|15:40|false|R|Athletics|Arizona Diamondbacks|133|109|Chase Field|Final|825055
2026-07-22|2026-07-22T19:40:00Z|12:40|15:40|false|R|Cincinnati Reds|Seattle Mariners|113|136|T-Mobile Park|Final|823110
2026-07-22|2026-07-22T20:07:00Z|13:07|16:07|false|R|St. Louis Cardinals|Los Angeles Angels|138|108|Angel Stadium|Final|824004
2026-07-22|2026-07-22T22:40:00Z|15:40|18:40|false|R|Los Angeles Dodgers|Philadelphia Phillies|119|143|Citizens Bank Park|Final|823438
2026-07-22|2026-07-22T22:40:00Z|15:40|18:40|false|R|Minnesota Twins|Cleveland Guardians|142|114|Progressive Field|Final|824408
2026-07-22|2026-07-22T23:07:00Z|16:07|19:07|false|R|Tampa Bay Rays|Toronto Blue Jays|139|141|Rogers Centre|Final|822784
2026-07-22|2026-07-22T23:10:00Z|16:10|19:10|false|R|Baltimore Orioles|Boston Red Sox|110|111|Fenway Park|Final|824732
2026-07-22|2026-07-22T23:15:00Z|16:15|19:15|false|R|San Diego Padres|Atlanta Braves|135|144|Truist Park|Final|824896
2026-07-22|2026-07-23T00:05:00Z|17:05|20:05|false|R|Chicago White Sox|Texas Rangers|145|140|Globe Life Field|Final|822873
2026-07-22|2026-07-23T00:10:00Z|17:10|20:10|false|R|Detroit Tigers|Chicago Cubs|116|112|Wrigley Field|Final|824650
2026-07-22|2026-07-23T00:10:00Z|17:10|20:10|false|R|Miami Marlins|Houston Astros|146|117|Daikin Park|Final|824166
2026-07-23|2026-07-23T16:15:00Z|09:15|12:15|false|R|San Diego Padres|Atlanta Braves|135|144|Truist Park|Final|824893
2026-07-23|2026-07-23T17:10:00Z|10:10|13:10|false|R|Minnesota Twins|Cleveland Guardians|142|114|Progressive Field|Final|824406
2026-07-23|2026-07-23T19:07:00Z|12:07|15:07|false|R|Tampa Bay Rays|Toronto Blue Jays|139|141|Rogers Centre|Final|822785
2026-07-23|2026-07-23T22:40:00Z|15:40|18:40|false|R|Kansas City Royals|Detroit Tigers|118|116|Comerica Park|Final|824247
2026-07-24|2026-07-24T20:10:00Z|13:10|16:10|false|R|Colorado Rockies|Milwaukee Brewers|115|158|American Family Field|Final|823759
2026-07-24|2026-07-24T22:40:00Z|15:40|18:40|false|R|Chicago Cubs|Pittsburgh Pirates|112|134|PNC Park|Final|823352
2026-07-24|2026-07-24T22:40:00Z|15:40|18:40|false|R|Kansas City Royals|Detroit Tigers|118|116|Comerica Park|Final|824248
2026-07-24|2026-07-24T22:45:00Z|15:45|18:45|false|R|Arizona Diamondbacks|Washington Nationals|109|120|Nationals Park|Final|822707
2026-07-24|2026-07-24T22:45:00Z|15:45|18:45|false|R|New York Yankees|Philadelphia Phillies|147|143|Citizens Bank Park|Final|823434
2026-07-24|2026-07-24T23:05:00Z|16:05|19:05|false|R|Atlanta Braves|Baltimore Orioles|144|110|Oriole Park at Camden Yards|Final|824812
2026-07-24|2026-07-24T23:10:00Z|16:10|19:10|false|R|Cleveland Guardians|Tampa Bay Rays|114|139|Tropicana Field|Final|822952
2026-07-24|2026-07-24T23:10:00Z|16:10|19:10|false|R|Los Angeles Dodgers|New York Mets|119|121|Citi Field|Final|823601
2026-07-24|2026-07-24T23:10:00Z|16:10|19:10|false|R|San Diego Padres|Miami Marlins|135|146|loanDepot park|Final|823843
2026-07-24|2026-07-24T23:15:00Z|16:15|19:15|false|R|Toronto Blue Jays|Boston Red Sox|141|111|Fenway Park|Final|824733
2026-07-24|2026-07-24T23:40:00Z|16:40|19:40|false|R|Houston Astros|Chicago White Sox|117|145|Rate Field|Final|824573
2026-07-24|2026-07-25T00:05:00Z|17:05|20:05|false|R|Seattle Mariners|Texas Rangers|136|140|Globe Life Field|Final|822872
2026-07-24|2026-07-25T00:10:00Z|17:10|20:10|false|R|Athletics|Minnesota Twins|133|142|Target Field|Final|823680
2026-07-24|2026-07-25T00:15:00Z|17:15|20:15|false|R|Cincinnati Reds|St. Louis Cardinals|113|138|Busch Stadium|Final|823031
2026-07-24|2026-07-25T02:15:00Z|19:15|22:15|false|R|Los Angeles Angels|San Francisco Giants|108|137|Oracle Park|Final|823196
2026-07-25|2026-07-25T17:10:00Z|10:10|13:10|false|R|Kansas City Royals|Detroit Tigers|118|116|Comerica Park|Final|824244
2026-07-25|2026-07-25T20:05:00Z|13:05|16:05|false|R|Arizona Diamondbacks|Washington Nationals|109|120|Nationals Park|Final|822704
2026-07-25|2026-07-25T20:05:00Z|13:05|16:05|false|R|Los Angeles Angels|San Francisco Giants|108|137|Oracle Park|Final|823197
2026-07-25|2026-07-25T20:10:00Z|13:10|16:10|false|R|San Diego Padres|Miami Marlins|135|146|loanDepot park|Final|823841
2026-07-25|2026-07-25T20:10:00Z|13:10|16:10|false|R|Toronto Blue Jays|Boston Red Sox|141|111|Fenway Park|Final|824734
2026-07-25|2026-07-25T22:05:00Z|15:05|18:05|false|R|New York Yankees|Philadelphia Phillies|147|143|Citizens Bank Park|Final|823435
2026-07-25|2026-07-25T22:10:00Z|15:10|18:10|false|R|Cleveland Guardians|Tampa Bay Rays|114|139|Tropicana Field|Final|822948
2026-07-25|2026-07-25T22:40:00Z|15:40|18:40|false|R|Chicago Cubs|Pittsburgh Pirates|112|134|PNC Park|Final|823355
2026-07-25|2026-07-25T23:05:00Z|16:05|19:05|false|R|Atlanta Braves|Baltimore Orioles|144|110|Oriole Park at Camden Yards|Final|824811
2026-07-25|2026-07-25T23:10:00Z|16:10|19:10|false|R|Athletics|Minnesota Twins|133|142|Target Field|Final|823679
2026-07-25|2026-07-25T23:10:00Z|16:10|19:10|false|R|Colorado Rockies|Milwaukee Brewers|115|158|American Family Field|Final|823758
2026-07-25|2026-07-25T23:10:00Z|16:10|19:10|false|R|Houston Astros|Chicago White Sox|117|145|Rate Field|Final|824571
2026-07-25|2026-07-25T23:15:00Z|16:15|19:15|false|R|Cincinnati Reds|St. Louis Cardinals|113|138|Busch Stadium|Final|823027
2026-07-25|2026-07-25T23:15:00Z|16:15|19:15|false|R|Los Angeles Dodgers|New York Mets|119|121|Citi Field|Final|823600
2026-07-25|2026-07-25T23:15:00Z|16:15|19:15|false|R|Seattle Mariners|Texas Rangers|136|140|Globe Life Field|Final|822869
2026-07-26|2026-07-26T16:15:00Z|09:15|12:15|false|R|Cleveland Guardians|Tampa Bay Rays|114|139|Tropicana Field|Final|822950
2026-07-26|2026-07-26T17:35:00Z|10:35|13:35|false|R|Arizona Diamondbacks|Washington Nationals|109|120|Nationals Park|Final|822706
2026-07-26|2026-07-26T17:35:00Z|10:35|13:35|false|R|Atlanta Braves|Baltimore Orioles|144|110|Oriole Park at Camden Yards|Final|824810
2026-07-26|2026-07-26T17:35:00Z|10:35|13:35|false|R|Chicago Cubs|Pittsburgh Pirates|112|134|PNC Park|Final|823354
2026-07-26|2026-07-26T17:35:00Z|10:35|13:35|false|R|Toronto Blue Jays|Boston Red Sox|141|111|Fenway Park|Final|824730
2026-07-26|2026-07-26T17:40:00Z|10:40|13:40|false|R|Kansas City Royals|Detroit Tigers|118|116|Comerica Park|Final|824246
2026-07-26|2026-07-26T17:40:00Z|10:40|13:40|false|R|Los Angeles Dodgers|New York Mets|119|121|Citi Field|Final|823599
2026-07-26|2026-07-26T17:40:00Z|10:40|13:40|false|R|San Diego Padres|Miami Marlins|135|146|loanDepot park|Final|823840
2026-07-26|2026-07-26T18:10:00Z|11:10|14:10|false|R|Athletics|Minnesota Twins|133|142|Target Field|Final|823678
2026-07-26|2026-07-26T18:10:00Z|11:10|14:10|false|R|Colorado Rockies|Milwaukee Brewers|115|158|American Family Field|Final|823755
2026-07-26|2026-07-26T18:10:00Z|11:10|14:10|false|R|Houston Astros|Chicago White Sox|117|145|Rate Field|Final|824572
2026-07-26|2026-07-26T18:15:00Z|11:15|14:15|false|R|Cincinnati Reds|St. Louis Cardinals|113|138|Busch Stadium|Final|823028
2026-07-26|2026-07-26T18:35:00Z|11:35|14:35|false|R|Seattle Mariners|Texas Rangers|136|140|Globe Life Field|Final|822870
2026-07-26|2026-07-26T20:05:00Z|13:05|16:05|false|R|Los Angeles Angels|San Francisco Giants|108|137|Oracle Park|Final|823194
2026-07-26|2026-07-26T23:20:00Z|16:20|19:20|false|R|New York Yankees|Philadelphia Phillies|147|143|Citizens Bank Park|Final|823433
2026-07-27|2026-07-27T18:35:00Z|11:35|14:35|false|R|Seattle Mariners|Texas Rangers|136|140|Globe Life Field|Final|822868
2026-07-27|2026-07-27T22:40:00Z|15:40|18:40|false|R|Arizona Diamondbacks|Pittsburgh Pirates|109|134|PNC Park|Final|823353
2026-07-27|2026-07-27T22:40:00Z|15:40|18:40|false|R|Baltimore Orioles|Detroit Tigers|110|116|Comerica Park|Final|824245
2026-07-27|2026-07-27T22:40:00Z|15:40|18:40|false|R|Philadelphia Phillies|Miami Marlins|143|146|loanDepot park|Final|823839
2026-07-27|2026-07-27T22:45:00Z|15:45|18:45|false|R|Toronto Blue Jays|Washington Nationals|141|120|Nationals Park|Final|822705
2026-07-27|2026-07-27T23:10:00Z|16:10|19:10|false|R|Atlanta Braves|New York Mets|144|121|Citi Field|Final|823597
2026-07-27|2026-07-27T23:10:00Z|16:10|19:10|false|R|Cleveland Guardians|Cincinnati Reds|114|113|Great American Ball Park|Postponed|824490
2026-07-27|2026-07-27T23:40:00Z|16:40|19:40|false|R|New York Yankees|Chicago White Sox|147|145|Rate Field|Final|824570
2026-07-27|2026-07-27T23:45:00Z|16:45|19:45|false|R|Chicago Cubs|St. Louis Cardinals|112|138|Busch Stadium|Final|823025
2026-07-27|2026-07-28T01:38:00Z|18:38|21:38|false|R|Houston Astros|Los Angeles Angels|117|108|Angel Stadium|Final|824001
2026-07-27|2026-07-28T01:40:00Z|18:40|21:40|false|R|Boston Red Sox|Athletics|111|133|Sutter Health Park|Final|824977
2026-07-27|2026-07-28T01:45:00Z|18:45|21:45|false|R|Milwaukee Brewers|San Francisco Giants|158|137|Oracle Park|Final|823195
2026-07-28|2026-07-28T22:40:00Z|15:40|18:40|false|R|Arizona Diamondbacks|Pittsburgh Pirates|109|134|PNC Park|Final|823350
2026-07-28|2026-07-28T22:40:00Z|15:40|18:40|false|R|Baltimore Orioles|Detroit Tigers|110|116|Comerica Park|Final|824243
2026-07-28|2026-07-28T22:40:00Z|15:40|18:40|false|R|Philadelphia Phillies|Miami Marlins|143|146|loanDepot park|Final|823838
2026-07-28|2026-07-28T22:40:00Z|15:40|18:40|false|R|Texas Rangers|Tampa Bay Rays|140|139|Tropicana Field|Final|822949
2026-07-28|2026-07-28T22:45:00Z|15:45|18:45|false|R|Toronto Blue Jays|Washington Nationals|141|120|Nationals Park|Final|822703
2026-07-28|2026-07-28T23:10:00Z|16:10|19:10|false|R|Atlanta Braves|New York Mets|144|121|Citi Field|Postponed|823598
2026-07-28|2026-07-28T23:10:00Z|16:10|19:10|false|R|Cleveland Guardians|Cincinnati Reds|114|113|Great American Ball Park|Final|824489
2026-07-28|2026-07-28T23:40:00Z|16:40|19:40|false|R|Kansas City Royals|Minnesota Twins|118|142|Target Field|Final|823676
2026-07-28|2026-07-28T23:40:00Z|16:40|19:40|false|R|New York Yankees|Chicago White Sox|147|145|Rate Field|Final|824569
2026-07-28|2026-07-28T23:45:00Z|16:45|19:45|false|R|Chicago Cubs|St. Louis Cardinals|112|138|Busch Stadium|Final|823026
2026-07-28|2026-07-29T01:38:00Z|18:38|21:38|false|R|Houston Astros|Los Angeles Angels|117|108|Angel Stadium|Final|824003
2026-07-28|2026-07-29T01:40:00Z|18:40|21:40|false|R|Boston Red Sox|Athletics|111|133|Sutter Health Park|Final|824976
2026-07-28|2026-07-29T01:40:00Z|18:40|21:40|false|R|Colorado Rockies|San Diego Padres|115|135|Petco Park|Final|823275
2026-07-28|2026-07-29T01:45:00Z|18:45|21:45|false|R|Milwaukee Brewers|San Francisco Giants|158|137|Oracle Park|Final|823193
2026-07-28|2026-07-29T02:10:00Z|19:10|22:10|false|R|Seattle Mariners|Los Angeles Dodgers|136|119|UNIQLO Field at Dodger Stadium|Final|823923
2026-07-29|2026-07-29T16:10:00Z|09:10|12:10|false|R|Philadelphia Phillies|Miami Marlins|143|146|loanDepot park|Final|823837
2026-07-29|2026-07-29T16:35:00Z|09:35|12:35|false|R|Arizona Diamondbacks|Pittsburgh Pirates|109|134|PNC Park|Final|823351
2026-07-29|2026-07-29T17:05:00Z|10:05|13:05|false|R|Toronto Blue Jays|Washington Nationals|141|120|Nationals Park|Final|822702
2026-07-29|2026-07-29T17:10:00Z|10:10|13:10|false|R|Atlanta Braves|New York Mets|144|121|Citi Field|Final|823596
2026-07-29|2026-07-29T17:10:00Z|10:10|13:10|false|R|Baltimore Orioles|Detroit Tigers|110|116|Comerica Park|Final|824242
2026-07-29|2026-07-29T19:45:00Z|12:45|15:45|false|R|Milwaukee Brewers|San Francisco Giants|158|137|Oracle Park|Final|823192
2026-07-29|2026-07-29T20:10:00Z|13:10|16:10|false|R|Colorado Rockies|San Diego Padres|115|135|Petco Park|Final|823273
2026-07-29|2026-07-29T22:40:00Z|15:40|18:40|false|R|Texas Rangers|Tampa Bay Rays|140|139|Tropicana Field|Final|822947
2026-07-29|2026-07-29T23:10:00Z|16:10|19:10|false|R|Cleveland Guardians|Cincinnati Reds|114|113|Great American Ball Park|Final|824487
2026-07-29|2026-07-29T23:40:00Z|16:40|19:40|false|R|Kansas City Royals|Minnesota Twins|118|142|Target Field|Final|823677
2026-07-29|2026-07-29T23:40:00Z|16:40|19:40|false|R|New York Yankees|Chicago White Sox|147|145|Rate Field|Final|824567
2026-07-29|2026-07-29T23:45:00Z|16:45|19:45|false|R|Chicago Cubs|St. Louis Cardinals|112|138|Busch Stadium|Final|823022
2026-07-29|2026-07-30T01:38:00Z|18:38|21:38|false|R|Houston Astros|Los Angeles Angels|117|108|Angel Stadium|Final|824002
2026-07-29|2026-07-30T01:40:00Z|18:40|21:40|false|R|Boston Red Sox|Athletics|111|133|Sutter Health Park|Final|824973
2026-07-29|2026-07-30T02:10:00Z|19:10|22:10|false|R|Seattle Mariners|Los Angeles Dodgers|136|119|UNIQLO Field at Dodger Stadium|Final|823924
2026-07-30|2026-07-30T16:10:00Z|09:10|12:10|false|R|Texas Rangers|Tampa Bay Rays|140|139|Tropicana Field|Final|822946
2026-07-30|2026-07-30T17:40:00Z|10:40|13:40|false|R|Kansas City Royals|Minnesota Twins|118|142|Target Field|Final|823674
2026-07-30|2026-07-30T18:10:00Z|11:10|14:10|false|R|New York Yankees|Chicago White Sox|147|145|Rate Field|Final|824568
2026-07-30|2026-07-30T18:15:00Z|11:15|14:15|false|R|Chicago Cubs|St. Louis Cardinals|112|138|Busch Stadium|Final|823023
2026-07-30|2026-07-30T23:10:00Z|16:10|19:10|false|R|Miami Marlins|New York Mets|146|121|Citi Field|Final|823595
2026-07-30|2026-07-30T23:10:00Z|16:10|19:10|false|R|Pittsburgh Pirates|Cincinnati Reds|134|113|Great American Ball Park|Final|824488
2026-07-30|2026-07-30T23:15:00Z|16:15|19:15|false|R|Washington Nationals|Atlanta Braves|120|144|Truist Park|Final|824894
2026-07-30|2026-07-31T01:40:00Z|18:40|21:40|false|R|Boston Red Sox|Athletics|111|133|Sutter Health Park|Final|824974
2026-07-30|2026-07-31T01:40:00Z|18:40|21:40|false|R|San Francisco Giants|San Diego Padres|137|135|Petco Park|Final|823271
2026-07-30|2026-07-31T02:10:00Z|19:10|22:10|false|R|Seattle Mariners|Los Angeles Dodgers|136|119|UNIQLO Field at Dodger Stadium|Final|823921
2026-07-31|2026-07-31T18:20:00Z|11:20|14:20|false|R|New York Yankees|Chicago Cubs|147|112|Wrigley Field|Final|824651
2026-07-31|2026-07-31T22:10:00Z|15:10|18:10|false|R|Pittsburgh Pirates|Cincinnati Reds|134|113|Great American Ball Park|Final|824486
2026-07-31|2026-07-31T23:05:00Z|16:05|19:05|false|R|Philadelphia Phillies|Baltimore Orioles|143|110|Oriole Park at Camden Yards|Final|824809
2026-07-31|2026-07-31T23:07:00Z|16:07|19:07|false|R|St. Louis Cardinals|Toronto Blue Jays|138|141|Rogers Centre|Final|822782
2026-07-31|2026-07-31T23:10:00Z|16:10|19:10|false|R|Arizona Diamondbacks|Cleveland Guardians|109|114|Progressive Field|Final|824407
2026-07-31|2026-07-31T23:10:00Z|16:10|19:10|false|R|Chicago White Sox|Tampa Bay Rays|145|139|Tropicana Field|Final|822945
2026-07-31|2026-07-31T23:10:00Z|16:10|19:10|false|R|Miami Marlins|New York Mets|146|121|Citi Field|Final|823593
2026-07-31|2026-07-31T23:15:00Z|16:15|19:15|false|R|Washington Nationals|Atlanta Braves|120|144|Truist Park|Final|824892
2026-07-31|2026-08-01T00:15:00Z|17:15|20:15|false|R|Texas Rangers|Houston Astros|140|117|Daikin Park|Final|824164
2026-07-31|2026-08-01T00:40:00Z|17:40|20:40|false|R|Kansas City Royals|Colorado Rockies|118|115|Coors Field|Final|824325
2026-07-31|2026-08-01T01:38:00Z|18:38|21:38|false|R|Milwaukee Brewers|Los Angeles Angels|158|108|Angel Stadium|Final|823999
2026-07-31|2026-08-01T01:40:00Z|18:40|21:40|false|R|Detroit Tigers|Athletics|116|133|Sutter Health Park|Final|824975
2026-07-31|2026-08-01T01:45:00Z|18:45|21:45|false|R|San Francisco Giants|San Diego Padres|137|135|Petco Park|Final|823272
2026-07-31|2026-08-01T02:10:00Z|19:10|22:10|false|R|Boston Red Sox|Los Angeles Dodgers|111|119|UNIQLO Field at Dodger Stadium|Final|823922
2026-07-31|2026-08-01T02:10:00Z|19:10|22:10|false|R|Minnesota Twins|Seattle Mariners|142|136|T-Mobile Park|Final|823111
2026-08-01|2026-08-01T19:07:00Z|12:07|15:07|false|R|St. Louis Cardinals|Toronto Blue Jays|138|141|Rogers Centre|Final|822781
2026-08-01|2026-08-01T20:10:00Z|13:10|16:10|false|R|Chicago White Sox|Tampa Bay Rays|145|139|Tropicana Field|Final|822944
2026-08-01|2026-08-01T20:10:00Z|13:10|16:10|false|R|Miami Marlins|New York Mets|146|121|Citi Field|Final|823594
2026-08-01|2026-08-01T20:10:00Z|13:10|16:10|false|R|Minnesota Twins|Seattle Mariners|142|136|T-Mobile Park|Final|823109
2026-08-01|2026-08-01T22:40:00Z|15:40|18:40|false|R|Pittsburgh Pirates|Cincinnati Reds|134|113|Great American Ball Park|Final|824485
2026-08-01|2026-08-01T23:05:00Z|16:05|19:05|false|R|Philadelphia Phillies|Baltimore Orioles|143|110|Oriole Park at Camden Yards|Final|824808
2026-08-01|2026-08-01T23:10:00Z|16:10|19:10|false|R|Texas Rangers|Houston Astros|140|117|Daikin Park|Final|824162
2026-08-01|2026-08-01T23:15:00Z|16:15|19:15|false|R|Arizona Diamondbacks|Cleveland Guardians|109|114|Progressive Field|Final|824405
2026-08-01|2026-08-01T23:15:00Z|16:15|19:15|false|R|New York Yankees|Chicago Cubs|147|112|Wrigley Field|Final|824649
2026-08-01|2026-08-01T23:15:00Z|16:15|19:15|false|R|Washington Nationals|Atlanta Braves|120|144|Truist Park|Final|824890
2026-08-01|2026-08-02T00:10:00Z|17:10|20:10|false|R|Kansas City Royals|Colorado Rockies|118|115|Coors Field|Final|824326
2026-08-01|2026-08-02T00:40:00Z|17:40|20:40|false|R|San Francisco Giants|San Diego Padres|137|135|Petco Park|Final|823269
2026-08-01|2026-08-02T01:10:00Z|18:10|21:10|false|R|Boston Red Sox|Los Angeles Dodgers|111|119|UNIQLO Field at Dodger Stadium|Final|823920
2026-08-01|2026-08-02T01:38:00Z|18:38|21:38|false|R|Milwaukee Brewers|Los Angeles Angels|158|108|Angel Stadium|Final|824000
2026-08-01|2026-08-02T01:40:00Z|18:40|21:40|false|R|Detroit Tigers|Athletics|116|133|Sutter Health Park|Final|824972
2026-08-02|2026-08-02T17:35:00Z|10:35|13:35|false|R|Philadelphia Phillies|Baltimore Orioles|143|110|Oriole Park at Camden Yards|Completed Early|824807
2026-08-02|2026-08-02T17:35:00Z|10:35|13:35|false|R|Washington Nationals|Atlanta Braves|120|144|Truist Park|Final|824891
2026-08-02|2026-08-02T17:37:00Z|10:37|13:37|false|R|St. Louis Cardinals|Toronto Blue Jays|138|141|Rogers Centre|Final|822783
2026-08-02|2026-08-02T17:40:00Z|10:40|13:40|false|R|Arizona Diamondbacks|Cleveland Guardians|109|114|Progressive Field|Final|824404
2026-08-02|2026-08-02T17:40:00Z|10:40|13:40|false|R|Chicago White Sox|Tampa Bay Rays|145|139|Tropicana Field|Final|822943
2026-08-02|2026-08-02T17:40:00Z|10:40|13:40|false|R|Miami Marlins|New York Mets|146|121|Citi Field|Final|823592
2026-08-02|2026-08-02T17:40:00Z|10:40|13:40|false|R|Pittsburgh Pirates|Cincinnati Reds|134|113|Great American Ball Park|Final|824483
2026-08-02|2026-08-02T18:10:00Z|11:10|14:10|false|R|Texas Rangers|Houston Astros|140|117|Daikin Park|Final|824163
2026-08-02|2026-08-02T18:20:00Z|11:20|14:20|false|R|New York Yankees|Chicago Cubs|147|112|Wrigley Field|Final|824648
2026-08-02|2026-08-02T19:10:00Z|12:10|15:10|false|R|Kansas City Royals|Colorado Rockies|118|115|Coors Field|Final|824323
2026-08-02|2026-08-02T19:15:00Z|12:15|15:15|false|R|Milwaukee Brewers|Los Angeles Angels|158|108|Angel Stadium|Final|823996
2026-08-02|2026-08-02T20:05:00Z|13:05|16:05|false|R|Detroit Tigers|Athletics|116|133|Sutter Health Park|Final|824971
2026-08-02|2026-08-02T20:10:00Z|13:10|16:10|false|R|Minnesota Twins|Seattle Mariners|142|136|T-Mobile Park|Final|823107
2026-08-02|2026-08-02T20:10:00Z|13:10|16:10|false|R|San Francisco Giants|San Diego Padres|137|135|Petco Park|Final|823270
2026-08-02|2026-08-02T23:20:00Z|16:20|19:20|false|R|Boston Red Sox|Los Angeles Dodgers|111|119|UNIQLO Field at Dodger Stadium|Final|823919
2026-08-03|2026-08-03T22:40:00Z|15:40|18:40|false|R|Washington Nationals|Philadelphia Phillies|120|143|Citizens Bank Park|Final|823431
2026-08-03|2026-08-03T23:05:00Z|16:05|19:05|false|R|St. Louis Cardinals|New York Yankees|138|147|Yankee Stadium|Final|823520
2026-08-03|2026-08-03T23:40:00Z|16:40|19:40|false|R|Pittsburgh Pirates|Milwaukee Brewers|134|158|American Family Field|Final|823757
2026-08-03|2026-08-04T00:05:00Z|17:05|20:05|false|R|Los Angeles Dodgers|Chicago Cubs|119|112|Wrigley Field|Final|824647
2026-08-03|2026-08-04T00:05:00Z|17:05|20:05|false|R|San Francisco Giants|Texas Rangers|137|140|Globe Life Field|Final|822867
2026-08-03|2026-08-04T00:10:00Z|17:10|20:10|false|R|Toronto Blue Jays|Houston Astros|141|117|Daikin Park|Final|824160
2026-08-03|2026-08-04T00:40:00Z|17:40|20:40|false|R|Tampa Bay Rays|Colorado Rockies|139|115|Coors Field|Final|824324
2026-08-03|2026-08-04T01:40:00Z|18:40|21:40|false|R|San Diego Padres|Arizona Diamondbacks|135|109|Chase Field|Final|825095
2026-08-04|2026-08-04T22:35:00Z|15:35|18:35|false|R|Los Angeles Angels|Baltimore Orioles|108|110|Oriole Park at Camden Yards|Final|824805
2026-08-04|2026-08-04T22:40:00Z|15:40|18:40|false|R|Athletics|Cincinnati Reds|133|113|Great American Ball Park|Final|824484
2026-08-04|2026-08-04T22:40:00Z|15:40|18:40|false|R|New York Mets|Cleveland Guardians|121|114|Progressive Field|Final|824403
2026-08-04|2026-08-04T22:40:00Z|15:40|18:40|false|R|Washington Nationals|Philadelphia Phillies|120|143|Citizens Bank Park|Final|823432
2026-08-04|2026-08-04T23:05:00Z|16:05|19:05|false|R|St. Louis Cardinals|New York Yankees|138|147|Yankee Stadium|Final|823517
2026-08-04|2026-08-04T23:10:00Z|16:10|19:10|false|R|Chicago White Sox|Boston Red Sox|145|111|Fenway Park|Final|824731
2026-08-04|2026-08-04T23:15:00Z|16:15|19:15|false|R|Miami Marlins|Atlanta Braves|146|144|Truist Park|Final|824888
2026-08-04|2026-08-04T23:40:00Z|16:40|19:40|false|R|Minnesota Twins|Kansas City Royals|142|118|Kauffman Stadium|Final|824084
2026-08-04|2026-08-04T23:40:00Z|16:40|19:40|false|R|Pittsburgh Pirates|Milwaukee Brewers|134|158|American Family Field|Final|823756
2026-08-04|2026-08-05T00:05:00Z|17:05|20:05|false|R|Los Angeles Dodgers|Chicago Cubs|119|112|Wrigley Field|Final|824645
2026-08-04|2026-08-05T00:05:00Z|17:05|20:05|false|R|San Francisco Giants|Texas Rangers|137|140|Globe Life Field|Final|822865
2026-08-04|2026-08-05T00:10:00Z|17:10|20:10|false|R|Toronto Blue Jays|Houston Astros|141|117|Daikin Park|Final|824161
2026-08-04|2026-08-05T00:40:00Z|17:40|20:40|false|R|Tampa Bay Rays|Colorado Rockies|139|115|Coors Field|Final|824321
2026-08-04|2026-08-05T01:40:00Z|18:40|21:40|false|R|Detroit Tigers|Seattle Mariners|116|136|T-Mobile Park|Final|823108
2026-08-04|2026-08-05T01:40:00Z|18:40|21:40|false|R|San Diego Padres|Arizona Diamondbacks|135|109|Chase Field|Final|825054
2026-08-05|2026-08-05T18:10:00Z|11:10|14:10|false|R|Toronto Blue Jays|Houston Astros|141|117|Daikin Park|Final|824158
2026-08-05|2026-08-05T18:20:00Z|11:20|14:20|false|R|Los Angeles Dodgers|Chicago Cubs|119|112|Wrigley Field|Final|824646
2026-08-05|2026-08-05T18:35:00Z|11:35|14:35|false|R|San Francisco Giants|Texas Rangers|137|140|Globe Life Field|Final|822866
2026-08-05|2026-08-05T19:10:00Z|12:10|15:10|false|R|Tampa Bay Rays|Colorado Rockies|139|115|Coors Field|Final|824322
2026-08-05|2026-08-05T22:35:00Z|15:35|18:35|false|R|Los Angeles Angels|Baltimore Orioles|108|110|Oriole Park at Camden Yards|Final|824806
2026-08-05|2026-08-05T22:40:00Z|15:40|18:40|false|R|Athletics|Cincinnati Reds|133|113|Great American Ball Park|Final|824482
2026-08-05|2026-08-05T22:40:00Z|15:40|18:40|false|R|New York Mets|Cleveland Guardians|121|114|Progressive Field|Final|824402
2026-08-05|2026-08-05T22:40:00Z|15:40|18:40|false|R|Washington Nationals|Philadelphia Phillies|120|143|Citizens Bank Park|Final|823429
2026-08-05|2026-08-05T23:05:00Z|16:05|19:05|false|R|St. Louis Cardinals|New York Yankees|138|147|Yankee Stadium|Final|823516
2026-08-05|2026-08-05T23:10:00Z|16:10|19:10|false|R|Chicago White Sox|Boston Red Sox|145|111|Fenway Park|Final|824728
2026-08-05|2026-08-05T23:15:00Z|16:15|19:15|false|R|Miami Marlins|Atlanta Braves|146|144|Truist Park|Final|824889
2026-08-05|2026-08-05T23:40:00Z|16:40|19:40|false|R|Minnesota Twins|Kansas City Royals|142|118|Kauffman Stadium|Final|824082
2026-08-05|2026-08-05T23:40:00Z|16:40|19:40|false|R|Pittsburgh Pirates|Milwaukee Brewers|134|158|American Family Field|Final|823753
2026-08-05|2026-08-06T01:40:00Z|18:40|21:40|false|R|Detroit Tigers|Seattle Mariners|116|136|T-Mobile Park|Final|823106
2026-08-05|2026-08-06T01:40:00Z|18:40|21:40|false|R|San Diego Padres|Arizona Diamondbacks|135|109|Chase Field|Final|825052
2026-08-06|2026-08-06T16:35:00Z|09:35|12:35|false|R|Los Angeles Angels|Baltimore Orioles|108|110|Oriole Park at Camden Yards|Final|824804
2026-08-06|2026-08-06T16:40:00Z|09:40|12:40|false|R|Athletics|Cincinnati Reds|133|113|Great American Ball Park|Final|824481
2026-08-06|2026-08-06T17:10:00Z|10:10|13:10|false|R|New York Mets|Cleveland Guardians|121|114|Progressive Field|Final|824401
2026-08-06|2026-08-06T18:10:00Z|11:10|14:10|false|R|Pittsburgh Pirates|Milwaukee Brewers|134|158|American Family Field|Final|823754
2026-08-06|2026-08-06T20:10:00Z|13:10|16:10|false|R|Detroit Tigers|Seattle Mariners|116|136|T-Mobile Park|Final|823105
2026-08-06|2026-08-06T22:05:00Z|15:05|18:05|false|R|Washington Nationals|Philadelphia Phillies|120|143|Citizens Bank Park|Final|823430
2026-08-06|2026-08-06T23:10:00Z|16:10|19:10|false|R|Chicago White Sox|Boston Red Sox|145|111|Fenway Park|Final|824729
2026-08-06|2026-08-06T23:15:00Z|16:15|19:15|false|R|Miami Marlins|Atlanta Braves|146|144|Truist Park|Final|824885
2026-08-06|2026-08-06T23:40:00Z|16:40|19:40|false|R|Minnesota Twins|Kansas City Royals|142|118|Kauffman Stadium|Final|824080
2026-08-06|2026-08-07T01:40:00Z|18:40|21:40|false|R|San Diego Padres|Arizona Diamondbacks|135|109|Chase Field|Final|825053
2026-08-07|2026-08-07T22:40:00Z|15:40|18:40|false|R|New York Mets|Pittsburgh Pirates|121|134|PNC Park|Final|823349
2026-08-07|2026-08-07T22:40:00Z|15:40|18:40|false|R|Toronto Blue Jays|Philadelphia Phillies|141|143|Citizens Bank Park|Final|823428
2026-08-07|2026-08-07T22:45:00Z|15:45|18:45|false|R|Cincinnati Reds|Washington Nationals|113|120|Nationals Park|Final|822699
2026-08-07|2026-08-07T23:05:00Z|16:05|19:05|false|R|Atlanta Braves|New York Yankees|144|147|Yankee Stadium|Final|823515
2026-08-07|2026-08-07T23:10:00Z|16:10|19:10|false|R|Athletics|Boston Red Sox|133|111|Fenway Park|Final|824727
2026-08-07|2026-08-07T23:10:00Z|16:10|19:10|false|R|Los Angeles Angels|Miami Marlins|108|146|loanDepot park|Final|823836
2026-08-07|2026-08-07T23:40:00Z|16:40|19:40|false|R|Cleveland Guardians|Chicago White Sox|114|145|Rate Field|Final|824566
2026-08-07|2026-08-07T23:40:00Z|16:40|19:40|false|R|Minnesota Twins|Milwaukee Brewers|142|158|American Family Field|Final|823750
2026-08-07|2026-08-08T00:10:00Z|17:10|20:10|false|R|Chicago Cubs|Kansas City Royals|112|118|Kauffman Stadium|Final|824081
2026-08-07|2026-08-08T00:15:00Z|17:15|20:15|false|R|Baltimore Orioles|Texas Rangers|110|140|Globe Life Field|Final|822863
2026-08-07|2026-08-08T00:15:00Z|17:15|20:15|false|R|Colorado Rockies|St. Louis Cardinals|115|138|Busch Stadium|Final|823024
2026-08-07|2026-08-08T01:40:00Z|18:40|21:40|false|R|Houston Astros|San Diego Padres|117|135|Petco Park|Final|823266
2026-08-07|2026-08-08T01:40:00Z|18:40|21:40|false|R|Los Angeles Dodgers|Arizona Diamondbacks|119|109|Chase Field|Final|825051
2026-08-07|2026-08-08T01:45:00Z|18:45|21:45|false|R|Tampa Bay Rays|Seattle Mariners|139|136|T-Mobile Park|Final|823103
2026-08-07|2026-08-08T02:15:00Z|19:15|22:15|false|R|Detroit Tigers|San Francisco Giants|116|137|Oracle Park|Final|823191
2026-08-08|2026-08-08T19:05:00Z|12:05|15:05|false|R|Atlanta Braves|New York Yankees|144|147|Yankee Stadium|Final|823514
2026-08-08|2026-08-08T20:10:00Z|13:10|16:10|false|R|Athletics|Boston Red Sox|133|111|Fenway Park|Final|824726
2026-08-08|2026-08-08T20:10:00Z|13:10|16:10|false|R|Los Angeles Angels|Miami Marlins|108|146|loanDepot park|Final|823834
2026-08-08|2026-08-08T22:05:00Z|15:05|18:05|false|R|Toronto Blue Jays|Philadelphia Phillies|141|143|Citizens Bank Park|Final|823426
2026-08-08|2026-08-08T22:40:00Z|15:40|18:40|false|R|New York Mets|Pittsburgh Pirates|121|134|PNC Park|Final|823348
2026-08-08|2026-08-08T22:45:00Z|15:45|18:45|false|R|Cincinnati Reds|Washington Nationals|113|120|Nationals Park|Final|822701
2026-08-08|2026-08-08T23:10:00Z|16:10|19:10|false|R|Chicago Cubs|Kansas City Royals|112|118|Kauffman Stadium|Final|824079
2026-08-08|2026-08-08T23:10:00Z|16:10|19:10|false|R|Minnesota Twins|Milwaukee Brewers|142|158|American Family Field|Final|823752
2026-08-08|2026-08-08T23:15:00Z|16:15|19:15|false|R|Baltimore Orioles|Texas Rangers|110|140|Globe Life Field|Final|822864
2026-08-08|2026-08-08T23:15:00Z|16:15|19:15|false|R|Cleveland Guardians|Chicago White Sox|114|145|Rate Field|Final|824565
2026-08-08|2026-08-08T23:15:00Z|16:15|19:15|false|R|Colorado Rockies|St. Louis Cardinals|115|138|Busch Stadium|Final|823021
2026-08-08|2026-08-08T23:15:00Z|16:15|19:15|false|R|Detroit Tigers|San Francisco Giants|116|137|Oracle Park|Final|823188
2026-08-08|2026-08-08T23:15:00Z|16:15|19:15|false|R|Houston Astros|San Diego Padres|117|135|Petco Park|Final|823267
2026-08-08|2026-08-09T00:10:00Z|17:10|20:10|false|R|Los Angeles Dodgers|Arizona Diamondbacks|119|109|Chase Field|Final|825049
2026-08-08|2026-08-09T01:50:00Z|18:50|21:50|false|R|Tampa Bay Rays|Seattle Mariners|139|136|T-Mobile Park|Final|823102
2026-08-09|2026-08-09T16:15:00Z|09:15|12:15|false|R|Cincinnati Reds|Washington Nationals|113|120|Nationals Park|Final|822700
2026-08-09|2026-08-09T17:35:00Z|10:35|13:35|false|R|Athletics|Boston Red Sox|133|111|Fenway Park|Final|824724
2026-08-09|2026-08-09T17:35:00Z|10:35|13:35|false|R|Atlanta Braves|New York Yankees|144|147|Yankee Stadium|Final|823513
2026-08-09|2026-08-09T17:35:00Z|10:35|13:35|false|R|New York Mets|Pittsburgh Pirates|121|134|PNC Park|Final|823345
2026-08-09|2026-08-09T17:35:00Z|10:35|13:35|false|R|Toronto Blue Jays|Philadelphia Phillies|141|143|Citizens Bank Park|Final|823425
2026-08-09|2026-08-09T17:40:00Z|10:40|13:40|false|R|Los Angeles Angels|Miami Marlins|108|146|loanDepot park|Final|823835
2026-08-09|2026-08-09T18:10:00Z|11:10|14:10|false|R|Chicago Cubs|Kansas City Royals|112|118|Kauffman Stadium|Final|824078
2026-08-09|2026-08-09T18:10:00Z|11:10|14:10|false|R|Cleveland Guardians|Chicago White Sox|114|145|Rate Field|Final|824564
2026-08-09|2026-08-09T18:10:00Z|11:10|14:10|false|R|Minnesota Twins|Milwaukee Brewers|142|158|American Family Field|Final|823751
2026-08-09|2026-08-09T18:15:00Z|11:15|14:15|false|R|Colorado Rockies|St. Louis Cardinals|115|138|Busch Stadium|Final|823020
2026-08-09|2026-08-09T18:35:00Z|11:35|14:35|false|R|Baltimore Orioles|Texas Rangers|110|140|Globe Life Field|Final|822862
2026-08-09|2026-08-09T20:05:00Z|13:05|16:05|false|R|Detroit Tigers|San Francisco Giants|116|137|Oracle Park|Final|823190
2026-08-09|2026-08-09T20:10:00Z|13:10|16:10|false|R|Los Angeles Dodgers|Arizona Diamondbacks|119|109|Chase Field|Final|825050
2026-08-09|2026-08-09T20:10:00Z|13:10|16:10|false|R|Tampa Bay Rays|Seattle Mariners|139|136|T-Mobile Park|Final|823104
2026-08-09|2026-08-10T00:20:00Z|17:20|20:20|false|R|Houston Astros|San Diego Padres|117|135|Petco Park|Final|823268
2026-08-10|2026-08-10T23:07:00Z|16:07|19:07|false|R|Boston Red Sox|Toronto Blue Jays|111|141|Rogers Centre|Final|822780
2026-08-10|2026-08-10T23:15:00Z|16:15|19:15|false|R|New York Mets|Atlanta Braves|121|144|Truist Park|Final|824887
2026-08-10|2026-08-10T23:40:00Z|16:40|19:40|false|R|Baltimore Orioles|Minnesota Twins|110|142|Target Field|Final|823675
2026-08-10|2026-08-10T23:45:00Z|16:45|19:45|false|R|Philadelphia Phillies|St. Louis Cardinals|143|138|Busch Stadium|Final|823018
2026-08-10|2026-08-11T01:38:00Z|18:38|21:38|false|R|Texas Rangers|Los Angeles Angels|140|108|Angel Stadium|Final|823998
2026-08-10|2026-08-11T01:40:00Z|18:40|21:40|false|R|Colorado Rockies|Arizona Diamondbacks|115|109|Chase Field|Final|825048
2026-08-10|2026-08-11T01:40:00Z|18:40|21:40|false|R|Milwaukee Brewers|San Diego Padres|158|135|Petco Park|Final|823265
2026-08-10|2026-08-11T01:40:00Z|18:40|21:40|false|R|Tampa Bay Rays|Athletics|139|133|Sutter Health Park|Final|824969
2026-08-10|2026-08-11T01:45:00Z|18:45|21:45|false|R|Houston Astros|San Francisco Giants|117|137|Oracle Park|Final|823189
2026-08-10|2026-08-11T02:10:00Z|19:10|22:10|false|R|Kansas City Royals|Los Angeles Dodgers|118|119|UNIQLO Field at Dodger Stadium|Final|823918
2026-08-11|2026-08-11T22:40:00Z|15:40|18:40|false|R|Cleveland Guardians|Detroit Tigers|114|116|Comerica Park|Final|824240
2026-08-11|2026-08-11T22:40:00Z|15:40|18:40|false|R|Pittsburgh Pirates|Miami Marlins|134|146|loanDepot park|Final|823832
2026-08-11|2026-08-11T22:45:00Z|15:45|18:45|false|R|Chicago Cubs|Washington Nationals|112|120|Nationals Park|Final|822697
2026-08-11|2026-08-11T23:05:00Z|16:05|19:05|false|R|Seattle Mariners|New York Yankees|136|147|Yankee Stadium|Final|823512
2026-08-11|2026-08-11T23:07:00Z|16:07|19:07|false|R|Boston Red Sox|Toronto Blue Jays|111|141|Rogers Centre|Final|822778
2026-08-11|2026-08-11T23:15:00Z|16:15|19:15|false|R|New York Mets|Atlanta Braves|121|144|Truist Park|Final|824886
2026-08-11|2026-08-11T23:40:00Z|16:40|19:40|false|R|Baltimore Orioles|Minnesota Twins|110|142|Target Field|Final|823673
2026-08-11|2026-08-11T23:40:00Z|16:40|19:40|false|R|Cincinnati Reds|Chicago White Sox|113|145|Rate Field|Final|824563
2026-08-11|2026-08-11T23:45:00Z|16:45|19:45|false|R|Philadelphia Phillies|St. Louis Cardinals|143|138|Busch Stadium|Final|823019
2026-08-11|2026-08-12T01:38:00Z|18:38|21:38|false|R|Texas Rangers|Los Angeles Angels|140|108|Angel Stadium|Final|823997
2026-08-11|2026-08-12T01:40:00Z|18:40|21:40|false|R|Colorado Rockies|Arizona Diamondbacks|115|109|Chase Field|Final|825046
2026-08-11|2026-08-12T01:40:00Z|18:40|21:40|false|R|Milwaukee Brewers|San Diego Padres|158|135|Petco Park|Final|823264
2026-08-11|2026-08-12T01:40:00Z|18:40|21:40|false|R|Tampa Bay Rays|Athletics|139|133|Sutter Health Park|Final|824970
2026-08-11|2026-08-12T01:45:00Z|18:45|21:45|false|R|Houston Astros|San Francisco Giants|117|137|Oracle Park|Final|823186
2026-08-11|2026-08-12T02:10:00Z|19:10|22:10|false|R|Kansas City Royals|Los Angeles Dodgers|118|119|UNIQLO Field at Dodger Stadium|Final|823917
2026-08-12|2026-08-12T17:40:00Z|10:40|13:40|false|R|Baltimore Orioles|Minnesota Twins|110|142|Target Field|Final|823672
2026-08-12|2026-08-12T18:15:00Z|11:15|14:15|false|R|Philadelphia Phillies|St. Louis Cardinals|143|138|Busch Stadium|Final|823017
2026-08-12|2026-08-12T19:05:00Z|12:05|15:05|false|R|Tampa Bay Rays|Athletics|139|133|Sutter Health Park|Final|824967
2026-08-12|2026-08-12T19:40:00Z|12:40|15:40|false|R|Colorado Rockies|Arizona Diamondbacks|115|109|Chase Field|Final|825047
2026-08-12|2026-08-12T19:45:00Z|12:45|15:45|false|R|Houston Astros|San Francisco Giants|117|137|Oracle Park|Final|823187
2026-08-12|2026-08-12T20:10:00Z|13:10|16:10|false|R|Milwaukee Brewers|San Diego Padres|158|135|Petco Park|Final|823263
2026-08-12|2026-08-12T22:40:00Z|15:40|18:40|false|R|Cleveland Guardians|Detroit Tigers|114|116|Comerica Park|Final|824241
2026-08-12|2026-08-12T22:40:00Z|15:40|18:40|false|R|Pittsburgh Pirates|Miami Marlins|134|146|loanDepot park|Final|823833
2026-08-12|2026-08-12T22:45:00Z|15:45|18:45|false|R|Chicago Cubs|Washington Nationals|112|120|Nationals Park|Final|822698
2026-08-12|2026-08-12T23:05:00Z|16:05|19:05|false|R|Seattle Mariners|New York Yankees|136|147|Yankee Stadium|Final|823511
2026-08-12|2026-08-12T23:07:00Z|16:07|19:07|false|R|Boston Red Sox|Toronto Blue Jays|111|141|Rogers Centre|Final|822779
2026-08-12|2026-08-12T23:15:00Z|16:15|19:15|false|R|New York Mets|Atlanta Braves|121|144|Truist Park|Final|824883
2026-08-12|2026-08-12T23:40:00Z|16:40|19:40|false|R|Cincinnati Reds|Chicago White Sox|113|145|Rate Field|Final|824562
2026-08-12|2026-08-13T02:10:00Z|19:10|22:10|false|R|Kansas City Royals|Los Angeles Dodgers|118|119|UNIQLO Field at Dodger Stadium|Final|823916
2026-08-12|2026-08-13T02:10:00Z|19:10|22:10|false|R|Texas Rangers|Los Angeles Angels|140|108|Angel Stadium|Final|823994
2026-08-13|2026-08-13T17:10:00Z|10:10|13:10|false|R|Cincinnati Reds|Chicago White Sox|113|145|Rate Field|Final|824561
2026-08-13|2026-08-13T17:10:00Z|10:10|13:10|false|R|Cleveland Guardians|Detroit Tigers|114|116|Comerica Park|Final|824238
2026-08-13|2026-08-13T17:10:00Z|10:10|13:10|false|R|Pittsburgh Pirates|Miami Marlins|134|146|loanDepot park|Final|823829
2026-08-13|2026-08-13T17:35:00Z|10:35|13:35|false|R|Seattle Mariners|New York Yankees|136|147|Yankee Stadium|Final|823508
2026-08-13|2026-08-13T19:07:00Z|12:07|15:07|false|R|Boston Red Sox|Toronto Blue Jays|111|141|Rogers Centre|Final|822776
2026-08-13|2026-08-13T20:05:00Z|13:05|16:05|false|R|Chicago Cubs|Washington Nationals|112|120|Nationals Park|Final|822696
2026-08-13|2026-08-13T23:30:00Z|16:30|19:30|false|R|Philadelphia Phillies|Minnesota Twins|143|142|Field of Dreams|Final|823669
2026-08-13|2026-08-14T02:07:00Z|19:07|22:07|false|R|Texas Rangers|Los Angeles Angels|140|108|Angel Stadium|Final|823995
2026-08-13|2026-08-14T02:10:00Z|19:10|22:10|false|R|Milwaukee Brewers|Los Angeles Dodgers|158|119|UNIQLO Field at Dodger Stadium|Final|823915
2026-08-14|2026-08-14T18:20:00Z|11:20|14:20|false|R|St. Louis Cardinals|Chicago Cubs|138|112|Wrigley Field|Final|824643
2026-08-14|2026-08-14T22:10:00Z|15:10|18:10|false|R|Miami Marlins|Cincinnati Reds|146|113|Great American Ball Park|Final|824479
2026-08-14|2026-08-14T22:40:00Z|15:40|18:40|false|R|Boston Red Sox|Pittsburgh Pirates|111|134|PNC Park|Final|823346
2026-08-14|2026-08-14T22:40:00Z|15:40|18:40|false|R|Chicago White Sox|Detroit Tigers|145|116|Comerica Park|Final|824237
2026-08-14|2026-08-14T23:10:00Z|16:10|19:10|false|R|Baltimore Orioles|Tampa Bay Rays|110|139|Tropicana Field|Final|822942
2026-08-14|2026-08-14T23:10:00Z|16:10|19:10|false|R|San Diego Padres|Cleveland Guardians|135|114|Progressive Field|Final|824399
2026-08-14|2026-08-14T23:10:00Z|16:10|19:10|false|R|Washington Nationals|New York Mets|120|121|Citi Field|Final|823591
2026-08-14|2026-08-14T23:15:00Z|16:15|19:15|false|R|Arizona Diamondbacks|Atlanta Braves|109|144|Truist Park|Final|824882
2026-08-14|2026-08-14T23:15:00Z|16:15|19:15|false|R|New York Yankees|Toronto Blue Jays|147|141|Rogers Centre|Final|822777
2026-08-14|2026-08-15T00:10:00Z|17:10|20:10|false|R|Seattle Mariners|Houston Astros|136|117|Daikin Park|Final|824159
2026-08-14|2026-08-15T01:38:00Z|18:38|21:38|false|R|Kansas City Royals|Los Angeles Angels|118|108|Angel Stadium|Final|823993
2026-08-14|2026-08-15T01:40:00Z|18:40|21:40|false|R|Texas Rangers|Athletics|140|133|Sutter Health Park|Final|824968
2026-08-14|2026-08-15T02:10:00Z|19:10|22:10|false|R|Milwaukee Brewers|Los Angeles Dodgers|158|119|UNIQLO Field at Dodger Stadium|Final|823913
2026-08-14|2026-08-15T02:15:00Z|19:15|22:15|false|R|Colorado Rockies|San Francisco Giants|115|137|Oracle Park|Final|823185
2026-08-15|2026-08-15T17:10:00Z|10:10|13:10|false|R|Chicago White Sox|Detroit Tigers|145|116|Comerica Park|Final|824239
2026-08-15|2026-08-15T18:20:00Z|11:20|14:20|false|R|St. Louis Cardinals|Chicago Cubs|138|112|Wrigley Field|Final|824644
2026-08-15|2026-08-15T19:07:00Z|12:07|15:07|false|R|New York Yankees|Toronto Blue Jays|147|141|Rogers Centre|Final|822775
2026-08-15|2026-08-15T20:05:00Z|13:05|16:05|false|R|Colorado Rockies|San Francisco Giants|115|137|Oracle Park|Final|823184
2026-08-15|2026-08-15T20:10:00Z|13:10|16:10|false|R|Washington Nationals|New York Mets|120|121|Citi Field|Final|823588
2026-08-15|2026-08-15T22:10:00Z|15:10|18:10|false|R|Baltimore Orioles|Tampa Bay Rays|110|139|Tropicana Field|Final|822941
2026-08-15|2026-08-15T22:40:00Z|15:40|18:40|false|R|Miami Marlins|Cincinnati Reds|146|113|Great American Ball Park|Final|824480
2026-08-15|2026-08-15T23:10:00Z|16:10|19:10|false|R|Philadelphia Phillies|Minnesota Twins|143|142|Target Field|Final|823671
2026-08-15|2026-08-15T23:10:00Z|16:10|19:10|false|R|San Diego Padres|Cleveland Guardians|135|114|Progressive Field|Final|824400
2026-08-15|2026-08-15T23:10:00Z|16:10|19:10|false|R|Seattle Mariners|Houston Astros|136|117|Daikin Park|Final|824157
2026-08-15|2026-08-15T23:15:00Z|16:15|19:15|false|R|Arizona Diamondbacks|Atlanta Braves|109|144|Truist Park|Final|824884
2026-08-15|2026-08-15T23:15:00Z|16:15|19:15|false|R|Boston Red Sox|Pittsburgh Pirates|111|134|PNC Park|Final|823347
2026-08-15|2026-08-15T23:15:00Z|16:15|19:15|false|R|Milwaukee Brewers|Los Angeles Dodgers|158|119|UNIQLO Field at Dodger Stadium|Final|823914
2026-08-15|2026-08-16T01:38:00Z|18:38|21:38|false|R|Kansas City Royals|Los Angeles Angels|118|108|Angel Stadium|Final|823990
2026-08-15|2026-08-16T01:40:00Z|18:40|21:40|false|R|Texas Rangers|Athletics|140|133|Sutter Health Park|Final|824966
2026-08-16|2026-08-16T16:15:00Z|09:15|12:15|false|R|Baltimore Orioles|Tampa Bay Rays|110|139|Tropicana Field|Final|822940
2026-08-16|2026-08-16T17:35:00Z|10:35|13:35|false|R|Arizona Diamondbacks|Atlanta Braves|109|144|Truist Park|Final|824880
2026-08-16|2026-08-16T17:35:00Z|10:35|13:35|false|R|Boston Red Sox|Pittsburgh Pirates|111|134|PNC Park|Final|823344
2026-08-16|2026-08-16T17:37:00Z|10:37|13:37|false|R|New York Yankees|Toronto Blue Jays|147|141|Rogers Centre|Final|822774
2026-08-16|2026-08-16T17:40:00Z|10:40|13:40|false|R|Chicago White Sox|Detroit Tigers|145|116|Comerica Park|Final|824236
2026-08-16|2026-08-16T17:40:00Z|10:40|13:40|false|R|Miami Marlins|Cincinnati Reds|146|113|Great American Ball Park|Final|824477
2026-08-16|2026-08-16T17:40:00Z|10:40|13:40|false|R|San Diego Padres|Cleveland Guardians|135|114|Progressive Field|Final|824397
2026-08-16|2026-08-16T17:40:00Z|10:40|13:40|false|R|Washington Nationals|New York Mets|120|121|Citi Field|Final|823590
2026-08-16|2026-08-16T18:10:00Z|11:10|14:10|false|R|Philadelphia Phillies|Minnesota Twins|143|142|Target Field|Final|823670
2026-08-16|2026-08-16T19:15:00Z|12:15|15:15|false|R|St. Louis Cardinals|Chicago Cubs|138|112|Wrigley Field|Final|824642
2026-08-16|2026-08-16T20:05:00Z|13:05|16:05|false|R|Colorado Rockies|San Francisco Giants|115|137|Oracle Park|Final|823182
2026-08-16|2026-08-16T20:05:00Z|13:05|16:05|false|R|Texas Rangers|Athletics|140|133|Sutter Health Park|Final|824965
2026-08-16|2026-08-16T20:07:00Z|13:07|16:07|false|R|Kansas City Royals|Los Angeles Angels|118|108|Angel Stadium|Final|823991
2026-08-16|2026-08-16T20:10:00Z|13:10|16:10|false|R|Milwaukee Brewers|Los Angeles Dodgers|158|119|UNIQLO Field at Dodger Stadium|Final|823912
2026-08-16|2026-08-16T23:20:00Z|16:20|19:20|false|R|Seattle Mariners|Houston Astros|136|117|Daikin Park|Final|824156
2026-08-17|2026-08-17T22:05:00Z|15:05|18:05|false|R|Baltimore Orioles|Tampa Bay Rays|110|139|Tropicana Field|Final|822939
2026-08-17|2026-08-17T22:40:00Z|15:40|18:40|false|R|Miami Marlins|Philadelphia Phillies|146|143|Citizens Bank Park|Final|823427
2026-08-17|2026-08-17T22:40:00Z|15:40|18:40|false|R|St. Louis Cardinals|Cincinnati Reds|138|113|Great American Ball Park|Final|824478
2026-08-17|2026-08-17T23:05:00Z|16:05|19:05|false|R|Detroit Tigers|Pittsburgh Pirates|116|134|PNC Park|Final|823343
2026-08-17|2026-08-17T23:10:00Z|16:10|19:10|false|R|Arizona Diamondbacks|Boston Red Sox|109|111|Fenway Park|Final|824725
2026-08-17|2026-08-17T23:10:00Z|16:10|19:10|false|R|San Diego Padres|New York Mets|135|121|Citi Field|Final|823589
2026-08-17|2026-08-17T23:40:00Z|16:40|19:40|false|R|Athletics|Kansas City Royals|133|118|Kauffman Stadium|Final|824077
2026-08-17|2026-08-17T23:40:00Z|16:40|19:40|false|R|Atlanta Braves|Minnesota Twins|144|142|Target Field|Final|823668
2026-08-17|2026-08-18T00:05:00Z|17:05|20:05|false|R|Chicago White Sox|Chicago Cubs|145|112|Wrigley Field|Final|824641
2026-08-17|2026-08-18T00:40:00Z|17:40|20:40|false|R|Los Angeles Dodgers|Colorado Rockies|119|115|Coors Field|Final|824320
2026-08-18|2026-08-18T22:35:00Z|15:35|18:35|false|R|New York Yankees|Baltimore Orioles|147|110|Oriole Park at Camden Yards|Final|824803
2026-08-18|2026-08-18T22:40:00Z|15:40|18:40|false|R|Detroit Tigers|Pittsburgh Pirates|116|134|PNC Park|Final|823341
2026-08-18|2026-08-18T22:40:00Z|15:40|18:40|false|R|Miami Marlins|Philadelphia Phillies|146|143|Citizens Bank Park|Final|823423
2026-08-18|2026-08-18T22:40:00Z|15:40|18:40|false|R|San Francisco Giants|Cleveland Guardians|137|114|Progressive Field|Final|824398
2026-08-18|2026-08-18T22:40:00Z|15:40|18:40|false|R|St. Louis Cardinals|Cincinnati Reds|138|113|Great American Ball Park|Final|824475
2026-08-18|2026-08-18T22:40:00Z|15:40|18:40|false|R|Toronto Blue Jays|Tampa Bay Rays|141|139|Tropicana Field|Final|822938
2026-08-18|2026-08-18T23:10:00Z|16:10|19:10|false|R|Arizona Diamondbacks|Boston Red Sox|109|111|Fenway Park|Final|824723
2026-08-18|2026-08-18T23:10:00Z|16:10|19:10|false|R|San Diego Padres|New York Mets|135|121|Citi Field|Final|823586
2026-08-18|2026-08-18T23:40:00Z|16:40|19:40|false|R|Athletics|Kansas City Royals|133|118|Kauffman Stadium|Final|824075
2026-08-18|2026-08-18T23:40:00Z|16:40|19:40|false|R|Atlanta Braves|Minnesota Twins|144|142|Target Field|Final|823667
2026-08-18|2026-08-18T23:40:00Z|16:40|19:40|false|R|Seattle Mariners|Milwaukee Brewers|136|158|American Family Field|Final|823749
2026-08-18|2026-08-19T00:05:00Z|17:05|20:05|false|R|Chicago White Sox|Chicago Cubs|145|112|Wrigley Field|Final|824639
2026-08-18|2026-08-19T00:05:00Z|17:05|20:05|false|R|Washington Nationals|Texas Rangers|120|140|Globe Life Field|Final|822859
2026-08-18|2026-08-19T00:10:00Z|17:10|20:10|false|R|Los Angeles Angels|Houston Astros|108|117|Daikin Park|Final|824154
2026-08-18|2026-08-19T00:40:00Z|17:40|20:40|false|R|Los Angeles Dodgers|Colorado Rockies|119|115|Coors Field|Final|824319
2026-08-19|2026-08-19T16:35:00Z|09:35|12:35|false|R|Detroit Tigers|Pittsburgh Pirates|116|134|PNC Park|Final|823342
2026-08-19|2026-08-19T17:10:00Z|10:10|13:10|false|R|San Diego Padres|New York Mets|135|121|Citi Field|Final|823587
2026-08-19|2026-08-19T17:40:00Z|10:40|13:40|false|R|Atlanta Braves|Minnesota Twins|144|142|Target Field|Final|823664
2026-08-19|2026-08-19T18:20:00Z|11:20|14:20|false|R|Chicago White Sox|Chicago Cubs|145|112|Wrigley Field|Final|824640
2026-08-19|2026-08-19T20:10:00Z|13:10|16:10|false|R|Arizona Diamondbacks|Boston Red Sox|109|111|Fenway Park|Final|824722
2026-08-19|2026-08-19T22:05:00Z|15:05|18:05|false|R|Miami Marlins|Philadelphia Phillies|146|143|Citizens Bank Park|Final|823424
2026-08-19|2026-08-19T22:35:00Z|15:35|18:35|false|R|New York Yankees|Baltimore Orioles|147|110|Oriole Park at Camden Yards|Final|824801
2026-08-19|2026-08-19T22:40:00Z|15:40|18:40|false|R|San Francisco Giants|Cleveland Guardians|137|114|Progressive Field|Final|824394
2026-08-19|2026-08-19T22:40:00Z|15:40|18:40|false|R|St. Louis Cardinals|Cincinnati Reds|138|113|Great American Ball Park|Final|824476
2026-08-19|2026-08-19T22:40:00Z|15:40|18:40|false|R|Toronto Blue Jays|Tampa Bay Rays|141|139|Tropicana Field|Final|822937
2026-08-19|2026-08-19T23:40:00Z|16:40|19:40|false|R|Athletics|Kansas City Royals|133|118|Kauffman Stadium|Final|824076
2026-08-19|2026-08-19T23:40:00Z|16:40|19:40|false|R|Seattle Mariners|Milwaukee Brewers|136|158|American Family Field|Final|823748
2026-08-19|2026-08-20T00:05:00Z|17:05|20:05|false|R|Washington Nationals|Texas Rangers|120|140|Globe Life Field|Final|822860
2026-08-19|2026-08-20T00:10:00Z|17:10|20:10|false|R|Los Angeles Angels|Houston Astros|108|117|Daikin Park|Final|824155
2026-08-19|2026-08-20T00:40:00Z|17:40|20:40|false|R|Los Angeles Dodgers|Colorado Rockies|119|115|Coors Field|Final|824318
2026-08-20|2026-08-20T16:40:00Z|09:40|12:40|false|R|St. Louis Cardinals|Cincinnati Reds|138|113|Great American Ball Park|Final|824474
2026-08-20|2026-08-20T17:10:00Z|10:10|13:10|false|R|San Francisco Giants|Cleveland Guardians|137|114|Progressive Field|Final|824395
2026-08-20|2026-08-20T17:10:00Z|10:10|13:10|false|R|Toronto Blue Jays|Tampa Bay Rays|141|139|Tropicana Field|Final|822934
2026-08-20|2026-08-20T18:10:00Z|11:10|14:10|false|R|Athletics|Kansas City Royals|133|118|Kauffman Stadium|Final|824074
2026-08-20|2026-08-20T18:10:00Z|11:10|14:10|false|R|Seattle Mariners|Milwaukee Brewers|136|158|American Family Field|Final|823747
2026-08-20|2026-08-20T22:35:00Z|15:35|18:35|false|R|New York Yankees|Baltimore Orioles|147|110|Oriole Park at Camden Yards|Final|824802
2026-08-20|2026-08-21T00:05:00Z|17:05|20:05|false|R|Washington Nationals|Texas Rangers|120|140|Globe Life Field|Final|822861
2026-08-20|2026-08-21T00:10:00Z|17:10|20:10|false|R|Los Angeles Angels|Houston Astros|108|117|Daikin Park|Final|824153
2026-08-21|2026-08-21T20:10:00Z|13:10|16:10|false|R|Atlanta Braves|Milwaukee Brewers|144|158|American Family Field|Final|823746
2026-08-21|2026-08-21T22:40:00Z|15:40|18:40|false|R|St. Louis Cardinals|Philadelphia Phillies|138|143|Citizens Bank Park|Final|823420
2026-08-21|2026-08-21T23:05:00Z|16:05|19:05|false|R|Toronto Blue Jays|New York Yankees|141|147|Yankee Stadium|Final|823510
2026-08-21|2026-08-21T23:10:00Z|16:10|19:10|false|R|San Francisco Giants|Boston Red Sox|137|111|Fenway Park|Final|824721
2026-08-21|2026-08-21T23:10:00Z|16:10|19:10|false|R|Washington Nationals|Miami Marlins|120|146|loanDepot park|Final|823830
2026-08-21|2026-08-21T23:15:00Z|16:15|19:15|false|R|Tampa Bay Rays|Baltimore Orioles|139|110|Oriole Park at Camden Yards|Final|824800
2026-08-21|2026-08-21T23:40:00Z|16:40|19:40|false|R|New York Mets|Chicago White Sox|121|145|Rate Field|Final|824559
2026-08-21|2026-08-22T00:10:00Z|17:10|20:10|false|R|Athletics|Houston Astros|133|117|Daikin Park|Final|824152
2026-08-21|2026-08-22T00:10:00Z|17:10|20:10|false|R|Detroit Tigers|Kansas City Royals|116|118|Kauffman Stadium|Final|824072
2026-08-21|2026-08-22T00:15:00Z|17:15|20:15|false|R|Los Angeles Angels|Texas Rangers|108|140|Globe Life Field|Final|822857
2026-08-21|2026-08-22T00:40:00Z|17:40|20:40|false|R|Cleveland Guardians|Colorado Rockies|114|115|Coors Field|Final|824317
2026-08-21|2026-08-22T01:40:00Z|18:40|21:40|false|R|Cincinnati Reds|Arizona Diamondbacks|113|109|Chase Field|Final|825045
2026-08-21|2026-08-22T01:40:00Z|18:40|21:40|false|R|Minnesota Twins|San Diego Padres|142|135|Petco Park|Final|823262
2026-08-21|2026-08-22T02:10:00Z|19:10|22:10|false|R|Chicago Cubs|Seattle Mariners|112|136|T-Mobile Park|Final|823101
2026-08-21|2026-08-22T02:10:00Z|19:10|22:10|false|R|Pittsburgh Pirates|Los Angeles Dodgers|134|119|UNIQLO Field at Dodger Stadium|Final|823911
2026-08-22|2026-08-22T17:35:00Z|10:35|13:35|false|R|Toronto Blue Jays|New York Yankees|141|147|Yankee Stadium|Final|823509
2026-08-22|2026-08-22T18:10:00Z|11:10|14:10|false|R|Atlanta Braves|Milwaukee Brewers|144|158|American Family Field|Final|823743
2026-08-22|2026-08-22T20:10:00Z|13:10|16:10|false|R|Washington Nationals|Miami Marlins|120|146|loanDepot park|Final|823831
2026-08-22|2026-08-22T22:05:00Z|15:05|18:05|false|R|St. Louis Cardinals|Philadelphia Phillies|138|143|Citizens Bank Park|Final|823422
2026-08-22|2026-08-22T23:05:00Z|16:05|19:05|false|R|Los Angeles Angels|Texas Rangers|108|140|Globe Life Field|Final|822858
2026-08-22|2026-08-22T23:05:00Z|16:05|19:05|false|R|Tampa Bay Rays|Baltimore Orioles|139|110|Oriole Park at Camden Yards|Final|824798
2026-08-22|2026-08-22T23:10:00Z|16:10|19:10|false|R|Athletics|Houston Astros|133|117|Daikin Park|Final|824151
2026-08-22|2026-08-22T23:10:00Z|16:10|19:10|false|R|New York Mets|Chicago White Sox|121|145|Rate Field|Final|824560
2026-08-22|2026-08-22T23:15:00Z|16:15|19:15|false|R|Chicago Cubs|Seattle Mariners|112|136|T-Mobile Park|Final|823100
2026-08-22|2026-08-22T23:15:00Z|16:15|19:15|false|R|Detroit Tigers|Kansas City Royals|116|118|Kauffman Stadium|Final|824073
2026-08-22|2026-08-22T23:15:00Z|16:15|19:15|false|R|Pittsburgh Pirates|Los Angeles Dodgers|134|119|UNIQLO Field at Dodger Stadium|Final|823910
2026-08-22|2026-08-22T23:15:00Z|16:15|19:15|false|R|San Francisco Giants|Boston Red Sox|137|111|Fenway Park|Final|824718
2026-08-22|2026-08-23T00:10:00Z|17:10|20:10|false|R|Cincinnati Reds|Arizona Diamondbacks|113|109|Chase Field|Final|825044
2026-08-22|2026-08-23T00:10:00Z|17:10|20:10|false|R|Cleveland Guardians|Colorado Rockies|114|115|Coors Field|Final|824316
2026-08-22|2026-08-23T00:40:00Z|17:40|20:40|false|R|Minnesota Twins|San Diego Padres|142|135|Petco Park|Final|823261
2026-08-23|2026-08-23T17:35:00Z|10:35|13:35|false|R|St. Louis Cardinals|Philadelphia Phillies|138|143|Citizens Bank Park|Final|823421
2026-08-23|2026-08-23T17:35:00Z|10:35|13:35|false|R|Tampa Bay Rays|Baltimore Orioles|139|110|Oriole Park at Camden Yards|Final|824799
2026-08-23|2026-08-23T17:35:00Z|10:35|13:35|false|R|Toronto Blue Jays|New York Yankees|141|147|Yankee Stadium|Final|823507
2026-08-23|2026-08-23T17:40:00Z|10:40|13:40|false|R|Washington Nationals|Miami Marlins|120|146|loanDepot park|Final|823827
2026-08-23|2026-08-23T18:10:00Z|11:10|14:10|false|R|Athletics|Houston Astros|133|117|Daikin Park|Final|824150
2026-08-23|2026-08-23T18:10:00Z|11:10|14:10|false|R|Detroit Tigers|Kansas City Royals|116|118|Kauffman Stadium|Final|824071
2026-08-23|2026-08-23T18:10:00Z|11:10|14:10|false|R|New York Mets|Chicago White Sox|121|145|Rate Field|Final|824558
2026-08-23|2026-08-23T18:35:00Z|11:35|14:35|false|R|Los Angeles Angels|Texas Rangers|108|140|Globe Life Field|Final|822856
2026-08-23|2026-08-23T19:10:00Z|12:10|15:10|false|R|Cleveland Guardians|Colorado Rockies|114|115|Coors Field|Final|824315
2026-08-23|2026-08-23T19:15:00Z|12:15|15:15|false|R|San Francisco Giants|Boston Red Sox|137|111|Fenway Park|Final|824720
2026-08-23|2026-08-23T20:10:00Z|13:10|16:10|false|R|Chicago Cubs|Seattle Mariners|112|136|T-Mobile Park|Final|823099
2026-08-23|2026-08-23T20:10:00Z|13:10|16:10|false|R|Minnesota Twins|San Diego Padres|142|135|Petco Park|Final|823258
2026-08-23|2026-08-23T20:10:00Z|13:10|16:10|false|R|Pittsburgh Pirates|Los Angeles Dodgers|134|119|UNIQLO Field at Dodger Stadium|Final|823909
2026-08-23|2026-08-23T20:15:00Z|13:15|16:15|false|R|Cincinnati Reds|Arizona Diamondbacks|113|109|Chase Field|Final|825043
2026-08-23|2026-08-23T23:10:00Z|16:10|19:10|false|R|Atlanta Braves|Milwaukee Brewers|144|158|Journey Bank Ballpark|Final|823745
2026-08-24|2026-08-24T22:40:00Z|15:40|18:40|false|R|Boston Red Sox|Miami Marlins|111|146|loanDepot park|Final|823828
2026-08-24|2026-08-24T22:40:00Z|15:40|18:40|false|R|Tampa Bay Rays|Detroit Tigers|139|116|Comerica Park|Final|824235
2026-08-24|2026-08-24T22:45:00Z|15:45|18:45|false|R|Colorado Rockies|Washington Nationals|115|120|Nationals Park|Final|822695
2026-08-24|2026-08-24T23:40:00Z|16:40|19:40|false|R|Texas Rangers|Chicago White Sox|140|145|Rate Field|Final|824557
2026-08-24|2026-08-25T01:38:00Z|18:38|21:38|false|R|Cleveland Guardians|Los Angeles Angels|114|108|Angel Stadium|Final|823992
2026-08-24|2026-08-25T01:40:00Z|18:40|21:40|false|R|Chicago Cubs|Arizona Diamondbacks|112|109|Chase Field|Final|825041
2026-08-24|2026-08-25T01:40:00Z|18:40|21:40|false|R|Minnesota Twins|Athletics|142|133|Sutter Health Park|Final|824964
2026-08-24|2026-08-25T01:40:00Z|18:40|21:40|false|R|Philadelphia Phillies|Seattle Mariners|143|136|T-Mobile Park|Final|823097
2026-08-24|2026-08-25T01:40:00Z|18:40|21:40|false|R|Pittsburgh Pirates|San Diego Padres|134|135|Petco Park|Final|823260
2026-08-24|2026-08-25T01:45:00Z|18:45|21:45|false|R|Cincinnati Reds|San Francisco Giants|113|137|Oracle Park|Final|823183
2026-08-25|2026-08-25T22:40:00Z|15:40|18:40|false|R|Boston Red Sox|Miami Marlins|111|146|loanDepot park|Final|823826
2026-08-25|2026-08-25T22:40:00Z|15:40|18:40|false|R|Tampa Bay Rays|Detroit Tigers|139|116|Comerica Park|Final|824233
2026-08-25|2026-08-25T22:45:00Z|15:45|18:45|false|R|Colorado Rockies|Washington Nationals|115|120|Nationals Park|Final|822693
2026-08-25|2026-08-25T23:05:00Z|16:05|19:05|false|R|Houston Astros|New York Yankees|117|147|Yankee Stadium|Final|823505
2026-08-25|2026-08-25T23:07:00Z|16:07|19:07|false|R|Kansas City Royals|Toronto Blue Jays|118|141|Rogers Centre|Final|822773
2026-08-25|2026-08-25T23:10:00Z|16:10|19:10|false|R|Milwaukee Brewers|New York Mets|158|121|Citi Field|Final|823585
2026-08-25|2026-08-25T23:15:00Z|16:15|19:15|false|R|Los Angeles Dodgers|Atlanta Braves|119|144|Truist Park|Final|824881
2026-08-25|2026-08-25T23:40:00Z|16:40|19:40|false|R|Texas Rangers|Chicago White Sox|140|145|Rate Field|Final|824556
2026-08-25|2026-08-25T23:45:00Z|16:45|19:45|false|R|Baltimore Orioles|St. Louis Cardinals|110|138|Busch Stadium|Final|823016
2026-08-25|2026-08-26T01:38:00Z|18:38|21:38|false|R|Cleveland Guardians|Los Angeles Angels|114|108|Angel Stadium|Final|823989
2026-08-25|2026-08-26T01:40:00Z|18:40|21:40|false|R|Chicago Cubs|Arizona Diamondbacks|112|109|Chase Field|Final|825042
2026-08-25|2026-08-26T01:40:00Z|18:40|21:40|false|R|Minnesota Twins|Athletics|142|133|Sutter Health Park|Final|824962
2026-08-25|2026-08-26T01:40:00Z|18:40|21:40|false|R|Philadelphia Phillies|Seattle Mariners|143|136|T-Mobile Park|Final|823098
2026-08-25|2026-08-26T01:40:00Z|18:40|21:40|false|R|Pittsburgh Pirates|San Diego Padres|134|135|Petco Park|Final|823259
2026-08-25|2026-08-26T01:45:00Z|18:45|21:45|false|R|Cincinnati Reds|San Francisco Giants|113|137|Oracle Park|Final|823181
2026-08-26|2026-08-26T17:10:00Z|10:10|13:10|false|R|Tampa Bay Rays|Detroit Tigers|139|116|Comerica Park|Final|824234
2026-08-26|2026-08-26T19:40:00Z|12:40|15:40|false|R|Chicago Cubs|Arizona Diamondbacks|112|109|Chase Field|Final|825039
2026-08-26|2026-08-26T19:45:00Z|12:45|15:45|false|R|Cincinnati Reds|San Francisco Giants|113|137|Oracle Park|Final|823180
2026-08-26|2026-08-26T20:07:00Z|13:07|16:07|false|R|Cleveland Guardians|Los Angeles Angels|114|108|Angel Stadium|Final|823988
2026-08-26|2026-08-26T20:10:00Z|13:10|16:10|false|R|Philadelphia Phillies|Seattle Mariners|143|136|T-Mobile Park|Final|823096
2026-08-26|2026-08-26T20:10:00Z|13:10|16:10|false|R|Pittsburgh Pirates|San Diego Padres|134|135|Petco Park|Final|823255
2026-08-26|2026-08-26T22:40:00Z|15:40|18:40|false|R|Boston Red Sox|Miami Marlins|111|146|loanDepot park|Final|823825
2026-08-26|2026-08-26T22:45:00Z|15:45|18:45|false|R|Colorado Rockies|Washington Nationals|115|120|Nationals Park|Final|822692
2026-08-26|2026-08-26T23:05:00Z|16:05|19:05|false|R|Houston Astros|New York Yankees|117|147|Yankee Stadium|Final|823506
2026-08-26|2026-08-26T23:07:00Z|16:07|19:07|false|R|Kansas City Royals|Toronto Blue Jays|118|141|Rogers Centre|Final|822772
2026-08-26|2026-08-26T23:10:00Z|16:10|19:10|false|R|Milwaukee Brewers|New York Mets|158|121|Citi Field|Final|823584
2026-08-26|2026-08-26T23:15:00Z|16:15|19:15|false|R|Los Angeles Dodgers|Atlanta Braves|119|144|Truist Park|Final|824878
2026-08-26|2026-08-26T23:40:00Z|16:40|19:40|false|R|Texas Rangers|Chicago White Sox|140|145|Rate Field|Final|824555
2026-08-26|2026-08-26T23:45:00Z|16:45|19:45|false|R|Baltimore Orioles|St. Louis Cardinals|110|138|Busch Stadium|Final|823015
2026-08-26|2026-08-27T01:05:00Z|18:05|21:05|false|R|Minnesota Twins|Athletics|142|133|Sutter Health Park|Final|824963
2026-08-27|2026-08-27T17:05:00Z|10:05|13:05|false|R|Colorado Rockies|Washington Nationals|115|120|Nationals Park|Final|822694
2026-08-27|2026-08-27T18:15:00Z|11:15|14:15|false|R|Baltimore Orioles|St. Louis Cardinals|110|138|Busch Stadium|Final|823014
2026-08-27|2026-08-27T23:05:00Z|16:05|19:05|false|R|Houston Astros|New York Yankees|117|147|Yankee Stadium|Final|823503
2026-08-27|2026-08-27T23:07:00Z|16:07|19:07|false|R|Kansas City Royals|Toronto Blue Jays|118|141|Rogers Centre|Final|822771
2026-08-27|2026-08-27T23:10:00Z|16:10|19:10|false|R|Milwaukee Brewers|New York Mets|158|121|Citi Field|Final|823581
2026-08-27|2026-08-27T23:15:00Z|16:15|19:15|false|R|Los Angeles Dodgers|Atlanta Braves|119|144|Truist Park|Final|824879
2026-08-27|2026-08-28T01:45:00Z|18:45|21:45|false|R|Arizona Diamondbacks|San Francisco Giants|109|137|Oracle Park|Final|823179
2026-08-28|2026-08-28T18:20:00Z|11:20|14:20|false|R|Cincinnati Reds|Chicago Cubs|113|112|Wrigley Field|Final|824638
2026-08-28|2026-08-28T22:40:00Z|15:40|18:40|false|R|Los Angeles Dodgers|Detroit Tigers|119|116|Comerica Park|Final|824231
2026-08-28|2026-08-28T22:45:00Z|15:45|18:45|false|R|Miami Marlins|Washington Nationals|146|120|Nationals Park|Final|822691
2026-08-28|2026-08-28T23:10:00Z|16:10|19:10|false|R|Houston Astros|New York Mets|117|121|Citi Field|Final|823583
2026-08-28|2026-08-28T23:10:00Z|16:10|19:10|false|R|Kansas City Royals|Cleveland Guardians|118|114|Progressive Field|Final|824396
2026-08-28|2026-08-28T23:10:00Z|16:10|19:10|false|R|San Diego Padres|Tampa Bay Rays|135|139|Tropicana Field|Final|822935
2026-08-28|2026-08-28T23:15:00Z|16:15|19:15|false|R|Boston Red Sox|New York Yankees|111|147|Yankee Stadium|Final|823504
2026-08-28|2026-08-28T23:15:00Z|16:15|19:15|false|R|Colorado Rockies|Atlanta Braves|115|144|Truist Park|Final|824877
2026-08-28|2026-08-28T23:15:00Z|16:15|19:15|false|R|Seattle Mariners|Toronto Blue Jays|136|141|Rogers Centre|Final|822769
2026-08-28|2026-08-28T23:40:00Z|16:40|19:40|false|R|Texas Rangers|Milwaukee Brewers|140|158|American Family Field|Final|823744
2026-08-28|2026-08-29T00:10:00Z|17:10|20:10|false|R|Chicago White Sox|Minnesota Twins|145|142|Target Field|Final|823666
2026-08-28|2026-08-29T00:15:00Z|17:15|20:15|false|R|Pittsburgh Pirates|St. Louis Cardinals|134|138|Busch Stadium|Final|823013
2026-08-28|2026-08-29T01:38:00Z|18:38|21:38|false|R|Philadelphia Phillies|Los Angeles Angels|143|108|Angel Stadium|Final|823985
2026-08-28|2026-08-29T01:40:00Z|18:40|21:40|false|R|Baltimore Orioles|Athletics|110|133|Sutter Health Park|Final|824960
2026-08-28|2026-08-29T02:15:00Z|19:15|22:15|false|R|Arizona Diamondbacks|San Francisco Giants|109|137|Oracle Park|Final|823178
2026-08-29|2026-08-29T17:10:00Z|10:10|13:10|false|R|Los Angeles Dodgers|Detroit Tigers|119|116|Comerica Park|Final|824230
2026-08-29|2026-08-29T18:10:00Z|11:10|14:10|false|R|Chicago White Sox|Minnesota Twins|145|142|Target Field|Final|823665
2026-08-29|2026-08-29T18:15:00Z|11:15|14:15|false|R|Pittsburgh Pirates|St. Louis Cardinals|134|138|Busch Stadium|Final|823011
2026-08-29|2026-08-29T18:20:00Z|11:20|14:20|false|R|Cincinnati Reds|Chicago Cubs|113|112|Wrigley Field|Final|824637
2026-08-29|2026-08-29T19:07:00Z|12:07|15:07|false|R|Seattle Mariners|Toronto Blue Jays|136|141|Rogers Centre|Final|822770
2026-08-29|2026-08-29T20:05:00Z|13:05|16:05|false|R|Arizona Diamondbacks|San Francisco Giants|109|137|Oracle Park|Final|823177
2026-08-29|2026-08-29T20:05:00Z|13:05|16:05|false|R|Miami Marlins|Washington Nationals|146|120|Nationals Park|Final|822690
2026-08-29|2026-08-29T20:10:00Z|13:10|16:10|false|R|Colorado Rockies|Atlanta Braves|115|144|Truist Park|Final|824874
2026-08-29|2026-08-29T20:10:00Z|13:10|16:10|false|R|Houston Astros|New York Mets|117|121|Citi Field|Final|823582
2026-08-29|2026-08-29T20:10:00Z|13:10|16:10|false|R|Kansas City Royals|Cleveland Guardians|118|114|Progressive Field|Final|824392
2026-08-29|2026-08-29T20:10:00Z|13:10|16:10|false|R|San Diego Padres|Tampa Bay Rays|135|139|Tropicana Field|Final|822936
2026-08-29|2026-08-29T23:15:00Z|16:15|19:15|false|R|Boston Red Sox|New York Yankees|111|147|Yankee Stadium|Final|823501
2026-08-29|2026-08-29T23:15:00Z|16:15|19:15|false|R|Texas Rangers|Milwaukee Brewers|140|158|American Family Field|Final|823741
2026-08-29|2026-08-30T02:05:00Z|19:05|22:05|false|R|Arizona Diamondbacks|San Francisco Giants|109|137|Oracle Park|Final|823176
2026-08-29|2026-08-30T02:05:00Z|19:05|22:05|false|R|Baltimore Orioles|Athletics|110|133|Sutter Health Park|Final|824961
2026-08-29|2026-08-30T02:07:00Z|19:07|22:07|false|R|Philadelphia Phillies|Los Angeles Angels|143|108|Angel Stadium|Final|823986
2026-08-30|2026-08-30T16:15:00Z|09:15|12:15|false|R|Miami Marlins|Washington Nationals|146|120|Nationals Park|Final|822688
2026-08-30|2026-08-30T17:35:00Z|10:35|13:35|false|R|Boston Red Sox|New York Yankees|111|147|Yankee Stadium|Final|823502
2026-08-30|2026-08-30T17:35:00Z|10:35|13:35|false|R|Colorado Rockies|Atlanta Braves|115|144|Truist Park|Final|824876
2026-08-30|2026-08-30T17:37:00Z|10:37|13:37|false|R|Seattle Mariners|Toronto Blue Jays|136|141|Rogers Centre|Final|822766
2026-08-30|2026-08-30T17:40:00Z|10:40|13:40|false|R|Kansas City Royals|Cleveland Guardians|118|114|Progressive Field|Final|824393
2026-08-30|2026-08-30T17:40:00Z|10:40|13:40|false|R|Los Angeles Dodgers|Detroit Tigers|119|116|Comerica Park|Final|824232
2026-08-30|2026-08-30T17:40:00Z|10:40|13:40|false|R|San Diego Padres|Tampa Bay Rays|135|139|Tropicana Field|Final|822933
2026-08-30|2026-08-30T18:10:00Z|11:10|14:10|false|R|Chicago White Sox|Minnesota Twins|145|142|Target Field|Final|823662
2026-08-30|2026-08-30T18:10:00Z|11:10|14:10|false|R|Texas Rangers|Milwaukee Brewers|140|158|American Family Field|Final|823740
2026-08-30|2026-08-30T18:15:00Z|11:15|14:15|false|R|Pittsburgh Pirates|St. Louis Cardinals|134|138|Busch Stadium|Final|823010
2026-08-30|2026-08-30T19:10:00Z|12:10|15:10|false|R|Houston Astros|New York Mets|117|121|Citi Field|Final|823580
2026-08-30|2026-08-30T20:05:00Z|13:05|16:05|false|R|Baltimore Orioles|Athletics|110|133|Sutter Health Park|Final|824959
2026-08-30|2026-08-30T20:07:00Z|13:07|16:07|false|R|Philadelphia Phillies|Los Angeles Angels|143|108|Angel Stadium|Final|823987
2026-08-30|2026-08-30T23:20:00Z|16:20|19:20|false|R|Cincinnati Reds|Chicago Cubs|113|112|Wrigley Field|Final|824636
2026-08-31|2026-08-31T22:40:00Z|15:40|18:40|false|R|New York Mets|Tampa Bay Rays|121|139|Tropicana Field|Final|822932
2026-08-31|2026-08-31T22:40:00Z|15:40|18:40|false|R|San Diego Padres|Cincinnati Reds|135|113|Great American Ball Park|Final|824473
2026-08-31|2026-08-31T22:45:00Z|15:45|18:45|false|R|Miami Marlins|Washington Nationals|146|120|Nationals Park|Final|822689
2026-08-31|2026-08-31T22:45:00Z|15:45|18:45|false|R|Seattle Mariners|Boston Red Sox|136|111|Fenway Park|Final|824719
2026-08-31|2026-08-31T23:40:00Z|16:40|19:40|false|R|Detroit Tigers|Minnesota Twins|116|142|Target Field|Final|823663
2026-08-31|2026-08-31T23:40:00Z|16:40|19:40|false|R|Milwaukee Brewers|Chicago Cubs|158|112|Wrigley Field|Final|824635
2026-08-31|2026-09-01T00:05:00Z|17:05|20:05|false|R|Athletics|Texas Rangers|133|140|Globe Life Field|Final|822855
2026-08-31|2026-09-01T00:10:00Z|17:10|20:10|false|R|Chicago White Sox|Houston Astros|145|117|Daikin Park|Final|824149
2026-08-31|2026-09-01T00:40:00Z|17:40|20:40|false|R|Baltimore Orioles|Colorado Rockies|110|115|Coors Field|Final|824314
2026-08-31|2026-09-01T01:38:00Z|18:38|21:38|false|R|New York Yankees|Los Angeles Angels|147|108|Angel Stadium|Final|823982
2026-08-31|2026-09-01T01:40:00Z|18:40|21:40|false|R|Philadelphia Phillies|Arizona Diamondbacks|143|109|Chase Field|Final|825040
2026-09-01|2026-09-01T22:40:00Z|15:40|18:40|false|R|New York Mets|Tampa Bay Rays|121|139|Tropicana Field|Final|822929
2026-09-01|2026-09-01T22:40:00Z|15:40|18:40|false|R|San Diego Padres|Cincinnati Reds|135|113|Great American Ball Park|Final|824472
2026-09-01|2026-09-01T22:40:00Z|15:40|18:40|false|R|San Francisco Giants|Pittsburgh Pirates|137|134|PNC Park|Final|823340
2026-09-01|2026-09-01T22:40:00Z|15:40|18:40|false|R|Toronto Blue Jays|Cleveland Guardians|141|114|Progressive Field|Final|824391
2026-09-01|2026-09-01T22:45:00Z|15:45|18:45|false|R|Atlanta Braves|Washington Nationals|144|120|Nationals Park|Final|822687
2026-09-01|2026-09-01T22:45:00Z|15:45|18:45|false|R|Seattle Mariners|Boston Red Sox|136|111|Fenway Park|Final|824716
2026-09-01|2026-09-01T23:40:00Z|16:40|19:40|false|R|Detroit Tigers|Minnesota Twins|116|142|Target Field|Final|823661
2026-09-01|2026-09-01T23:40:00Z|16:40|19:40|false|R|Miami Marlins|Kansas City Royals|146|118|Kauffman Stadium|Final|824070
2026-09-01|2026-09-01T23:40:00Z|16:40|19:40|false|R|Milwaukee Brewers|Chicago Cubs|158|112|Wrigley Field|Final|824633
2026-09-01|2026-09-02T00:05:00Z|17:05|20:05|false|R|Athletics|Texas Rangers|133|140|Globe Life Field|Final|822854
2026-09-01|2026-09-02T00:10:00Z|17:10|20:10|false|R|Chicago White Sox|Houston Astros|145|117|Daikin Park|Final|824148
2026-09-01|2026-09-02T00:40:00Z|17:40|20:40|false|R|Baltimore Orioles|Colorado Rockies|110|115|Coors Field|Final|824313
2026-09-01|2026-09-02T01:38:00Z|18:38|21:38|false|R|New York Yankees|Los Angeles Angels|147|108|Angel Stadium|Final|823984
2026-09-01|2026-09-02T01:40:00Z|18:40|21:40|false|R|Philadelphia Phillies|Arizona Diamondbacks|143|109|Chase Field|Final|825038
2026-09-01|2026-09-02T02:10:00Z|19:10|22:10|false|R|St. Louis Cardinals|Los Angeles Dodgers|138|119|UNIQLO Field at Dodger Stadium|Final|823908
2026-09-02|2026-09-02T16:40:00Z|09:40|12:40|false|R|San Diego Padres|Cincinnati Reds|135|113|Great American Ball Park|Final|824470
2026-09-02|2026-09-02T17:05:00Z|10:05|13:05|false|R|Atlanta Braves|Washington Nationals|144|120|Nationals Park|Final|822686
2026-09-02|2026-09-02T18:35:00Z|11:35|14:35|false|R|Athletics|Texas Rangers|133|140|Globe Life Field|Final|822851
2026-09-02|2026-09-02T19:10:00Z|12:10|15:10|false|R|Baltimore Orioles|Colorado Rockies|110|115|Coors Field|Final|824312
2026-09-02|2026-09-02T19:40:00Z|12:40|15:40|false|R|Philadelphia Phillies|Arizona Diamondbacks|143|109|Chase Field|Final|825037
2026-09-02|2026-09-02T20:10:00Z|13:10|16:10|false|R|Seattle Mariners|Boston Red Sox|136|111|Fenway Park|Final|824717
2026-09-02|2026-09-02T22:40:00Z|15:40|18:40|false|R|New York Mets|Tampa Bay Rays|121|139|Tropicana Field|Final|822931
2026-09-02|2026-09-02T22:40:00Z|15:40|18:40|false|R|San Francisco Giants|Pittsburgh Pirates|137|134|PNC Park|Final|823339
2026-09-02|2026-09-02T22:40:00Z|15:40|18:40|false|R|Toronto Blue Jays|Cleveland Guardians|141|114|Progressive Field|Final|824390
2026-09-02|2026-09-02T23:40:00Z|16:40|19:40|false|R|Detroit Tigers|Minnesota Twins|116|142|Target Field|Final|823660
2026-09-02|2026-09-02T23:40:00Z|16:40|19:40|false|R|Miami Marlins|Kansas City Royals|146|118|Kauffman Stadium|Final|824068
2026-09-02|2026-09-02T23:40:00Z|16:40|19:40|false|R|Milwaukee Brewers|Chicago Cubs|158|112|Wrigley Field|Final|824634
2026-09-02|2026-09-03T00:10:00Z|17:10|20:10|false|R|Chicago White Sox|Houston Astros|145|117|Daikin Park|Final|824147
2026-09-02|2026-09-03T01:38:00Z|18:38|21:38|false|R|New York Yankees|Los Angeles Angels|147|108|Angel Stadium|Final|823983
2026-09-02|2026-09-03T02:10:00Z|19:10|22:10|false|R|St. Louis Cardinals|Los Angeles Dodgers|138|119|UNIQLO Field at Dodger Stadium|Final|823906
2026-09-03|2026-09-03T16:35:00Z|09:35|12:35|false|R|San Francisco Giants|Pittsburgh Pirates|137|134|PNC Park|Final|823337
2026-09-03|2026-09-03T17:10:00Z|10:10|13:10|false|R|Toronto Blue Jays|Cleveland Guardians|141|114|Progressive Field|Final|824388
2026-09-03|2026-09-03T18:10:00Z|11:10|14:10|false|R|Chicago White Sox|Houston Astros|145|117|Daikin Park|Final|824144
2026-09-03|2026-09-03T23:15:00Z|16:15|19:15|false|R|Boston Red Sox|Baltimore Orioles|111|110|Oriole Park at Camden Yards|Final|824796
2026-09-03|2026-09-03T23:15:00Z|16:15|19:15|false|R|Milwaukee Brewers|Chicago Cubs|158|112|Wrigley Field|Final|824632
2026-09-03|2026-09-03T23:40:00Z|16:40|19:40|false|R|Miami Marlins|Kansas City Royals|146|118|Kauffman Stadium|Final|824069
2026-09-03|2026-09-04T00:05:00Z|17:05|20:05|false|R|Tampa Bay Rays|Texas Rangers|139|140|Globe Life Field|Final|822853
2026-09-03|2026-09-04T01:40:00Z|18:40|21:40|false|R|Athletics|Seattle Mariners|133|136|T-Mobile Park|Final|823095
2026-09-03|2026-09-04T02:10:00Z|19:10|22:10|false|R|St. Louis Cardinals|Los Angeles Dodgers|138|119|UNIQLO Field at Dodger Stadium|Final|823907
2026-09-04|2026-09-04T22:10:00Z|15:10|18:10|false|R|Milwaukee Brewers|Cincinnati Reds|158|113|Great American Ball Park|Final|824471
2026-09-04|2026-09-04T22:40:00Z|15:40|18:40|false|R|Atlanta Braves|Philadelphia Phillies|144|143|Citizens Bank Park|Final|823418
2026-09-04|2026-09-04T22:45:00Z|15:45|18:45|false|R|Los Angeles Angels|Pittsburgh Pirates|108|134|PNC Park|Final|823338
2026-09-04|2026-09-04T23:05:00Z|16:05|19:05|false|R|Boston Red Sox|Baltimore Orioles|111|110|Oriole Park at Camden Yards|Final|824797
2026-09-04|2026-09-04T23:10:00Z|16:10|19:10|false|R|Chicago Cubs|Miami Marlins|112|146|loanDepot park|Final|823824
2026-09-04|2026-09-04T23:10:00Z|16:10|19:10|false|R|San Francisco Giants|New York Mets|137|121|Citi Field|Final|823579
2026-09-04|2026-09-04T23:15:00Z|16:15|19:15|false|R|Detroit Tigers|Cleveland Guardians|116|114|Progressive Field|Final|824387
2026-09-04|2026-09-04T23:40:00Z|16:40|19:40|false|R|Minnesota Twins|Chicago White Sox|142|145|Rate Field|Final|824554
2026-09-04|2026-09-05T00:05:00Z|17:05|20:05|false|R|Tampa Bay Rays|Texas Rangers|139|140|Globe Life Field|Final|822852
2026-09-04|2026-09-05T00:10:00Z|17:10|20:10|false|R|Arizona Diamondbacks|Houston Astros|109|117|Daikin Park|Final|824146
2026-09-04|2026-09-05T00:10:00Z|17:10|20:10|false|R|Toronto Blue Jays|Kansas City Royals|141|118|Kauffman Stadium|Final|824067
2026-09-04|2026-09-05T00:40:00Z|17:40|20:40|false|R|St. Louis Cardinals|Colorado Rockies|138|115|Coors Field|Final|824311
2026-09-04|2026-09-05T01:40:00Z|18:40|21:40|false|R|New York Yankees|San Diego Padres|147|135|Petco Park|Final|823256
2026-09-04|2026-09-05T02:10:00Z|19:10|22:10|false|R|Athletics|Seattle Mariners|133|136|T-Mobile Park|Final|823093
2026-09-04|2026-09-05T02:10:00Z|19:10|22:10|false|R|Washington Nationals|Los Angeles Dodgers|120|119|UNIQLO Field at Dodger Stadium|Final|823905
2026-09-05|2026-09-05T20:10:00Z|13:10|16:10|false|R|Chicago Cubs|Miami Marlins|112|146|loanDepot park|Final|823823
2026-09-05|2026-09-05T20:10:00Z|13:10|16:10|false|R|San Francisco Giants|New York Mets|137|121|Citi Field|Final|823577
2026-09-05|2026-09-05T22:05:00Z|15:05|18:05|false|R|Atlanta Braves|Philadelphia Phillies|144|143|Citizens Bank Park|Final|823419
2026-09-05|2026-09-05T22:10:00Z|15:10|18:10|false|R|Detroit Tigers|Cleveland Guardians|116|114|Progressive Field|Final|824389
2026-09-05|2026-09-05T22:40:00Z|15:40|18:40|false|R|Los Angeles Angels|Pittsburgh Pirates|108|134|PNC Park|Final|823335
2026-09-05|2026-09-05T22:40:00Z|15:40|18:40|false|R|Milwaukee Brewers|Cincinnati Reds|158|113|Great American Ball Park|Final|824468
2026-09-05|2026-09-05T23:05:00Z|16:05|19:05|false|R|Boston Red Sox|Baltimore Orioles|111|110|Oriole Park at Camden Yards|Final|824795
2026-09-05|2026-09-05T23:05:00Z|16:05|19:05|false|R|Tampa Bay Rays|Texas Rangers|139|140|Globe Life Field|Final|822850
2026-09-05|2026-09-05T23:10:00Z|16:10|19:10|false|R|Minnesota Twins|Chicago White Sox|142|145|Rate Field|Final|824553
2026-09-05|2026-09-05T23:10:00Z|16:10|19:10|false|R|Toronto Blue Jays|Kansas City Royals|141|118|Kauffman Stadium|Final|824066
2026-09-05|2026-09-05T23:15:00Z|16:15|19:15|false|R|Arizona Diamondbacks|Houston Astros|109|117|Daikin Park|Final|824145
2026-09-05|2026-09-05T23:15:00Z|16:15|19:15|false|R|New York Yankees|San Diego Padres|147|135|Petco Park|Final|823257
2026-09-05|2026-09-06T00:10:00Z|17:10|20:10|false|R|St. Louis Cardinals|Colorado Rockies|138|115|Coors Field|Final|824310
2026-09-05|2026-09-06T01:10:00Z|18:10|21:10|false|R|Washington Nationals|Los Angeles Dodgers|120|119|UNIQLO Field at Dodger Stadium|Final|823904
2026-09-05|2026-09-06T01:40:00Z|18:40|21:40|false|R|Athletics|Seattle Mariners|133|136|T-Mobile Park|Final|823094
2026-09-06|2026-09-06T16:10:00Z|09:10|12:10|false|R|Milwaukee Brewers|Cincinnati Reds|158|113|Great American Ball Park|Final|824469
2026-09-06|2026-09-06T17:10:00Z|10:10|13:10|false|R|Atlanta Braves|Philadelphia Phillies|144|143|Citizens Bank Park|Final|823417
2026-09-06|2026-09-06T17:35:00Z|10:35|13:35|false|R|Boston Red Sox|Baltimore Orioles|111|110|Oriole Park at Camden Yards|Final|824794
2026-09-06|2026-09-06T17:35:00Z|10:35|13:35|false|R|Los Angeles Angels|Pittsburgh Pirates|108|134|PNC Park|Final|823336
2026-09-06|2026-09-06T17:40:00Z|10:40|13:40|false|R|Chicago Cubs|Miami Marlins|112|146|loanDepot park|Final|823822
2026-09-06|2026-09-06T17:40:00Z|10:40|13:40|false|R|Detroit Tigers|Cleveland Guardians|116|114|Progressive Field|Final|824385
2026-09-06|2026-09-06T17:40:00Z|10:40|13:40|false|R|San Francisco Giants|New York Mets|137|121|Citi Field|Final|823578
2026-09-06|2026-09-06T18:10:00Z|11:10|14:10|false|R|Arizona Diamondbacks|Houston Astros|109|117|Daikin Park|Final|824142
2026-09-06|2026-09-06T18:10:00Z|11:10|14:10|false|R|Toronto Blue Jays|Kansas City Royals|141|118|Kauffman Stadium|Final|824065
2026-09-06|2026-09-06T18:35:00Z|11:35|14:35|false|R|Tampa Bay Rays|Texas Rangers|139|140|Globe Life Field|Final|822848
2026-09-06|2026-09-06T19:10:00Z|12:10|15:10|false|R|St. Louis Cardinals|Colorado Rockies|138|115|Coors Field|Final|824309
2026-09-06|2026-09-06T20:10:00Z|13:10|16:10|false|R|Athletics|Seattle Mariners|133|136|T-Mobile Park|Final|823091
2026-09-06|2026-09-06T20:10:00Z|13:10|16:10|false|R|New York Yankees|San Diego Padres|147|135|Petco Park|Final|823253
2026-09-06|2026-09-06T22:20:00Z|15:20|18:20|false|R|Minnesota Twins|Chicago White Sox|142|145|Rate Field|Final|824552
2026-09-06|2026-09-07T02:10:00Z|19:10|22:10|false|R|Washington Nationals|Los Angeles Dodgers|120|119|UNIQLO Field at Dodger Stadium|Final|823903
2026-09-07|2026-09-07T17:05:00Z|10:05|13:05|false|R|Atlanta Braves|Philadelphia Phillies|144|143|Citizens Bank Park|Final|823415
2026-09-07|2026-09-07T17:10:00Z|10:10|13:10|false|R|New York Mets|Miami Marlins|121|146|loanDepot park|Final|823820
2026-09-07|2026-09-07T17:35:00Z|10:35|13:35|false|R|Cleveland Guardians|Baltimore Orioles|114|110|Oriole Park at Camden Yards|Final|824793
2026-09-07|2026-09-07T17:35:00Z|10:35|13:35|false|R|Los Angeles Angels|Boston Red Sox|108|111|Fenway Park|Final|824715
2026-09-07|2026-09-07T18:10:00Z|11:10|14:10|false|R|Arizona Diamondbacks|Kansas City Royals|109|118|Kauffman Stadium|Final|824062
2026-09-07|2026-09-07T18:10:00Z|11:10|14:10|false|R|Chicago Cubs|Milwaukee Brewers|112|158|American Family Field|Final|823742
2026-09-07|2026-09-07T19:10:00Z|12:10|15:10|false|R|Minnesota Twins|Detroit Tigers|142|116|Comerica Park|Final|824229
2026-09-07|2026-09-07T21:10:00Z|14:10|17:10|false|R|Washington Nationals|San Diego Padres|120|135|Petco Park|Final|823254
2026-09-07|2026-09-08T00:10:00Z|17:10|20:10|false|R|St. Louis Cardinals|San Francisco Giants|138|137|Oracle Park|Final|823175
2026-09-07|2026-09-08T01:10:00Z|18:10|21:10|false|R|Cincinnati Reds|Los Angeles Dodgers|113|119|UNIQLO Field at Dodger Stadium|Final|823902
2026-09-07|2026-09-08T02:05:00Z|19:05|22:05|false|R|Toronto Blue Jays|Athletics|141|133|Sutter Health Park|Final|824958
2026-09-08|2026-09-08T22:35:00Z|15:35|18:35|false|R|Cleveland Guardians|Baltimore Orioles|114|110|Oriole Park at Camden Yards|Final|824792
2026-09-08|2026-09-08T22:40:00Z|15:40|18:40|false|R|Houston Astros|Philadelphia Phillies|117|143|Citizens Bank Park|Final|823414
2026-09-08|2026-09-08T22:40:00Z|15:40|18:40|false|R|Minnesota Twins|Detroit Tigers|142|116|Comerica Park|Final|824228
2026-09-08|2026-09-08T22:40:00Z|15:40|18:40|false|R|New York Mets|Miami Marlins|121|146|loanDepot park|Final|823821
2026-09-08|2026-09-08T22:45:00Z|15:45|18:45|false|R|Los Angeles Angels|Boston Red Sox|108|111|Fenway Park|Final|824714
2026-09-08|2026-09-08T23:05:00Z|16:05|19:05|false|R|Colorado Rockies|New York Yankees|115|147|Yankee Stadium|Final|823500
2026-09-08|2026-09-08T23:15:00Z|16:15|19:15|false|R|Tampa Bay Rays|Atlanta Braves|139|144|Truist Park|Final|824875
2026-09-08|2026-09-08T23:40:00Z|16:40|19:40|false|R|Arizona Diamondbacks|Kansas City Royals|109|118|Kauffman Stadium|Final|824063
2026-09-08|2026-09-08T23:40:00Z|16:40|19:40|false|R|Chicago Cubs|Milwaukee Brewers|112|158|American Family Field|Final|823738
2026-09-08|2026-09-08T23:40:00Z|16:40|19:40|false|R|Pittsburgh Pirates|Chicago White Sox|134|145|Rate Field|Final|824551
2026-09-08|2026-09-09T01:40:00Z|18:40|21:40|false|R|Texas Rangers|Seattle Mariners|140|136|T-Mobile Park|Final|823092
2026-09-08|2026-09-09T01:40:00Z|18:40|21:40|false|R|Toronto Blue Jays|Athletics|141|133|Sutter Health Park|Final|824957
2026-09-08|2026-09-09T01:40:00Z|18:40|21:40|false|R|Washington Nationals|San Diego Padres|120|135|Petco Park|Final|823250
2026-09-08|2026-09-09T01:45:00Z|18:45|21:45|false|R|St. Louis Cardinals|San Francisco Giants|138|137|Oracle Park|Final|823174
2026-09-08|2026-09-09T02:10:00Z|19:10|22:10|false|R|Cincinnati Reds|Los Angeles Dodgers|113|119|UNIQLO Field at Dodger Stadium|Final|823901
2026-09-09|2026-09-09T17:10:00Z|10:10|13:10|false|R|Minnesota Twins|Detroit Tigers|142|116|Comerica Park|Final|824226
2026-09-09|2026-09-09T19:05:00Z|12:05|15:05|false|R|Toronto Blue Jays|Athletics|141|133|Sutter Health Park|Final|824956
2026-09-09|2026-09-09T19:45:00Z|12:45|15:45|false|R|St. Louis Cardinals|San Francisco Giants|138|137|Oracle Park|Final|823172
2026-09-09|2026-09-09T20:10:00Z|13:10|16:10|false|R|Texas Rangers|Seattle Mariners|140|136|T-Mobile Park|Final|823090
2026-09-09|2026-09-09T20:10:00Z|13:10|16:10|false|R|Washington Nationals|San Diego Padres|120|135|Petco Park|Final|823251
2026-09-09|2026-09-09T22:35:00Z|15:35|18:35|false|R|Cleveland Guardians|Baltimore Orioles|114|110|Oriole Park at Camden Yards|Final|824791
2026-09-09|2026-09-09T22:40:00Z|15:40|18:40|false|R|Houston Astros|Philadelphia Phillies|117|143|Citizens Bank Park|Final|823416
2026-09-09|2026-09-09T22:40:00Z|15:40|18:40|false|R|New York Mets|Miami Marlins|121|146|loanDepot park|Final|823818
2026-09-09|2026-09-09T22:45:00Z|15:45|18:45|false|R|Los Angeles Angels|Boston Red Sox|108|111|Fenway Park|Final|824713
2026-09-09|2026-09-09T23:05:00Z|16:05|19:05|false|R|Colorado Rockies|New York Yankees|115|147|Yankee Stadium|Final|823497
2026-09-09|2026-09-09T23:15:00Z|16:15|19:15|false|R|Tampa Bay Rays|Atlanta Braves|139|144|Truist Park|Final|824871
2026-09-09|2026-09-09T23:40:00Z|16:40|19:40|false|R|Arizona Diamondbacks|Kansas City Royals|109|118|Kauffman Stadium|Final|824064
2026-09-09|2026-09-09T23:40:00Z|16:40|19:40|false|R|Chicago Cubs|Milwaukee Brewers|112|158|American Family Field|Final|823739
2026-09-09|2026-09-09T23:40:00Z|16:40|19:40|false|R|Pittsburgh Pirates|Chicago White Sox|134|145|Rate Field|Final|824549
2026-09-09|2026-09-10T02:10:00Z|19:10|22:10|false|R|Cincinnati Reds|Los Angeles Dodgers|113|119|UNIQLO Field at Dodger Stadium|Final|823900
2026-09-10|2026-09-10T16:15:00Z|09:15|12:15|false|R|Tampa Bay Rays|Atlanta Braves|139|144|Truist Park|Final|824872
2026-09-10|2026-09-10T17:05:00Z|10:05|13:05|false|R|Houston Astros|Philadelphia Phillies|117|143|Citizens Bank Park|Final|823413
2026-09-10|2026-09-10T20:10:00Z|13:10|16:10|false|R|Texas Rangers|Seattle Mariners|140|136|T-Mobile Park|Final|823088
2026-09-10|2026-09-10T23:05:00Z|16:05|19:05|false|R|Colorado Rockies|New York Yankees|115|147|Yankee Stadium|Final|823499
2026-09-10|2026-09-10T23:40:00Z|16:40|19:40|false|R|Pittsburgh Pirates|Chicago White Sox|134|145|Rate Field|Final|824550
2026-09-11|2026-09-11T18:20:00Z|11:20|14:20|false|R|Pittsburgh Pirates|Chicago Cubs|134|112|Wrigley Field|Final|824631
2026-09-11|2026-09-11T22:40:00Z|15:40|18:40|false|R|Colorado Rockies|Detroit Tigers|115|116|Comerica Park|Final|824227
2026-09-11|2026-09-11T22:45:00Z|15:45|18:45|false|R|Los Angeles Angels|Washington Nationals|108|120|Nationals Park|Final|822684
2026-09-11|2026-09-11T23:05:00Z|16:05|19:05|false|R|New York Mets|New York Yankees|121|147|Yankee Stadium|Final|823498
2026-09-11|2026-09-11T23:07:00Z|16:07|19:07|false|R|Baltimore Orioles|Toronto Blue Jays|110|141|Rogers Centre|Final|822767
2026-09-11|2026-09-11T23:10:00Z|16:10|19:10|false|R|Houston Astros|Tampa Bay Rays|117|139|Tropicana Field|Final|822930
2026-09-11|2026-09-11T23:10:00Z|16:10|19:10|false|R|Kansas City Royals|Boston Red Sox|118|111|Fenway Park|Final|824711
2026-09-11|2026-09-11T23:10:00Z|16:10|19:10|false|R|Los Angeles Dodgers|Miami Marlins|119|146|loanDepot park|Final|823817
2026-09-11|2026-09-11T23:15:00Z|16:15|19:15|false|R|Philadelphia Phillies|Atlanta Braves|143|144|Truist Park|Final|824873
2026-09-11|2026-09-11T23:45:00Z|16:45|19:45|false|R|Cincinnati Reds|Milwaukee Brewers|113|158|American Family Field|Final|823736
2026-09-11|2026-09-12T00:10:00Z|17:10|20:10|false|R|Cleveland Guardians|Minnesota Twins|114|142|Target Field|Final|823659
2026-09-11|2026-09-12T00:15:00Z|17:15|20:15|false|R|Chicago White Sox|St. Louis Cardinals|145|138|Busch Stadium|Final|823012
2026-09-11|2026-09-12T01:40:00Z|18:40|21:40|false|R|Seattle Mariners|Athletics|136|133|Sutter Health Park|Final|824954
2026-09-11|2026-09-12T01:40:00Z|18:40|21:40|false|R|Texas Rangers|Arizona Diamondbacks|140|109|Chase Field|Final|825036
2026-09-11|2026-09-12T02:15:00Z|19:15|22:15|false|R|San Diego Padres|San Francisco Giants|135|137|Oracle Park|Final|823173
2026-09-12|2026-09-12T17:10:00Z|10:10|13:10|false|R|Colorado Rockies|Detroit Tigers|115|116|Comerica Park|Final|824224
2026-09-12|2026-09-12T17:35:00Z|10:35|13:35|false|R|New York Mets|New York Yankees|121|147|Yankee Stadium|Final|823496
2026-09-12|2026-09-12T18:20:00Z|11:20|14:20|false|R|Pittsburgh Pirates|Chicago Cubs|134|112|Wrigley Field|Final|824630
2026-09-12|2026-09-12T19:07:00Z|12:07|15:07|false|R|Baltimore Orioles|Toronto Blue Jays|110|141|Rogers Centre|Final|822768
2026-09-12|2026-09-12T20:05:00Z|13:05|16:05|false|R|Los Angeles Angels|Washington Nationals|108|120|Nationals Park|Final|822685
2026-09-12|2026-09-12T20:05:00Z|13:05|16:05|false|R|San Diego Padres|San Francisco Giants|135|137|Oracle Park|Final|823170
2026-09-12|2026-09-12T20:10:00Z|13:10|16:10|false|R|Cleveland Guardians|Minnesota Twins|114|142|Target Field|Final|823657
2026-09-12|2026-09-12T20:10:00Z|13:10|16:10|false|R|Kansas City Royals|Boston Red Sox|118|111|Fenway Park|Final|824712
2026-09-12|2026-09-12T20:10:00Z|13:10|16:10|false|R|Los Angeles Dodgers|Miami Marlins|119|146|loanDepot park|Final|823819
2026-09-12|2026-09-12T22:10:00Z|15:10|18:10|false|R|Houston Astros|Tampa Bay Rays|117|139|Tropicana Field|Final|822927
2026-09-12|2026-09-12T23:10:00Z|16:10|19:10|false|R|Cincinnati Reds|Milwaukee Brewers|113|158|American Family Field|Final|823737
2026-09-12|2026-09-12T23:15:00Z|16:15|19:15|false|R|Chicago White Sox|St. Louis Cardinals|145|138|Busch Stadium|Final|823009
2026-09-12|2026-09-12T23:15:00Z|16:15|19:15|false|R|Philadelphia Phillies|Atlanta Braves|143|144|Truist Park|Final|824870
2026-09-12|2026-09-13T00:10:00Z|17:10|20:10|false|R|Texas Rangers|Arizona Diamondbacks|140|109|Chase Field|Final|825035
2026-09-12|2026-09-13T01:40:00Z|18:40|21:40|false|R|Seattle Mariners|Athletics|136|133|Sutter Health Park|Final|824955
2026-09-13|2026-09-13T16:10:00Z|09:10|12:10|false|R|Colorado Rockies|Detroit Tigers|115|116|Comerica Park|Final|824225
2026-09-13|2026-09-13T17:35:00Z|10:35|13:35|false|R|Los Angeles Angels|Washington Nationals|108|120|Nationals Park|Final|822682
2026-09-13|2026-09-13T17:35:00Z|10:35|13:35|false|R|New York Mets|New York Yankees|121|147|Yankee Stadium|Final|823495
2026-09-13|2026-09-13T17:35:00Z|10:35|13:35|false|R|Philadelphia Phillies|Atlanta Braves|143|144|Truist Park|Final|824869
2026-09-13|2026-09-13T17:37:00Z|10:37|13:37|false|R|Baltimore Orioles|Toronto Blue Jays|110|141|Rogers Centre|Final|822764
2026-09-13|2026-09-13T17:40:00Z|10:40|13:40|false|R|Houston Astros|Tampa Bay Rays|117|139|Tropicana Field|Final|822928
2026-09-13|2026-09-13T17:40:00Z|10:40|13:40|false|R|Los Angeles Dodgers|Miami Marlins|119|146|loanDepot park|Final|823815
2026-09-13|2026-09-13T18:10:00Z|11:10|14:10|false|R|Cincinnati Reds|Milwaukee Brewers|113|158|American Family Field|Final|823734
2026-09-13|2026-09-13T18:10:00Z|11:10|14:10|false|R|Cleveland Guardians|Minnesota Twins|114|142|Target Field|Final|823658
2026-09-13|2026-09-13T18:15:00Z|11:15|14:15|false|R|Chicago White Sox|St. Louis Cardinals|145|138|Busch Stadium|Final|823008
2026-09-13|2026-09-13T18:20:00Z|11:20|14:20|false|R|Pittsburgh Pirates|Chicago Cubs|134|112|Wrigley Field|Final|824628
2026-09-13|2026-09-13T19:05:00Z|12:05|15:05|false|R|Kansas City Royals|Boston Red Sox|118|111|Fenway Park|Final|824708
2026-09-13|2026-09-13T20:05:00Z|13:05|16:05|false|R|Seattle Mariners|Athletics|136|133|Sutter Health Park|Final|824952
2026-09-13|2026-09-13T20:10:00Z|13:10|16:10|false|R|Texas Rangers|Arizona Diamondbacks|140|109|Chase Field|Final|825033
2026-09-13|2026-09-13T23:20:00Z|16:20|19:20|false|R|San Diego Padres|San Francisco Giants|135|137|Oracle Park|Final|823171
2026-09-14|2026-09-14T22:40:00Z|15:40|18:40|false|R|Chicago White Sox|Cleveland Guardians|145|114|Progressive Field|Final|824386
2026-09-14|2026-09-14T22:40:00Z|15:40|18:40|false|R|Los Angeles Dodgers|Cincinnati Reds|119|113|Great American Ball Park|Final|824465
2026-09-14|2026-09-14T23:07:00Z|16:07|19:07|false|R|Detroit Tigers|Toronto Blue Jays|116|141|Rogers Centre|Final|822765
2026-09-14|2026-09-14T23:10:00Z|16:10|19:10|false|R|Baltimore Orioles|New York Mets|110|121|Citi Field|Final|823575
2026-09-14|2026-09-14T23:40:00Z|16:40|19:40|false|R|Atlanta Braves|Chicago Cubs|144|112|Wrigley Field|Final|824629
2026-09-14|2026-09-14T23:40:00Z|16:40|19:40|false|R|New York Yankees|Minnesota Twins|147|142|Target Field|Final|823656
2026-09-14|2026-09-14T23:45:00Z|16:45|19:45|false|R|San Francisco Giants|St. Louis Cardinals|137|138|Busch Stadium|Final|823006
2026-09-14|2026-09-15T00:40:00Z|17:40|20:40|false|R|San Diego Padres|Colorado Rockies|135|115|Coors Field|Final|824308
2026-09-14|2026-09-15T01:38:00Z|18:38|21:38|false|R|Seattle Mariners|Los Angeles Angels|136|108|Angel Stadium|Final|823981
2026-09-14|2026-09-15T01:40:00Z|18:40|21:40|false|R|Miami Marlins|Arizona Diamondbacks|146|109|Chase Field|Final|825034
2026-09-15|2026-09-15T22:40:00Z|15:40|18:40|false|R|Athletics|Tampa Bay Rays|133|139|Tropicana Field|Final|822925
2026-09-15|2026-09-15T22:40:00Z|15:40|18:40|false|R|Chicago White Sox|Cleveland Guardians|145|114|Progressive Field|Final|824384
2026-09-15|2026-09-15T22:40:00Z|15:40|18:40|false|R|Los Angeles Dodgers|Cincinnati Reds|119|113|Great American Ball Park|Final|824466
2026-09-15|2026-09-15T22:40:00Z|15:40|18:40|false|R|Milwaukee Brewers|Pittsburgh Pirates|158|134|PNC Park|Final|823333
2026-09-15|2026-09-15T22:45:00Z|15:45|18:45|false|R|Philadelphia Phillies|Washington Nationals|143|120|Nationals Park|Final|822683
2026-09-15|2026-09-15T23:07:00Z|16:07|19:07|false|R|Detroit Tigers|Toronto Blue Jays|116|141|Rogers Centre|Final|822762
2026-09-15|2026-09-15T23:10:00Z|16:10|19:10|false|R|Baltimore Orioles|New York Mets|110|121|Citi Field|Final|823574
2026-09-15|2026-09-15T23:40:00Z|16:40|19:40|false|R|Atlanta Braves|Chicago Cubs|144|112|Wrigley Field|Final|824627
2026-09-15|2026-09-15T23:40:00Z|16:40|19:40|false|R|New York Yankees|Minnesota Twins|147|142|Target Field|Final|823654
2026-09-15|2026-09-15T23:45:00Z|16:45|19:45|false|R|San Francisco Giants|St. Louis Cardinals|137|138|Busch Stadium|Final|823007
2026-09-15|2026-09-16T00:05:00Z|17:05|20:05|false|R|Boston Red Sox|Texas Rangers|111|140|Globe Life Field|Final|822849
2026-09-15|2026-09-16T00:10:00Z|17:10|20:10|false|R|Kansas City Royals|Houston Astros|118|117|Daikin Park|Final|824143
2026-09-15|2026-09-16T00:40:00Z|17:40|20:40|false|R|San Diego Padres|Colorado Rockies|135|115|Coors Field|Final|824307
2026-09-15|2026-09-16T01:38:00Z|18:38|21:38|false|R|Seattle Mariners|Los Angeles Angels|136|108|Angel Stadium|Final|823980
2026-09-15|2026-09-16T01:40:00Z|18:40|21:40|false|R|Miami Marlins|Arizona Diamondbacks|146|109|Chase Field|Final|825030
2026-09-16|2026-09-16T17:10:00Z|10:10|13:10|false|R|Chicago White Sox|Cleveland Guardians|145|114|Progressive Field|Final|824382
2026-09-16|2026-09-16T17:15:00Z|10:15|13:15|false|R|San Francisco Giants|St. Louis Cardinals|137|138|Busch Stadium|Final|823004
2026-09-16|2026-09-16T17:40:00Z|10:40|13:40|false|R|New York Yankees|Minnesota Twins|147|142|Target Field|Final|823655
2026-09-16|2026-09-16T19:07:00Z|12:07|15:07|false|R|Detroit Tigers|Toronto Blue Jays|116|141|Rogers Centre|Final|822763
2026-09-16|2026-09-16T22:40:00Z|15:40|18:40|false|R|Athletics|Tampa Bay Rays|133|139|Tropicana Field|Final|822926
2026-09-16|2026-09-16T22:40:00Z|15:40|18:40|false|R|Los Angeles Dodgers|Cincinnati Reds|119|113|Great American Ball Park|Final|824467
2026-09-16|2026-09-16T22:40:00Z|15:40|18:40|false|R|Milwaukee Brewers|Pittsburgh Pirates|158|134|PNC Park|Final|823332
2026-09-16|2026-09-16T22:45:00Z|15:45|18:45|false|R|Philadelphia Phillies|Washington Nationals|143|120|Nationals Park|Final|822680
2026-09-16|2026-09-16T23:10:00Z|16:10|19:10|false|R|Baltimore Orioles|New York Mets|110|121|Citi Field|Final|823576
2026-09-16|2026-09-16T23:40:00Z|16:40|19:40|false|R|Atlanta Braves|Chicago Cubs|144|112|Wrigley Field|Final|824626
2026-09-16|2026-09-17T00:05:00Z|17:05|20:05|false|R|Boston Red Sox|Texas Rangers|111|140|Globe Life Field|Final|822846
2026-09-16|2026-09-17T00:10:00Z|17:10|20:10|false|R|Kansas City Royals|Houston Astros|118|117|Daikin Park|Final|824140
2026-09-16|2026-09-17T00:40:00Z|17:40|20:40|false|R|San Diego Padres|Colorado Rockies|135|115|Coors Field|Final|824306
2026-09-16|2026-09-17T01:38:00Z|18:38|21:38|false|R|Seattle Mariners|Los Angeles Angels|136|108|Angel Stadium|Final|823979
2026-09-16|2026-09-17T01:40:00Z|18:40|21:40|false|R|Miami Marlins|Arizona Diamondbacks|146|109|Chase Field|Final|825031
2026-09-17|2026-09-17T16:35:00Z|09:35|12:35|false|R|Milwaukee Brewers|Pittsburgh Pirates|158|134|PNC Park|Final|823334
2026-09-17|2026-09-17T16:40:00Z|09:40|12:40|false|R|Los Angeles Dodgers|Cincinnati Reds|119|113|Great American Ball Park|Final|824464
2026-09-17|2026-09-17T17:10:00Z|10:10|13:10|false|R|Athletics|Tampa Bay Rays|133|139|Tropicana Field|Final|822924
2026-09-17|2026-09-17T19:10:00Z|12:10|15:10|false|R|San Diego Padres|Colorado Rockies|135|115|Coors Field|Final|824305
2026-09-17|2026-09-17T23:15:00Z|16:15|19:15|false|R|Kansas City Royals|Houston Astros|118|117|Daikin Park|Final|824141
2026-09-17|2026-09-17T23:15:00Z|16:15|19:15|false|R|Philadelphia Phillies|New York Mets|143|121|Citi Field|Final|823573
2026-09-17|2026-09-17T23:40:00Z|16:40|19:40|false|R|Detroit Tigers|Chicago White Sox|116|145|Rate Field|Final|824548
2026-09-17|2026-09-18T00:05:00Z|17:05|20:05|false|R|Boston Red Sox|Texas Rangers|111|140|Globe Life Field|Final|822845
2026-09-17|2026-09-18T01:38:00Z|18:38|21:38|false|R|Minnesota Twins|Los Angeles Angels|142|108|Angel Stadium|Final|823978
2026-09-18|2026-09-18T22:40:00Z|15:40|18:40|false|R|Chicago Cubs|Cincinnati Reds|112|113|Great American Ball Park|Final|824463
2026-09-18|2026-09-18T22:40:00Z|15:40|18:40|false|R|Kansas City Royals|Pittsburgh Pirates|118|134|PNC Park|Final|823331
2026-09-18|2026-09-18T23:05:00Z|16:05|19:05|false|R|Milwaukee Brewers|Baltimore Orioles|158|110|Oriole Park at Camden Yards|Final|824790
2026-09-18|2026-09-18T23:10:00Z|16:10|19:10|false|R|Athletics|Cleveland Guardians|133|114|Progressive Field|Final|824383
2026-09-18|2026-09-18T23:10:00Z|16:10|19:10|false|R|Boston Red Sox|Tampa Bay Rays|111|139|Tropicana Field|Final|822923
2026-09-18|2026-09-18T23:15:00Z|16:15|19:15|false|R|Philadelphia Phillies|New York Mets|143|121|Citi Field|Final|823572
2026-09-18|2026-09-18T23:40:00Z|16:40|19:40|false|R|Detroit Tigers|Chicago White Sox|116|145|Rate Field|Final|824547
2026-09-18|2026-09-19T00:05:00Z|17:05|20:05|false|R|Toronto Blue Jays|Texas Rangers|141|140|Globe Life Field|Final|822847
2026-09-18|2026-09-19T00:10:00Z|17:10|20:10|false|R|Atlanta Braves|Houston Astros|144|117|Daikin Park|Final|824138
2026-09-18|2026-09-19T00:10:00Z|17:10|20:10|false|R|Seattle Mariners|Colorado Rockies|136|115|Coors Field|Final|824303
2026-09-18|2026-09-19T00:15:00Z|17:15|20:15|false|R|Washington Nationals|St. Louis Cardinals|120|138|Busch Stadium|Final|823005
2026-09-18|2026-09-19T01:38:00Z|18:38|21:38|false|R|Minnesota Twins|Los Angeles Angels|142|108|Angel Stadium|Final|823977
2026-09-18|2026-09-19T01:40:00Z|18:40|21:40|false|R|Miami Marlins|San Diego Padres|146|135|Petco Park|Final|823252
2026-09-18|2026-09-19T01:40:00Z|18:40|21:40|false|R|New York Yankees|Arizona Diamondbacks|147|109|Chase Field|Final|825032
2026-09-18|2026-09-19T02:15:00Z|19:15|22:15|false|R|San Francisco Giants|Los Angeles Dodgers|137|119|UNIQLO Field at Dodger Stadium|Final|823898
2026-09-19|2026-09-19T18:10:00Z|11:10|14:10|false|R|Detroit Tigers|Chicago White Sox|116|145|Rate Field|Final|824545
2026-09-19|2026-09-19T20:05:00Z|13:05|16:05|false|R|Milwaukee Brewers|Baltimore Orioles|158|110|Oriole Park at Camden Yards|Final|824788
2026-09-19|2026-09-19T20:10:00Z|13:10|16:10|false|R|Boston Red Sox|Tampa Bay Rays|111|139|Tropicana Field|Final|822921
2026-09-19|2026-09-19T20:10:00Z|13:10|16:10|false|R|Philadelphia Phillies|New York Mets|143|121|Citi Field|Final|823571
2026-09-19|2026-09-19T22:10:00Z|15:10|18:10|false|R|Athletics|Cleveland Guardians|133|114|Progressive Field|Final|824380
2026-09-19|2026-09-19T22:40:00Z|15:40|18:40|false|R|Chicago Cubs|Cincinnati Reds|112|113|Great American Ball Park|Final|824461
2026-09-19|2026-09-19T22:40:00Z|15:40|18:40|false|R|Kansas City Royals|Pittsburgh Pirates|118|134|PNC Park|Final|823330
2026-09-19|2026-09-19T23:05:00Z|16:05|19:05|false|R|Toronto Blue Jays|Texas Rangers|141|140|Globe Life Field|Final|822843
2026-09-19|2026-09-19T23:10:00Z|16:10|19:10|false|R|Atlanta Braves|Houston Astros|144|117|Daikin Park|Final|824137
2026-09-19|2026-09-19T23:15:00Z|16:15|19:15|false|R|Washington Nationals|St. Louis Cardinals|120|138|Busch Stadium|Final|823003
2026-09-19|2026-09-20T00:10:00Z|17:10|20:10|false|R|New York Yankees|Arizona Diamondbacks|147|109|Chase Field|Final|825029
2026-09-19|2026-09-20T00:10:00Z|17:10|20:10|false|R|Seattle Mariners|Colorado Rockies|136|115|Coors Field|Final|824304
2026-09-19|2026-09-20T00:40:00Z|17:40|20:40|false|R|Miami Marlins|San Diego Padres|146|135|Petco Park|Final|823249
2026-09-19|2026-09-20T01:10:00Z|18:10|21:10|false|R|San Francisco Giants|Los Angeles Dodgers|137|119|UNIQLO Field at Dodger Stadium|Final|823899
2026-09-19|2026-09-20T01:38:00Z|18:38|21:38|false|R|Minnesota Twins|Los Angeles Angels|142|108|Angel Stadium|Final|823976
2026-09-20|2026-09-20T17:10:00Z|10:10|13:10|false|R|Philadelphia Phillies|New York Mets|143|121|Citi Field|Final|823570
2026-09-20|2026-09-20T17:35:00Z|10:35|13:35|false|R|Kansas City Royals|Pittsburgh Pirates|118|134|PNC Park|Final|823329
2026-09-20|2026-09-20T17:40:00Z|10:40|13:40|false|R|Athletics|Cleveland Guardians|133|114|Progressive Field|Final|824381
2026-09-20|2026-09-20T17:40:00Z|10:40|13:40|false|R|Boston Red Sox|Tampa Bay Rays|111|139|Tropicana Field|Final|822922
2026-09-20|2026-09-20T17:40:00Z|10:40|13:40|false|R|Chicago Cubs|Cincinnati Reds|112|113|Great American Ball Park|Final|824462
2026-09-20|2026-09-20T18:10:00Z|11:10|14:10|false|R|Atlanta Braves|Houston Astros|144|117|Daikin Park|Final|824139
2026-09-20|2026-09-20T18:10:00Z|11:10|14:10|false|R|Detroit Tigers|Chicago White Sox|116|145|Rate Field|Final|824546
2026-09-20|2026-09-20T18:15:00Z|11:15|14:15|false|R|Washington Nationals|St. Louis Cardinals|120|138|Busch Stadium|Final|823001
2026-09-20|2026-09-20T18:35:00Z|11:35|14:35|false|R|Toronto Blue Jays|Texas Rangers|141|140|Globe Life Field|Final|822844
2026-09-20|2026-09-20T19:10:00Z|12:10|15:10|false|R|Seattle Mariners|Colorado Rockies|136|115|Coors Field|Final|824300
2026-09-20|2026-09-20T20:07:00Z|13:07|16:07|false|R|Minnesota Twins|Los Angeles Angels|142|108|Angel Stadium|Final|823975
2026-09-20|2026-09-20T20:10:00Z|13:10|16:10|false|R|Miami Marlins|San Diego Padres|146|135|Petco Park|Final|823247
2026-09-20|2026-09-20T20:10:00Z|13:10|16:10|false|R|New York Yankees|Arizona Diamondbacks|147|109|Chase Field|Final|825028
2026-09-20|2026-09-20T20:10:00Z|13:10|16:10|false|R|San Francisco Giants|Los Angeles Dodgers|137|119|UNIQLO Field at Dodger Stadium|Final|823896
2026-09-20|2026-09-20T23:20:00Z|16:20|19:20|false|R|Milwaukee Brewers|Baltimore Orioles|158|110|Oriole Park at Camden Yards|Final|824789
2026-09-21|2026-09-21T22:35:00Z|15:35|18:35|false|R|Toronto Blue Jays|Baltimore Orioles|141|110|Oriole Park at Camden Yards|Warmup|824787
2026-09-21|2026-09-21T22:40:00Z|15:40|18:40|false|R|Washington Nationals|Detroit Tigers|120|116|Comerica Park|In Progress|824221
2026-09-21|2026-09-22T01:45:00Z|18:45|21:45|false|R|Minnesota Twins|San Francisco Giants|142|137|Oracle Park|Pre-Game|823169
2026-09-22|2026-09-22T22:35:00Z|15:35|18:35|false|R|Toronto Blue Jays|Baltimore Orioles|141|110|Oriole Park at Camden Yards|Scheduled|824785
2026-09-22|2026-09-22T22:40:00Z|15:40|18:40|false|R|Milwaukee Brewers|Philadelphia Phillies|158|143|Citizens Bank Park|Scheduled|823412
2026-09-22|2026-09-22T22:40:00Z|15:40|18:40|false|R|St. Louis Cardinals|Pittsburgh Pirates|138|134|PNC Park|Scheduled|823328
2026-09-22|2026-09-22T22:40:00Z|15:40|18:40|false|R|Washington Nationals|Detroit Tigers|120|116|Comerica Park|Scheduled|824222
2026-09-22|2026-09-22T22:45:00Z|15:45|18:45|false|R|Cleveland Guardians|Boston Red Sox|114|111|Fenway Park|Scheduled|824709
2026-09-22|2026-09-22T23:05:00Z|16:05|19:05|false|R|Tampa Bay Rays|New York Yankees|139|147|Yankee Stadium|Scheduled|823494
2026-09-22|2026-09-22T23:15:00Z|16:15|19:15|false|R|Cincinnati Reds|Atlanta Braves|113|144|Truist Park|Scheduled|824867
2026-09-22|2026-09-22T23:40:00Z|16:40|19:40|false|R|Chicago White Sox|Kansas City Royals|145|118|Kauffman Stadium|Scheduled|824061
2026-09-22|2026-09-22T23:40:00Z|16:40|19:40|false|R|Miami Marlins|Chicago Cubs|146|112|Wrigley Field|Scheduled|824624
2026-09-22|2026-09-23T00:05:00Z|17:05|20:05|false|R|New York Mets|Texas Rangers|121|140|Globe Life Field|Scheduled|822840
2026-09-22|2026-09-23T00:40:00Z|17:40|20:40|false|R|Arizona Diamondbacks|Colorado Rockies|109|115|Coors Field|Scheduled|824302
2026-09-22|2026-09-23T01:40:00Z|18:40|21:40|false|R|Houston Astros|Seattle Mariners|117|136|T-Mobile Park|Scheduled|823089
2026-09-22|2026-09-23T01:40:00Z|18:40|21:40|false|R|Los Angeles Angels|Athletics|108|133|Sutter Health Park|Scheduled|824953
2026-09-22|2026-09-23T01:45:00Z|18:45|21:45|false|R|Minnesota Twins|San Francisco Giants|142|137|Oracle Park|Scheduled|823166
2026-09-22|2026-09-23T02:10:00Z|19:10|22:10|false|R|San Diego Padres|Los Angeles Dodgers|135|119|UNIQLO Field at Dodger Stadium|Scheduled|823897
2026-09-23|2026-09-23T17:10:00Z|10:10|13:10|false|R|Washington Nationals|Detroit Tigers|120|116|Comerica Park|Scheduled|824223
2026-09-23|2026-09-23T19:45:00Z|12:45|15:45|false|R|Minnesota Twins|San Francisco Giants|142|137|Oracle Park|Scheduled|823168
2026-09-23|2026-09-23T22:35:00Z|15:35|18:35|false|R|Toronto Blue Jays|Baltimore Orioles|141|110|Oriole Park at Camden Yards|Scheduled|824784
2026-09-23|2026-09-23T22:40:00Z|15:40|18:40|false|R|Milwaukee Brewers|Philadelphia Phillies|158|143|Citizens Bank Park|Scheduled|823410
2026-09-23|2026-09-23T22:40:00Z|15:40|18:40|false|R|St. Louis Cardinals|Pittsburgh Pirates|138|134|PNC Park|Scheduled|823327
2026-09-23|2026-09-23T23:05:00Z|16:05|19:05|false|R|Tampa Bay Rays|New York Yankees|139|147|Yankee Stadium|Scheduled|823492
2026-09-23|2026-09-23T23:10:00Z|16:10|19:10|false|R|Cleveland Guardians|Boston Red Sox|114|111|Fenway Park|Scheduled|824710
2026-09-23|2026-09-23T23:15:00Z|16:15|19:15|false|R|Cincinnati Reds|Atlanta Braves|113|144|Truist Park|Scheduled|824868
2026-09-23|2026-09-23T23:40:00Z|16:40|19:40|false|R|Chicago White Sox|Kansas City Royals|145|118|Kauffman Stadium|Scheduled|824060
2026-09-23|2026-09-23T23:40:00Z|16:40|19:40|false|R|Miami Marlins|Chicago Cubs|146|112|Wrigley Field|Scheduled|824625
2026-09-23|2026-09-24T00:05:00Z|17:05|20:05|false|R|New York Mets|Texas Rangers|121|140|Globe Life Field|Scheduled|822841
2026-09-23|2026-09-24T00:40:00Z|17:40|20:40|false|R|Arizona Diamondbacks|Colorado Rockies|109|115|Coors Field|Scheduled|824301
2026-09-23|2026-09-24T01:40:00Z|18:40|21:40|false|R|Los Angeles Angels|Athletics|108|133|Sutter Health Park|Scheduled|824951
2026-09-23|2026-09-24T02:10:00Z|19:10|22:10|false|R|Houston Astros|Seattle Mariners|117|136|T-Mobile Park|Scheduled|823086
2026-09-23|2026-09-24T02:10:00Z|19:10|22:10|false|R|San Diego Padres|Los Angeles Dodgers|135|119|UNIQLO Field at Dodger Stadium|Scheduled|823894
2026-09-24|2026-09-24T16:35:00Z|09:35|12:35|false|R|St. Louis Cardinals|Pittsburgh Pirates|138|134|PNC Park|Scheduled|823326
2026-09-24|2026-09-24T18:10:00Z|11:10|14:10|false|R|Chicago White Sox|Kansas City Royals|145|118|Kauffman Stadium|Scheduled|824059
2026-09-24|2026-09-24T18:20:00Z|11:20|14:20|false|R|Miami Marlins|Chicago Cubs|146|112|Wrigley Field|Scheduled|824623
2026-09-24|2026-09-24T18:35:00Z|11:35|14:35|false|R|New York Mets|Texas Rangers|121|140|Globe Life Field|Scheduled|822842
2026-09-24|2026-09-24T19:10:00Z|12:10|15:10|false|R|Arizona Diamondbacks|Colorado Rockies|109|115|Coors Field|Scheduled|824298
2026-09-24|2026-09-24T22:05:00Z|15:05|18:05|false|R|Milwaukee Brewers|Philadelphia Phillies|158|143|Citizens Bank Park|Scheduled|823411
2026-09-24|2026-09-24T22:45:00Z|15:45|18:45|false|R|Cleveland Guardians|Boston Red Sox|114|111|Fenway Park|Scheduled|824707
2026-09-24|2026-09-24T23:05:00Z|16:05|19:05|false|R|Tampa Bay Rays|New York Yankees|139|147|Yankee Stadium|Scheduled|823493
2026-09-24|2026-09-24T23:15:00Z|16:15|19:15|false|R|Cincinnati Reds|Atlanta Braves|113|144|Truist Park|Scheduled|824866
2026-09-24|2026-09-25T01:40:00Z|18:40|21:40|false|R|Houston Astros|Athletics|117|133|Sutter Health Park|Scheduled|824950
2026-09-24|2026-09-25T01:40:00Z|18:40|21:40|false|R|Los Angeles Angels|Seattle Mariners|108|136|T-Mobile Park|Scheduled|823087
2026-09-24|2026-09-25T02:10:00Z|19:10|22:10|false|R|San Diego Padres|Los Angeles Dodgers|135|119|UNIQLO Field at Dodger Stadium|Scheduled|823895
2026-09-25|2026-09-25T22:40:00Z|15:40|18:40|false|R|Pittsburgh Pirates|Detroit Tigers|134|116|Comerica Park|Scheduled|824220
2026-09-25|2026-09-25T22:40:00Z|15:40|18:40|false|R|Tampa Bay Rays|Philadelphia Phillies|139|143|Citizens Bank Park|Scheduled|823409
2026-09-25|2026-09-25T22:45:00Z|15:45|18:45|false|R|New York Mets|Washington Nationals|121|120|Nationals Park|Scheduled|822681
2026-09-25|2026-09-25T23:05:00Z|16:05|19:05|false|R|Baltimore Orioles|New York Yankees|110|147|Yankee Stadium|Scheduled|823491
2026-09-25|2026-09-25T23:07:00Z|16:07|19:07|false|R|Cincinnati Reds|Toronto Blue Jays|113|141|Rogers Centre|Scheduled|822760
2026-09-25|2026-09-25T23:10:00Z|16:10|19:10|false|R|Atlanta Braves|Miami Marlins|144|146|loanDepot park|Scheduled|823816
2026-09-25|2026-09-25T23:10:00Z|16:10|19:10|false|R|Chicago Cubs|Boston Red Sox|112|111|Fenway Park|Scheduled|824706
2026-09-25|2026-09-25T23:40:00Z|16:40|19:40|false|R|Cleveland Guardians|Kansas City Royals|114|118|Kauffman Stadium|Scheduled|824058
2026-09-25|2026-09-25T23:40:00Z|16:40|19:40|false|R|Colorado Rockies|Chicago White Sox|115|145|Rate Field|Scheduled|824544
2026-09-25|2026-09-25T23:40:00Z|16:40|19:40|false|R|St. Louis Cardinals|Milwaukee Brewers|138|158|American Family Field|Scheduled|823735
2026-09-25|2026-09-26T00:10:00Z|17:10|20:10|false|R|Texas Rangers|Minnesota Twins|140|142|Target Field|Scheduled|823652
2026-09-25|2026-09-26T01:40:00Z|18:40|21:40|false|R|Arizona Diamondbacks|San Diego Padres|109|135|Petco Park|Scheduled|823248
2026-09-25|2026-09-26T01:40:00Z|18:40|21:40|false|R|Houston Astros|Athletics|117|133|Sutter Health Park|Scheduled|824947
2026-09-25|2026-09-26T02:10:00Z|19:10|22:10|false|R|Los Angeles Angels|Seattle Mariners|108|136|T-Mobile Park|Scheduled|823085
2026-09-25|2026-09-26T02:15:00Z|19:15|22:15|false|R|Los Angeles Dodgers|San Francisco Giants|119|137|Oracle Park|Scheduled|823167
2026-09-26|2026-09-26T17:10:00Z|10:10|13:10|false|R|Pittsburgh Pirates|Detroit Tigers|134|116|Comerica Park|Scheduled|824219
2026-09-26|2026-09-26T19:07:00Z|12:07|15:07|false|R|Cincinnati Reds|Toronto Blue Jays|113|141|Rogers Centre|Scheduled|822759
2026-09-26|2026-09-26T20:05:00Z|13:05|16:05|false|R|Los Angeles Dodgers|San Francisco Giants|119|137|Oracle Park|Scheduled|823165
2026-09-26|2026-09-26T20:05:00Z|13:05|16:05|false|R|New York Mets|Washington Nationals|121|120|Nationals Park|Scheduled|822678
2026-09-26|2026-09-26T20:10:00Z|13:10|16:10|false|R|Atlanta Braves|Miami Marlins|144|146|loanDepot park|Scheduled|823813
2026-09-26|2026-09-26T20:10:00Z|13:10|16:10|false|R|Texas Rangers|Minnesota Twins|140|142|Target Field|Scheduled|823653
2026-09-26|2026-09-26T23:10:00Z|16:10|19:10|false|R|Cleveland Guardians|Kansas City Royals|114|118|Kauffman Stadium|Scheduled|824057
2026-09-26|2026-09-26T23:10:00Z|16:10|19:10|false|R|Colorado Rockies|Chicago White Sox|115|145|Rate Field|Scheduled|824543
2026-09-26|2026-09-26T23:10:00Z|16:10|19:10|false|R|St. Louis Cardinals|Milwaukee Brewers|138|158|American Family Field|Scheduled|823733
2026-09-26|2026-09-26T23:15:00Z|16:15|19:15|false|R|Baltimore Orioles|New York Yankees|110|147|Yankee Stadium|Scheduled|823489
2026-09-26|2026-09-26T23:15:00Z|16:15|19:15|false|R|Chicago Cubs|Boston Red Sox|112|111|Fenway Park|Scheduled|824705
2026-09-26|2026-09-26T23:15:00Z|16:15|19:15|false|R|Tampa Bay Rays|Philadelphia Phillies|139|143|Citizens Bank Park|Scheduled|823407
2026-09-26|2026-09-27T00:40:00Z|17:40|20:40|false|R|Arizona Diamondbacks|San Diego Padres|109|135|Petco Park|Scheduled|823245
2026-09-26|2026-09-27T01:40:00Z|18:40|21:40|false|R|Houston Astros|Athletics|117|133|Sutter Health Park|Scheduled|824949
2026-09-26|2026-09-27T01:40:00Z|18:40|21:40|false|R|Los Angeles Angels|Seattle Mariners|108|136|T-Mobile Park|Scheduled|823083
2026-09-27|2026-09-27T19:05:00Z|12:05|15:05|false|R|Chicago Cubs|Boston Red Sox|112|111|Fenway Park|Scheduled|824703
2026-09-27|2026-09-27T19:05:00Z|12:05|15:05|false|R|Houston Astros|Athletics|117|133|Sutter Health Park|Scheduled|824948
2026-09-27|2026-09-27T19:05:00Z|12:05|15:05|false|R|Los Angeles Dodgers|San Francisco Giants|119|137|Oracle Park|Scheduled|823164
2026-09-27|2026-09-27T19:05:00Z|12:05|15:05|false|R|New York Mets|Washington Nationals|121|120|Nationals Park|Scheduled|822679
2026-09-27|2026-09-27T19:05:00Z|12:05|15:05|false|R|Tampa Bay Rays|Philadelphia Phillies|139|143|Citizens Bank Park|Scheduled|823408
2026-09-27|2026-09-27T19:07:00Z|12:07|15:07|false|R|Cincinnati Reds|Toronto Blue Jays|113|141|Rogers Centre|Scheduled|822761
2026-09-27|2026-09-27T19:10:00Z|12:10|15:10|false|R|Arizona Diamondbacks|San Diego Padres|109|135|Petco Park|Scheduled|823246
2026-09-27|2026-09-27T19:10:00Z|12:10|15:10|false|R|Atlanta Braves|Miami Marlins|144|146|loanDepot park|Scheduled|823814
2026-09-27|2026-09-27T19:10:00Z|12:10|15:10|false|R|Cleveland Guardians|Kansas City Royals|114|118|Kauffman Stadium|Scheduled|824055
2026-09-27|2026-09-27T19:10:00Z|12:10|15:10|false|R|Colorado Rockies|Chicago White Sox|115|145|Rate Field|Scheduled|824542
2026-09-27|2026-09-27T19:10:00Z|12:10|15:10|false|R|Los Angeles Angels|Seattle Mariners|108|136|T-Mobile Park|Scheduled|823084
2026-09-27|2026-09-27T19:10:00Z|12:10|15:10|false|R|Pittsburgh Pirates|Detroit Tigers|134|116|Comerica Park|Scheduled|824217
2026-09-27|2026-09-27T19:10:00Z|12:10|15:10|false|R|St. Louis Cardinals|Milwaukee Brewers|138|158|American Family Field|Scheduled|823731
2026-09-27|2026-09-27T19:10:00Z|12:10|15:10|false|R|Texas Rangers|Minnesota Twins|140|142|Target Field|Scheduled|823650
2026-09-27|2026-09-27T19:20:00Z|12:20|15:20|false|R|Baltimore Orioles|New York Yankees|110|147|Yankee Stadium|Scheduled|823490
2026-09-29||TBD|TBD|true|F|AL Wild Card #2|AL Wild Card #1|4944|4618|AL Stadium|Scheduled|849851
2026-09-29||TBD|TBD|true|F|AL Wild Card #3|AL #3 Seed|4946|4614|AL Stadium|Scheduled|849849
2026-09-29||TBD|TBD|true|F|NL Wild Card #2|NL Wild Card #1|4945|4619|NL Stadium|Scheduled|849843
2026-09-29||TBD|TBD|true|F|NL Wild Card #3|NL #3 Seed|4947|4617|NL Stadium|Scheduled|849845
2026-09-30||TBD|TBD|true|F|AL Wild Card #2|AL Wild Card #1|4944|4618|AL Stadium|Scheduled|849848
2026-09-30||TBD|TBD|true|F|AL Wild Card #3|AL #3 Seed|4946|4614|AL Stadium|Scheduled|849846
2026-09-30||TBD|TBD|true|F|NL Wild Card #2|NL Wild Card #1|4945|4619|NL Stadium|Scheduled|849842
2026-09-30||TBD|TBD|true|F|NL Wild Card #3|NL #3 Seed|4947|4617|NL Stadium|Scheduled|849841
2026-10-01||TBD|TBD|true|F|AL Wild Card #2|AL Wild Card #1|4944|4618|AL Stadium|Scheduled|849847
2026-10-01||TBD|TBD|true|F|AL Wild Card #3|AL #3 Seed|4946|4614|AL Stadium|Scheduled|849850
2026-10-01||TBD|TBD|true|F|NL Wild Card #2|NL Wild Card #1|4945|4619|NL Stadium|Scheduled|849840
2026-10-01||TBD|TBD|true|F|NL Wild Card #3|NL #3 Seed|4947|4617|NL Stadium|Scheduled|849844
2026-10-03||TBD|TBD|true|D|AL 3/6 Winner|AL #2 Seed|5528|4613|AL Stadium|Scheduled|849829
2026-10-03||TBD|TBD|true|D|AL 4/5 Winner|AL East Champ|5529|4612|AL Stadium|Scheduled|849835
2026-10-03||TBD|TBD|true|D|NL 3/6 Winner|NL #2 Seed|5532|4616|NL Stadium|Scheduled|849828
2026-10-03||TBD|TBD|true|D|NL 4/5 Winner|NL #1 Seed|5533|4615|NL Stadium|Scheduled|849830
2026-10-04||TBD|TBD|true|D|NL 3/6 Winner|NL #2 Seed|5532|4616|NL Stadium|Scheduled|849823
2026-10-04||TBD|TBD|true|D|NL 4/5 Winner|NL #1 Seed|5533|4615|NL Stadium|Scheduled|849825
2026-10-05||TBD|TBD|true|D|AL 3/6 Winner|AL #2 Seed|5528|4613|AL Stadium|Scheduled|849834
2026-10-05||TBD|TBD|true|D|AL 4/5 Winner|AL East Champ|5529|4612|AL Stadium|Scheduled|849839
2026-10-06||TBD|TBD|true|D|NL #1 Seed|NL 4/5 Winner|4615|5533|NL Stadium|Scheduled|849826
2026-10-06||TBD|TBD|true|D|NL #2 Seed|NL 3/6 Winner|4616|5532|NL Stadium|Scheduled|849819
2026-10-07||TBD|TBD|true|D|AL #2 Seed|AL 3/6 Winner|4613|5528|AL Stadium|Scheduled|849833
2026-10-07||TBD|TBD|true|D|AL East Champ|AL 4/5 Winner|4612|5529|AL Stadium|Scheduled|849838
2026-10-07||TBD|TBD|true|D|NL #1 Seed|NL 4/5 Winner|4615|5533|NL Stadium|Scheduled|849827
2026-10-07||TBD|TBD|true|D|NL #2 Seed|NL 3/6 Winner|4616|5532|NL Stadium|Scheduled|849822
2026-10-08||TBD|TBD|true|D|AL #2 Seed|AL 3/6 Winner|4613|5528|AL Stadium|Scheduled|849832
2026-10-08||TBD|TBD|true|D|AL East Champ|AL 4/5 Winner|4612|5529|AL Stadium|Scheduled|849837
2026-10-09||TBD|TBD|true|D|NL 3/6 Winner|NL #2 Seed|5532|4616|NL Stadium|Scheduled|849821
2026-10-09||TBD|TBD|true|D|NL 4/5 Winner|NL #1 Seed|5533|4615|NL Stadium|Scheduled|849824
2026-10-10||TBD|TBD|true|D|AL 3/6 Winner|AL #2 Seed|5528|4613|AL Stadium|Scheduled|849831
2026-10-10||TBD|TBD|true|D|AL 4/5 Winner|AL East Champ|5529|4612|AL Stadium|Scheduled|849836
2026-10-11||TBD|TBD|true|L|NL Lower Seed|NL Higher Seed|5525|5517|NL Stadium|Scheduled|849809
2026-10-12||TBD|TBD|true|L|AL Lower Seed|AL Higher Seed|5521|5513|AL Stadium|Scheduled|849820
2026-10-12||TBD|TBD|true|L|NL Lower Seed|NL Higher Seed|5525|5517|NL Stadium|Scheduled|849812
2026-10-13||TBD|TBD|true|L|AL Lower Seed|AL Higher Seed|5521|5513|AL Stadium|Scheduled|849813
2026-10-14||TBD|TBD|true|L|NL Higher Seed|NL Lower Seed|5517|5525|NL Stadium|Scheduled|849811
2026-10-15||TBD|TBD|true|L|AL Higher Seed|AL Lower Seed|5513|5521|AL Stadium|Scheduled|849818
2026-10-15||TBD|TBD|true|L|NL Higher Seed|NL Lower Seed|5517|5525|NL Stadium|Scheduled|849810
2026-10-16||TBD|TBD|true|L|AL Higher Seed|AL Lower Seed|5513|5521|AL Stadium|Scheduled|849817
2026-10-16||TBD|TBD|true|L|NL Higher Seed|NL Lower Seed|5517|5525|NL Stadium|Scheduled|849808
2026-10-17||TBD|TBD|true|L|AL Higher Seed|AL Lower Seed|5513|5521|AL Stadium|Scheduled|849816
2026-10-18||TBD|TBD|true|L|NL Lower Seed|NL Higher Seed|5525|5517|NL Stadium|Scheduled|849806
2026-10-19||TBD|TBD|true|L|AL Lower Seed|AL Higher Seed|5521|5513|AL Stadium|Scheduled|849815
2026-10-19||TBD|TBD|true|L|NL Lower Seed|NL Higher Seed|5525|5517|NL Stadium|Scheduled|849807
2026-10-20||TBD|TBD|true|L|AL Lower Seed|AL Higher Seed|5521|5513|AL Stadium|Scheduled|849814
2026-10-23||TBD|TBD|true|W|Lower Seed League Champion|Higher Seed League Champion|2711|2710|TBD|Scheduled|849805
2026-10-24||TBD|TBD|true|W|Lower Seed League Champion|Higher Seed League Champion|2711|2710|TBD|Scheduled|849802
2026-10-26||TBD|TBD|true|W|Higher Seed League Champion|Lower Seed League Champion|2710|2711|TBD|Scheduled|849804
2026-10-27||TBD|TBD|true|W|Higher Seed League Champion|Lower Seed League Champion|2710|2711|TBD|Scheduled|849803
2026-10-28||TBD|TBD|true|W|Higher Seed League Champion|Lower Seed League Champion|2710|2711|TBD|Scheduled|849799
2026-10-30||TBD|TBD|true|W|Lower Seed League Champion|Higher Seed League Champion|2711|2710|TBD|Scheduled|849801
2026-10-31||TBD|TBD|true|W|Lower Seed League Champion|Higher Seed League Champion|2711|2710|TBD|Scheduled|849800
