# MLB 2027 schedule - all clubs, all game types
# source: https://statsapi.mlb.com/api/v1/schedule?sportId=1&startDate=2027-01-01&endDate=2027-12-31&gameType=R,E,S,D,L,F,W,A
# retrieved_utc: 2026-09-24T17:54:16Z
# raw_sha256: 47400a178ff91701f9a79c369a6f757807a4b94eb128d470e0185c49e10806e6
# games: 2900 (columns: date_local|start_utc|start_pt|start_et|time_tbd|game_type|away|home|away_id|home_id|venue|status|game_pk)
# time_tbd=true means the league has not published a first pitch; date_local is still official.
2027-02-19||TBD|TBD|true|S|Arizona Diamondbacks|San Francisco Giants|109|137|Scottsdale Stadium|Scheduled|868338
2027-02-19||TBD|TBD|true|S|Atlanta Braves|Baltimore Orioles|144|110|Ed Smith Stadium|Scheduled|868576
2027-02-19||TBD|TBD|true|S|Chicago Cubs|Athletics|112|133|Hohokam Stadium|Scheduled|868345
2027-02-19||TBD|TBD|true|S|Chicago White Sox|Los Angeles Dodgers|145|119|Camelback Ranch|Scheduled|868340
2027-02-19||TBD|TBD|true|S|Cleveland Guardians|Cincinnati Reds|114|113|Goodyear Ballpark|Scheduled|868344
2027-02-19||TBD|TBD|true|S|Colorado Rockies|Arizona Diamondbacks|115|109|Salt River Fields at Talking Stick|Scheduled|868343
2027-02-19||TBD|TBD|true|S|Los Angeles Angels|Milwaukee Brewers|108|158|American Family Fields of Phoenix|Scheduled|868346
2027-02-19||TBD|TBD|true|S|Miami Marlins|New York Mets|146|121|Clover Park|Scheduled|868574
2027-02-19||TBD|TBD|true|S|New York Yankees|Toronto Blue Jays|147|141|TD Ballpark|Scheduled|868572
2027-02-19||TBD|TBD|true|E|Northeastern Huskies|Boston Red Sox|343|111|JetBlue Park|Scheduled|868575
2027-02-19||TBD|TBD|true|S|Philadelphia Phillies|Detroit Tigers|143|116|Publix Field at Joker Marchant Stadium|Scheduled|868569
2027-02-19||TBD|TBD|true|S|San Diego Padres|Seattle Mariners|135|136|Peoria Stadium|Scheduled|868342
2027-02-19||TBD|TBD|true|S|St. Louis Cardinals|Miami Marlins|138|146|Roger Dean Chevrolet Stadium|Scheduled|868566
2027-02-19||TBD|TBD|true|S|Tampa Bay Rays|Minnesota Twins|139|142|Lee Health Sports Complex|Scheduled|868570
2027-02-19||TBD|TBD|true|S|Texas Rangers|Kansas City Royals|140|118|Surprise Stadium|Scheduled|868341
2027-02-19||TBD|TBD|true|S|Toronto Blue Jays|Pittsburgh Pirates|141|134|LECOM Park|Scheduled|868573
2027-02-19||TBD|TBD|true|S|Washington Nationals|Houston Astros|120|117|CACTI Park of the Palm Beaches|Scheduled|868571
2027-02-20||TBD|TBD|true|S|Arizona Diamondbacks|San Diego Padres|109|135|Peoria Stadium|Scheduled|868339
2027-02-20||TBD|TBD|true|S|Athletics|Texas Rangers|133|140|Surprise Stadium|Scheduled|868330
2027-02-20||TBD|TBD|true|S|Atlanta Braves|New York Yankees|144|147|George M. Steinbrenner Field|Scheduled|868557
2027-02-20||TBD|TBD|true|S|Baltimore Orioles|Minnesota Twins|110|142|Lee Health Sports Complex|Scheduled|868568
2027-02-20||TBD|TBD|true|S|Boston Red Sox|Tampa Bay Rays|111|139|Charlotte Sports Park|Scheduled|868560
2027-02-20||TBD|TBD|true|S|Chicago White Sox|Milwaukee Brewers|145|158|American Family Fields of Phoenix|Scheduled|868333
2027-02-20||TBD|TBD|true|S|Cincinnati Reds|Chicago Cubs|113|112|Sloan Park|Scheduled|868327
2027-02-20||TBD|TBD|true|S|Cleveland Guardians|Los Angeles Angels|114|108|Tempe Diablo Stadium|Scheduled|868328
2027-02-20||TBD|TBD|true|S|Detroit Tigers|Pittsburgh Pirates|116|134|LECOM Park|Scheduled|868559
2027-02-20||TBD|TBD|true|S|Houston Astros|St. Louis Cardinals|117|138|Roger Dean Chevrolet Stadium|Scheduled|868555
2027-02-20||TBD|TBD|true|S|Kansas City Royals|Los Angeles Dodgers|118|119|Camelback Ranch|Scheduled|868329
2027-02-20||TBD|TBD|true|S|Miami Marlins|Houston Astros|146|117|CACTI Park of the Palm Beaches|Scheduled|868567
2027-02-20||TBD|TBD|true|S|San Francisco Giants|Cincinnati Reds|137|113|Goodyear Ballpark|Scheduled|868332
2027-02-20||TBD|TBD|true|S|Seattle Mariners|Colorado Rockies|136|115|Salt River Fields at Talking Stick|Scheduled|868331
2027-02-20||TBD|TBD|true|S|Toronto Blue Jays|Philadelphia Phillies|141|143|BayCare Ballpark|Scheduled|868558
2027-02-20||TBD|TBD|true|S|Washington Nationals|New York Mets|120|121|Clover Park|Scheduled|868556
2027-02-21||TBD|TBD|true|S|Arizona Diamondbacks|Athletics|109|133|Hohokam Stadium|Scheduled|868326
2027-02-21||TBD|TBD|true|S|Baltimore Orioles|Tampa Bay Rays|110|139|Charlotte Sports Park|Scheduled|868554
2027-02-21||TBD|TBD|true|S|Chicago White Sox|Cleveland Guardians|145|114|Goodyear Ballpark|Scheduled|868318
2027-02-21||TBD|TBD|true|S|Cincinnati Reds|Chicago White Sox|113|145|Camelback Ranch|Scheduled|868335
2027-02-21||TBD|TBD|true|S|Houston Astros|Washington Nationals|117|120|CACTI Park of the Palm Beaches|Scheduled|868553
2027-02-21||TBD|TBD|true|S|Los Angeles Angels|Kansas City Royals|108|118|Surprise Stadium|Scheduled|868334
2027-02-21||TBD|TBD|true|S|Los Angeles Dodgers|Seattle Mariners|119|136|Peoria Stadium|Scheduled|868336
2027-02-21||TBD|TBD|true|S|Milwaukee Brewers|Colorado Rockies|158|115|Salt River Fields at Talking Stick|Scheduled|868319
2027-02-21||TBD|TBD|true|S|Minnesota Twins|Boston Red Sox|142|111|JetBlue Park|Scheduled|868563
2027-02-21||TBD|TBD|true|S|New York Mets|Miami Marlins|121|146|Roger Dean Chevrolet Stadium|Scheduled|868565
2027-02-21||TBD|TBD|true|S|New York Yankees|Philadelphia Phillies|147|143|BayCare Ballpark|Scheduled|868547
2027-02-21||TBD|TBD|true|S|Pittsburgh Pirates|Baltimore Orioles|134|110|Ed Smith Stadium|Scheduled|868562
2027-02-21||TBD|TBD|true|S|San Diego Padres|Chicago Cubs|135|112|Sloan Park|Scheduled|868337
2027-02-21||TBD|TBD|true|S|St. Louis Cardinals|Atlanta Braves|138|144|CoolToday Park|Scheduled|868561
2027-02-21||TBD|TBD|true|S|Texas Rangers|San Francisco Giants|140|137|Scottsdale Stadium|Scheduled|868317
2027-02-21||TBD|TBD|true|S|Toronto Blue Jays|Detroit Tigers|141|116|Publix Field at Joker Marchant Stadium|Scheduled|868564
2027-02-22||TBD|TBD|true|S|Boston Red Sox|Baltimore Orioles|111|110|Ed Smith Stadium|Scheduled|868551
2027-02-22||TBD|TBD|true|S|Chicago Cubs|Arizona Diamondbacks|112|109|Salt River Fields at Talking Stick|Scheduled|868320
2027-02-22||TBD|TBD|true|S|Cleveland Guardians|Texas Rangers|114|140|Surprise Stadium|Scheduled|868321
2027-02-22||TBD|TBD|true|S|Colorado Rockies|Athletics|115|133|Hohokam Stadium|Scheduled|868315
2027-02-22||TBD|TBD|true|S|Detroit Tigers|New York Yankees|116|147|George M. Steinbrenner Field|Scheduled|868543
2027-02-22||TBD|TBD|true|S|Kansas City Royals|Cincinnati Reds|118|113|Goodyear Ballpark|Scheduled|868314
2027-02-22||TBD|TBD|true|S|Los Angeles Dodgers|Los Angeles Angels|119|108|Tempe Diablo Stadium|Scheduled|868325
2027-02-22||TBD|TBD|true|S|New York Mets|Houston Astros|121|117|CACTI Park of the Palm Beaches|Scheduled|868546
2027-02-22||TBD|TBD|true|S|Philadelphia Phillies|Minnesota Twins|143|142|Lee Health Sports Complex|Scheduled|868544
2027-02-22||TBD|TBD|true|S|Pittsburgh Pirates|Toronto Blue Jays|134|141|TD Ballpark|Scheduled|868549
2027-02-22||TBD|TBD|true|S|San Francisco Giants|San Diego Padres|137|135|Peoria Stadium|Scheduled|868324
2027-02-22||TBD|TBD|true|S|Seattle Mariners|Chicago White Sox|136|145|Camelback Ranch|Scheduled|868323
2027-02-22||TBD|TBD|true|S|St. Louis Cardinals|Boston Red Sox|138|111|JetBlue Park|Scheduled|868550
2027-02-22||TBD|TBD|true|S|Tampa Bay Rays|Atlanta Braves|139|144|CoolToday Park|Scheduled|868552
2027-02-22||TBD|TBD|true|S|Texas Rangers|Milwaukee Brewers|140|158|American Family Fields of Phoenix|Scheduled|868322
2027-02-22||TBD|TBD|true|S|Washington Nationals|Miami Marlins|120|146|Roger Dean Chevrolet Stadium|Scheduled|868545
2027-02-23||TBD|TBD|true|S|Athletics|Seattle Mariners|133|136|Peoria Stadium|Scheduled|868304
2027-02-23||TBD|TBD|true|S|Atlanta Braves|Pittsburgh Pirates|144|134|LECOM Park|Scheduled|868531
2027-02-23||TBD|TBD|true|S|Baltimore Orioles|Toronto Blue Jays|110|141|TD Ballpark|Scheduled|868534
2027-02-23||TBD|TBD|true|S|Chicago White Sox|Chicago Cubs|145|112|Sloan Park|Scheduled|868306
2027-02-23||TBD|TBD|true|S|Colorado Rockies|Los Angeles Dodgers|115|119|Camelback Ranch|Scheduled|868302
2027-02-23||TBD|TBD|true|S|Houston Astros|Detroit Tigers|117|116|Publix Field at Joker Marchant Stadium|Scheduled|868548
2027-02-23||TBD|TBD|true|S|Kansas City Royals|Arizona Diamondbacks|118|109|Salt River Fields at Talking Stick|Scheduled|868303
2027-02-23||TBD|TBD|true|S|Los Angeles Angels|San Francisco Giants|108|137|Scottsdale Stadium|Scheduled|868316
2027-02-23||TBD|TBD|true|S|Miami Marlins|New York Mets|146|121|Clover Park|Scheduled|868530
2027-02-23||TBD|TBD|true|S|Milwaukee Brewers|Cleveland Guardians|158|114|Goodyear Ballpark|Scheduled|868307
2027-02-23||TBD|TBD|true|S|Minnesota Twins|Washington Nationals|142|120|CACTI Park of the Palm Beaches|Scheduled|868529
2027-02-23||TBD|TBD|true|S|New York Mets|St. Louis Cardinals|121|138|Roger Dean Chevrolet Stadium|Scheduled|868532
2027-02-23||TBD|TBD|true|S|New York Yankees|Tampa Bay Rays|147|139|Charlotte Sports Park|Scheduled|868533
2027-02-23||TBD|TBD|true|S|Philadelphia Phillies|Boston Red Sox|143|111|JetBlue Park|Scheduled|868542
2027-02-23||TBD|TBD|true|S|San Diego Padres|Texas Rangers|135|140|Surprise Stadium|Scheduled|868305
2027-02-24||TBD|TBD|true|S|Arizona Diamondbacks|Colorado Rockies|109|115|Salt River Fields at Talking Stick|Scheduled|868308
2027-02-24||TBD|TBD|true|S|Athletics|San Francisco Giants|133|137|Scottsdale Stadium|Scheduled|868313
2027-02-24||TBD|TBD|true|S|Boston Red Sox|Pittsburgh Pirates|111|134|LECOM Park|Scheduled|868541
2027-02-24||TBD|TBD|true|S|Chicago Cubs|Kansas City Royals|112|118|Surprise Stadium|Scheduled|868309
2027-02-24||TBD|TBD|true|S|Cincinnati Reds|Los Angeles Angels|113|108|Tempe Diablo Stadium|Scheduled|868310
2027-02-24||TBD|TBD|true|S|Detroit Tigers|Philadelphia Phillies|116|143|BayCare Ballpark|Scheduled|868540
2027-02-24||TBD|TBD|true|S|Kansas City Royals|San Diego Padres|118|135|Peoria Stadium|Scheduled|868301
2027-02-24||TBD|TBD|true|S|Los Angeles Dodgers|Cleveland Guardians|119|114|Goodyear Ballpark|Scheduled|868311
2027-02-24||TBD|TBD|true|S|New York Yankees|Atlanta Braves|147|144|CoolToday Park|Scheduled|868535
2027-02-24||TBD|TBD|true|S|Pittsburgh Pirates|New York Yankees|134|147|George M. Steinbrenner Field|Scheduled|868689
2027-02-24||TBD|TBD|true|S|Seattle Mariners|Milwaukee Brewers|136|158|American Family Fields of Phoenix|Scheduled|868312
2027-02-24||TBD|TBD|true|S|St. Louis Cardinals|Miami Marlins|138|146|Roger Dean Chevrolet Stadium|Scheduled|868537
2027-02-24||TBD|TBD|true|S|Tampa Bay Rays|Baltimore Orioles|139|110|Ed Smith Stadium|Scheduled|868536
2027-02-24||TBD|TBD|true|S|Texas Rangers|Chicago White Sox|140|145|Camelback Ranch|Scheduled|868297
2027-02-24||TBD|TBD|true|S|Toronto Blue Jays|Minnesota Twins|141|142|Lee Health Sports Complex|Scheduled|868538
2027-02-24||TBD|TBD|true|S|Washington Nationals|New York Mets|120|121|Clover Park|Scheduled|868539
2027-02-25||TBD|TBD|true|S|Arizona Diamondbacks|Cincinnati Reds|109|113|Goodyear Ballpark|Scheduled|868299
2027-02-25||TBD|TBD|true|S|Atlanta Braves|Detroit Tigers|144|116|Publix Field at Joker Marchant Stadium|Scheduled|868516
2027-02-25||TBD|TBD|true|S|Baltimore Orioles|Boston Red Sox|110|111|JetBlue Park|Scheduled|868528
2027-02-25||TBD|TBD|true|S|Chicago White Sox|Kansas City Royals|145|118|Surprise Stadium|Scheduled|868296
2027-02-25||TBD|TBD|true|S|Cleveland Guardians|Seattle Mariners|114|136|Peoria Stadium|Scheduled|868300
2027-02-25||TBD|TBD|true|S|Los Angeles Angels|Chicago Cubs|108|112|Sloan Park|Scheduled|868298
2027-02-25||TBD|TBD|true|S|Miami Marlins|New York Yankees|146|147|George M. Steinbrenner Field|Scheduled|868526
2027-02-25||TBD|TBD|true|S|Milwaukee Brewers|Athletics|158|133|Hohokam Stadium|Scheduled|868295
2027-02-25||TBD|TBD|true|S|Minnesota Twins|Tampa Bay Rays|142|139|Charlotte Sports Park|Scheduled|868523
2027-02-25||TBD|TBD|true|S|New York Mets|Houston Astros|121|117|CACTI Park of the Palm Beaches|Scheduled|868527
2027-02-25||TBD|TBD|true|S|Pittsburgh Pirates|Philadelphia Phillies|134|143|BayCare Ballpark|Scheduled|868525
2027-02-25||TBD|TBD|true|S|San Diego Padres|Colorado Rockies|135|115|Salt River Fields at Talking Stick|Scheduled|868288
2027-02-25||TBD|TBD|true|S|San Francisco Giants|Los Angeles Dodgers|137|119|Camelback Ranch|Scheduled|868287
2027-02-25||TBD|TBD|true|S|Texas Rangers|Los Angeles Angels|140|108|Tempe Diablo Stadium|Scheduled|868293
2027-02-25||TBD|TBD|true|S|Washington Nationals|St. Louis Cardinals|120|138|Roger Dean Chevrolet Stadium|Scheduled|868524
2027-02-26||TBD|TBD|true|S|Baltimore Orioles|Pittsburgh Pirates|110|134|LECOM Park|Scheduled|868518
2027-02-26||TBD|TBD|true|S|Boston Red Sox|Minnesota Twins|111|142|Lee Health Sports Complex|Scheduled|868520
2027-02-26||TBD|TBD|true|S|Chicago Cubs|San Diego Padres|112|135|Peoria Stadium|Scheduled|868292
2027-02-26||TBD|TBD|true|S|Cleveland Guardians|San Francisco Giants|114|137|Scottsdale Stadium|Scheduled|868291
2027-02-26||TBD|TBD|true|S|Colorado Rockies|Cincinnati Reds|115|113|Goodyear Ballpark|Scheduled|868290
2027-02-26||TBD|TBD|true|S|Detroit Tigers|Toronto Blue Jays|116|141|TD Ballpark|Scheduled|868509
2027-02-26||TBD|TBD|true|S|Houston Astros|St. Louis Cardinals|117|138|Roger Dean Chevrolet Stadium|Scheduled|868517
2027-02-26||TBD|TBD|true|S|Kansas City Royals|Milwaukee Brewers|118|158|American Family Fields of Phoenix|Scheduled|868289
2027-02-26||TBD|TBD|true|S|Los Angeles Angels|Arizona Diamondbacks|108|109|Salt River Fields at Talking Stick|Scheduled|868294
2027-02-26||TBD|TBD|true|S|Los Angeles Dodgers|Athletics|119|133|Hohokam Stadium|Scheduled|868286
2027-02-26||TBD|TBD|true|S|Miami Marlins|Detroit Tigers|146|116|Publix Field at Joker Marchant Stadium|Scheduled|868521
2027-02-26||TBD|TBD|true|S|New York Mets|Washington Nationals|121|120|CACTI Park of the Palm Beaches|Scheduled|868510
2027-02-26||TBD|TBD|true|S|Philadelphia Phillies|New York Yankees|143|147|George M. Steinbrenner Field|Scheduled|868519
2027-02-26||TBD|TBD|true|S|San Diego Padres|Chicago White Sox|135|145|Camelback Ranch|Scheduled|868285
2027-02-26||TBD|TBD|true|S|Seattle Mariners|Texas Rangers|136|140|Surprise Stadium|Scheduled|868284
2027-02-26||TBD|TBD|true|S|Tampa Bay Rays|Atlanta Braves|139|144|CoolToday Park|Scheduled|868522
2027-02-27||TBD|TBD|true|S|Athletics|Los Angeles Angels|133|108|Tempe Diablo Stadium|Scheduled|868279
2027-02-27||TBD|TBD|true|S|Atlanta Braves|Boston Red Sox|144|111|JetBlue Park|Scheduled|868507
2027-02-27||TBD|TBD|true|S|Cincinnati Reds|Seattle Mariners|113|136|Peoria Stadium|Scheduled|868283
2027-02-27||TBD|TBD|true|S|Cleveland Guardians|Chicago White Sox|114|145|Camelback Ranch|Scheduled|868282
2027-02-27||TBD|TBD|true|S|Colorado Rockies|Chicago Cubs|115|112|Sloan Park|Scheduled|868281
2027-02-27||TBD|TBD|true|S|Detroit Tigers|Baltimore Orioles|116|110|Ed Smith Stadium|Scheduled|868508
2027-02-27||TBD|TBD|true|S|Houston Astros|Miami Marlins|117|146|Roger Dean Chevrolet Stadium|Scheduled|868505
2027-02-27||TBD|TBD|true|S|Los Angeles Dodgers|Milwaukee Brewers|119|158|American Family Fields of Phoenix|Scheduled|868280
2027-02-27||TBD|TBD|true|S|Minnesota Twins|Philadelphia Phillies|142|143|BayCare Ballpark|Scheduled|868503
2027-02-27||TBD|TBD|true|S|New York Yankees|Toronto Blue Jays|147|141|TD Ballpark|Scheduled|868514
2027-02-27||TBD|TBD|true|S|Pittsburgh Pirates|Tampa Bay Rays|134|139|Charlotte Sports Park|Scheduled|868515
2027-02-27||TBD|TBD|true|S|San Diego Padres|Cleveland Guardians|135|114|Goodyear Ballpark|Scheduled|868278
2027-02-27||TBD|TBD|true|S|San Francisco Giants|Kansas City Royals|137|118|Surprise Stadium|Scheduled|868277
2027-02-27||TBD|TBD|true|S|St. Louis Cardinals|New York Mets|138|121|Clover Park|Scheduled|868504
2027-02-27||TBD|TBD|true|S|Texas Rangers|Arizona Diamondbacks|140|109|Salt River Fields at Talking Stick|Scheduled|868276
2027-02-27||TBD|TBD|true|S|Washington Nationals|Houston Astros|120|117|CACTI Park of the Palm Beaches|Scheduled|868506
2027-02-28||TBD|TBD|true|S|Arizona Diamondbacks|Chicago White Sox|109|145|Camelback Ranch|Scheduled|868274
2027-02-28||TBD|TBD|true|S|Baltimore Orioles|Minnesota Twins|110|142|Lee Health Sports Complex|Scheduled|868511
2027-02-28||TBD|TBD|true|S|Boston Red Sox|Detroit Tigers|111|116|Publix Field at Joker Marchant Stadium|Scheduled|868512
2027-02-28||TBD|TBD|true|S|Chicago Cubs|Texas Rangers|112|140|Surprise Stadium|Scheduled|868267
2027-02-28||TBD|TBD|true|S|Cincinnati Reds|San Francisco Giants|113|137|Scottsdale Stadium|Scheduled|868266
2027-02-28||TBD|TBD|true|S|Houston Astros|New York Mets|117|121|Clover Park|Scheduled|868492
2027-02-28||TBD|TBD|true|S|Kansas City Royals|Chicago Cubs|118|112|Sloan Park|Scheduled|868265
2027-02-28||TBD|TBD|true|S|Los Angeles Angels|San Diego Padres|108|135|Peoria Stadium|Scheduled|868275
2027-02-28||TBD|TBD|true|S|Los Angeles Dodgers|Colorado Rockies|119|115|Salt River Fields at Talking Stick|Scheduled|868264
2027-02-28||TBD|TBD|true|S|Miami Marlins|Washington Nationals|146|120|CACTI Park of the Palm Beaches|Scheduled|868490
2027-02-28||TBD|TBD|true|S|Milwaukee Brewers|Cleveland Guardians|158|114|Goodyear Ballpark|Scheduled|868262
2027-02-28||TBD|TBD|true|S|Philadelphia Phillies|Pittsburgh Pirates|143|134|LECOM Park|Scheduled|868494
2027-02-28||TBD|TBD|true|S|Seattle Mariners|Athletics|136|133|Hohokam Stadium|Scheduled|868263
2027-02-28||TBD|TBD|true|S|Tampa Bay Rays|New York Yankees|139|147|George M. Steinbrenner Field|Scheduled|868493
2027-02-28||TBD|TBD|true|S|Toronto Blue Jays|Atlanta Braves|141|144|CoolToday Park|Scheduled|868513
2027-02-28||TBD|TBD|true|S|Washington Nationals|St. Louis Cardinals|120|138|Roger Dean Chevrolet Stadium|Scheduled|868502
2027-03-01||TBD|TBD|true|S|Athletics|San Diego Padres|133|135|Peoria Stadium|Scheduled|868270
2027-03-01||TBD|TBD|true|S|Chicago Cubs|Los Angeles Angels|112|108|Tempe Diablo Stadium|Scheduled|868273
2027-03-01||TBD|TBD|true|S|Chicago White Sox|Cincinnati Reds|145|113|Goodyear Ballpark|Scheduled|868268
2027-03-01||TBD|TBD|true|S|Cleveland Guardians|Colorado Rockies|114|115|Salt River Fields at Talking Stick|Scheduled|868272
2027-03-01||TBD|TBD|true|S|Houston Astros|Washington Nationals|117|120|CACTI Park of the Palm Beaches|Scheduled|868497
2027-03-01||TBD|TBD|true|S|Los Angeles Dodgers|Kansas City Royals|119|118|Surprise Stadium|Scheduled|868271
2027-03-01||TBD|TBD|true|S|Minnesota Twins|Tampa Bay Rays|142|139|Charlotte Sports Park|Scheduled|868499
2027-03-01||TBD|TBD|true|S|Philadelphia Phillies|Baltimore Orioles|143|110|Ed Smith Stadium|Scheduled|868491
2027-03-01||TBD|TBD|true|S|Pittsburgh Pirates|Toronto Blue Jays|134|141|TD Ballpark|Scheduled|868498
2027-03-01||TBD|TBD|true|S|Seattle Mariners|Los Angeles Dodgers|136|119|Camelback Ranch|Scheduled|868269
2027-03-01||TBD|TBD|true|S|St. Louis Cardinals|Miami Marlins|138|146|Roger Dean Chevrolet Stadium|Scheduled|868500
2027-03-01||TBD|TBD|true|S|Tampa Bay Rays|Boston Red Sox|139|111|JetBlue Park|Scheduled|868501
2027-03-02||TBD|TBD|true|S|Boston Red Sox|St. Louis Cardinals|111|138|Roger Dean Chevrolet Stadium|Scheduled|868476
2027-03-02||TBD|TBD|true|S|Colorado Rockies|Texas Rangers|115|140|Surprise Stadium|Scheduled|868261
2027-03-02||TBD|TBD|true|S|Detroit Tigers|Houston Astros|116|117|CACTI Park of the Palm Beaches|Scheduled|868487
2027-03-02||TBD|TBD|true|S|Milwaukee Brewers|Arizona Diamondbacks|158|109|Salt River Fields at Talking Stick|Scheduled|868258
2027-03-02||TBD|TBD|true|S|New York Mets|Atlanta Braves|121|144|CoolToday Park|Scheduled|868495
2027-03-02||TBD|TBD|true|S|Pittsburgh Pirates|Baltimore Orioles|134|110|Ed Smith Stadium|Scheduled|868496
2027-03-02||TBD|TBD|true|S|San Diego Padres|Cincinnati Reds|135|113|Goodyear Ballpark|Scheduled|868250
2027-03-02||TBD|TBD|true|S|San Francisco Giants|Seattle Mariners|137|136|Peoria Stadium|Scheduled|868257
2027-03-02||TBD|TBD|true|S|Toronto Blue Jays|New York Yankees|141|147|George M. Steinbrenner Field|Scheduled|868478
2027-03-03||TBD|TBD|true|S|Arizona Diamondbacks|Colorado Rockies|109|115|Salt River Fields at Talking Stick|Scheduled|868259
2027-03-03||TBD|TBD|true|S|Atlanta Braves|Pittsburgh Pirates|144|134|LECOM Park|Scheduled|868486
2027-03-03||TBD|TBD|true|S|Boston Red Sox|Washington Nationals|111|120|CACTI Park of the Palm Beaches|Scheduled|868483
2027-03-03||TBD|TBD|true|S|Chicago Cubs|Cleveland Guardians|112|114|Goodyear Ballpark|Scheduled|868254
2027-03-03||TBD|TBD|true|S|Chicago White Sox|Milwaukee Brewers|145|158|American Family Fields of Phoenix|Scheduled|868260
2027-03-03||TBD|TBD|true|S|Detroit Tigers|Miami Marlins|116|146|Roger Dean Chevrolet Stadium|Scheduled|868477
2027-03-03||TBD|TBD|true|S|Milwaukee Brewers|Kansas City Royals|158|118|Surprise Stadium|Scheduled|868249
2027-03-03||TBD|TBD|true|S|New York Mets|Minnesota Twins|121|142|Lee Health Sports Complex|Scheduled|868479
2027-03-03||TBD|TBD|true|S|New York Yankees|Philadelphia Phillies|147|143|BayCare Ballpark|Scheduled|868480
2027-03-03||TBD|TBD|true|S|San Francisco Giants|Athletics|137|133|Hohokam Stadium|Scheduled|868255
2027-03-03||TBD|TBD|true|S|Seattle Mariners|Los Angeles Angels|136|108|Tempe Diablo Stadium|Scheduled|868253
2027-03-03||TBD|TBD|true|S|Tampa Bay Rays|Toronto Blue Jays|139|141|TD Ballpark|Scheduled|868488
2027-03-03||TBD|TBD|true|S|Texas Rangers|Los Angeles Dodgers|140|119|Camelback Ranch|Scheduled|868256
2027-03-04||TBD|TBD|true|S|Athletics|Cincinnati Reds|133|113|Goodyear Ballpark|Scheduled|868243
2027-03-04||TBD|TBD|true|S|Atlanta Braves|St. Louis Cardinals|144|138|Roger Dean Chevrolet Stadium|Scheduled|868473
2027-03-04||TBD|TBD|true|S|Baltimore Orioles|Tampa Bay Rays|110|139|Charlotte Sports Park|Scheduled|868463
2027-03-04||TBD|TBD|true|S|Cleveland Guardians|San Diego Padres|114|135|Peoria Stadium|Scheduled|868252
2027-03-04||TBD|TBD|true|S|Kansas City Royals|Chicago White Sox|118|145|Camelback Ranch|Scheduled|868237
2027-03-04||TBD|TBD|true|S|Los Angeles Angels|Texas Rangers|108|140|Surprise Stadium|Scheduled|868251
2027-03-04||TBD|TBD|true|S|Los Angeles Dodgers|Arizona Diamondbacks|119|109|Salt River Fields at Talking Stick|Scheduled|868239
2027-03-04||TBD|TBD|true|S|Miami Marlins|New York Mets|146|121|Clover Park|Scheduled|868481
2027-03-04||TBD|TBD|true|S|Milwaukee Brewers|San Francisco Giants|158|137|Scottsdale Stadium|Scheduled|868235
2027-03-04||TBD|TBD|true|S|Minnesota Twins|New York Yankees|142|147|George M. Steinbrenner Field|Scheduled|868482
2027-03-04||TBD|TBD|true|S|Philadelphia Phillies|Detroit Tigers|143|116|Publix Field at Joker Marchant Stadium|Scheduled|868484
2027-03-04||TBD|TBD|true|S|Texas Rangers|Chicago Cubs|140|112|Sloan Park|Scheduled|868240
2027-03-04||TBD|TBD|true|S|Toronto Blue Jays|Pittsburgh Pirates|141|134|LECOM Park|Scheduled|868485
2027-03-04||TBD|TBD|true|S|Washington Nationals|Houston Astros|120|117|CACTI Park of the Palm Beaches|Scheduled|868489
2027-03-05||TBD|TBD|true|S|Arizona Diamondbacks|Kansas City Royals|109|118|Surprise Stadium|Scheduled|868244
2027-03-05||TBD|TBD|true|S|Atlanta Braves|New York Mets|144|121|Clover Park|Scheduled|868464
2027-03-05||TBD|TBD|true|S|Baltimore Orioles|New York Yankees|110|147|George M. Steinbrenner Field|Scheduled|868471
2027-03-05||TBD|TBD|true|S|Boston Red Sox|Tampa Bay Rays|111|139|Charlotte Sports Park|Scheduled|868470
2027-03-05||TBD|TBD|true|S|Chicago Cubs|Los Angeles Dodgers|112|119|Camelback Ranch|Scheduled|868238
2027-03-05||TBD|TBD|true|S|Chicago White Sox|Athletics|145|133|Hohokam Stadium|Scheduled|868245
2027-03-05||TBD|TBD|true|S|Cincinnati Reds|Colorado Rockies|113|115|Salt River Fields at Talking Stick|Scheduled|868247
2027-03-05||TBD|TBD|true|S|Cleveland Guardians|Milwaukee Brewers|114|158|American Family Fields of Phoenix|Scheduled|868241
2027-03-05||TBD|TBD|true|S|Detroit Tigers|Toronto Blue Jays|116|141|TD Ballpark|Scheduled|868468
2027-03-05||TBD|TBD|true|S|Houston Astros|Miami Marlins|117|146|Roger Dean Chevrolet Stadium|Scheduled|868465
2027-03-05||TBD|TBD|true|S|Minnesota Twins|Boston Red Sox|142|111|JetBlue Park|Scheduled|868462
2027-03-05||TBD|TBD|true|S|Pittsburgh Pirates|Philadelphia Phillies|134|143|BayCare Ballpark|Scheduled|868472
2027-03-05||TBD|TBD|true|S|San Diego Padres|Los Angeles Angels|135|108|Tempe Diablo Stadium|Scheduled|868248
2027-03-05||TBD|TBD|true|S|San Francisco Giants|Cleveland Guardians|137|114|Goodyear Ballpark|Scheduled|868236
2027-03-05||TBD|TBD|true|S|St. Louis Cardinals|Washington Nationals|138|120|CACTI Park of the Palm Beaches|Scheduled|868469
2027-03-05||TBD|TBD|true|S|Texas Rangers|Seattle Mariners|140|136|Peoria Stadium|Scheduled|868246
2027-03-06||TBD|TBD|true|S|Arizona Diamondbacks|Los Angeles Angels|109|108|Tempe Diablo Stadium|Scheduled|868227
2027-03-06||TBD|TBD|true|S|Athletics|Cleveland Guardians|133|114|Goodyear Ballpark|Scheduled|868225
2027-03-06||TBD|TBD|true|S|Boston Red Sox|Atlanta Braves|111|144|CoolToday Park|Scheduled|868475
2027-03-06||TBD|TBD|true|S|Chicago White Sox|San Diego Padres|145|135|Peoria Stadium|Scheduled|868231
2027-03-06||TBD|TBD|true|S|Cincinnati Reds|Texas Rangers|113|140|Surprise Stadium|Scheduled|868223
2027-03-06||TBD|TBD|true|S|Kansas City Royals|Colorado Rockies|118|115|Salt River Fields at Talking Stick|Scheduled|868222
2027-03-06||TBD|TBD|true|S|Los Angeles Angels|San Francisco Giants|108|137|Scottsdale Stadium|Scheduled|868242
2027-03-06||TBD|TBD|true|S|Miami Marlins|Washington Nationals|146|120|CACTI Park of the Palm Beaches|Scheduled|868460
2027-03-06||TBD|TBD|true|S|Milwaukee Brewers|Los Angeles Dodgers|158|119|Camelback Ranch|Scheduled|868230
2027-03-06||TBD|TBD|true|S|Minnesota Twins|Baltimore Orioles|142|110|Ed Smith Stadium|Scheduled|868467
2027-03-06||TBD|TBD|true|S|New York Mets|St. Louis Cardinals|121|138|Roger Dean Chevrolet Stadium|Scheduled|868461
2027-03-06||TBD|TBD|true|S|New York Yankees|Houston Astros|147|117|CACTI Park of the Palm Beaches|Scheduled|868474
2027-03-06||TBD|TBD|true|S|Pittsburgh Pirates|Detroit Tigers|134|116|Publix Field at Joker Marchant Stadium|Scheduled|868466
2027-03-06||TBD|TBD|true|S|Seattle Mariners|Chicago Cubs|136|112|Sloan Park|Scheduled|868234
2027-03-06||TBD|TBD|true|S|Tampa Bay Rays|Minnesota Twins|139|142|Lee Health Sports Complex|Scheduled|868459
2027-03-06||TBD|TBD|true|S|Toronto Blue Jays|Philadelphia Phillies|141|143|BayCare Ballpark|Scheduled|868456
2027-03-07||TBD|TBD|true|S|Baltimore Orioles|Detroit Tigers|110|116|Publix Field at Joker Marchant Stadium|Scheduled|868452
2027-03-07||TBD|TBD|true|S|Chicago Cubs|Milwaukee Brewers|112|158|American Family Fields of Phoenix|Scheduled|868232
2027-03-07||TBD|TBD|true|S|Chicago White Sox|San Francisco Giants|145|137|Scottsdale Stadium|Scheduled|868221
2027-03-07||TBD|TBD|true|S|Cleveland Guardians|Arizona Diamondbacks|114|109|Salt River Fields at Talking Stick|Scheduled|868228
2027-03-07||TBD|TBD|true|S|Colorado Rockies|Seattle Mariners|115|136|Peoria Stadium|Scheduled|868224
2027-03-07||TBD|TBD|true|S|Los Angeles Angels|Cincinnati Reds|108|113|Goodyear Ballpark|Scheduled|868229
2027-03-07||TBD|TBD|true|S|Minnesota Twins|Pittsburgh Pirates|142|134|LECOM Park|Scheduled|868449
2027-03-07||TBD|TBD|true|S|New York Yankees|Miami Marlins|147|146|Roger Dean Chevrolet Stadium|Scheduled|868450
2027-03-07||TBD|TBD|true|S|Philadelphia Phillies|Baltimore Orioles|143|110|Ed Smith Stadium|Scheduled|868453
2027-03-07||TBD|TBD|true|S|San Diego Padres|Los Angeles Dodgers|135|119|Camelback Ranch|Scheduled|868233
2027-03-07||TBD|TBD|true|S|San Francisco Giants|Kansas City Royals|137|118|Surprise Stadium|Scheduled|868226
2027-03-07||TBD|TBD|true|S|St. Louis Cardinals|Houston Astros|138|117|CACTI Park of the Palm Beaches|Scheduled|868457
2027-03-07||TBD|TBD|true|S|Tampa Bay Rays|Atlanta Braves|139|144|CoolToday Park|Scheduled|868458
2027-03-07||TBD|TBD|true|S|Texas Rangers|Athletics|140|133|Hohokam Stadium|Scheduled|868217
2027-03-07||TBD|TBD|true|S|Toronto Blue Jays|Boston Red Sox|141|111|JetBlue Park|Scheduled|868454
2027-03-07||TBD|TBD|true|S|Washington Nationals|New York Mets|120|121|Clover Park|Scheduled|868451
2027-03-08||TBD|TBD|true|S|Athletics|Arizona Diamondbacks|133|109|Salt River Fields at Talking Stick|Scheduled|868220
2027-03-08||TBD|TBD|true|S|Atlanta Braves|Minnesota Twins|144|142|Lee Health Sports Complex|Scheduled|868455
2027-03-08||TBD|TBD|true|S|Baltimore Orioles|Tampa Bay Rays|110|139|Charlotte Sports Park|Scheduled|868440
2027-03-08||TBD|TBD|true|S|Boston Red Sox|Philadelphia Phillies|111|143|BayCare Ballpark|Scheduled|868435
2027-03-08||TBD|TBD|true|S|Cincinnati Reds|Cleveland Guardians|113|114|Goodyear Ballpark|Scheduled|868214
2027-03-08||TBD|TBD|true|S|Colorado Rockies|Los Angeles Angels|115|108|Tempe Diablo Stadium|Scheduled|868209
2027-03-08||TBD|TBD|true|S|Detroit Tigers|New York Yankees|116|147|George M. Steinbrenner Field|Scheduled|868445
2027-03-08||TBD|TBD|true|S|Houston Astros|Washington Nationals|117|120|CACTI Park of the Palm Beaches|Scheduled|868441
2027-03-08||TBD|TBD|true|S|Kansas City Royals|Texas Rangers|118|140|Surprise Stadium|Scheduled|868211
2027-03-08||TBD|TBD|true|S|Los Angeles Dodgers|Chicago White Sox|119|145|Camelback Ranch|Scheduled|868216
2027-03-08||TBD|TBD|true|S|Miami Marlins|St. Louis Cardinals|146|138|Roger Dean Chevrolet Stadium|Scheduled|868439
2027-03-08||TBD|TBD|true|S|San Francisco Giants|Chicago Cubs|137|112|Sloan Park|Scheduled|868215
2027-03-08||TBD|TBD|true|S|Seattle Mariners|San Diego Padres|136|135|Peoria Stadium|Scheduled|868213
2027-03-09||TBD|TBD|true|S|Arizona Diamondbacks|Texas Rangers|109|140|Surprise Stadium|Scheduled|868219
2027-03-09||TBD|TBD|true|S|Baltimore Orioles|Pittsburgh Pirates|110|134|LECOM Park|Scheduled|868446
2027-03-09||TBD|TBD|true|S|Boston Red Sox|New York Yankees|111|147|George M. Steinbrenner Field|Scheduled|868444
2027-03-09||TBD|TBD|true|S|Detroit Tigers|Atlanta Braves|116|144|CoolToday Park|Scheduled|868448
2027-03-09||TBD|TBD|true|S|Houston Astros|New York Mets|117|121|Clover Park|Scheduled|868436
2027-03-09||TBD|TBD|true|S|Kansas City Royals|Seattle Mariners|118|136|Peoria Stadium|Scheduled|868212
2027-03-09||TBD|TBD|true|S|Los Angeles Angels|Los Angeles Dodgers|108|119|Camelback Ranch|Scheduled|868210
2027-03-09||TBD|TBD|true|S|Milwaukee Brewers|Cincinnati Reds|158|113|Goodyear Ballpark|Scheduled|868197
2027-03-09||TBD|TBD|true|S|Minnesota Twins|Toronto Blue Jays|142|141|TD Ballpark|Scheduled|868438
2027-03-09||TBD|TBD|true|S|Philadelphia Phillies|Tampa Bay Rays|143|139|Charlotte Sports Park|Scheduled|868443
2027-03-09||TBD|TBD|true|S|San Diego Padres|Athletics|135|133|Hohokam Stadium|Scheduled|868218
2027-03-09||TBD|TBD|true|S|San Francisco Giants|Colorado Rockies|137|115|Salt River Fields at Talking Stick|Scheduled|868207
2027-03-09||TBD|TBD|true|S|Washington Nationals|St. Louis Cardinals|120|138|Roger Dean Chevrolet Stadium|Scheduled|868442
2027-03-10||TBD|TBD|true|S|Athletics|Chicago Cubs|133|112|Sloan Park|Scheduled|868206
2027-03-10||TBD|TBD|true|S|Atlanta Braves|Boston Red Sox|144|111|JetBlue Park|Scheduled|868447
2027-03-10||TBD|TBD|true|S|Cincinnati Reds|Arizona Diamondbacks|113|109|Salt River Fields at Talking Stick|Scheduled|868203
2027-03-10||TBD|TBD|true|S|Cleveland Guardians|Kansas City Royals|114|118|Surprise Stadium|Scheduled|868201
2027-03-10||TBD|TBD|true|S|Colorado Rockies|San Diego Padres|115|135|Peoria Stadium|Scheduled|868202
2027-03-10||TBD|TBD|true|S|Milwaukee Brewers|Chicago White Sox|158|145|Camelback Ranch|Scheduled|868199
2027-03-10||TBD|TBD|true|S|New York Mets|Washington Nationals|121|120|CACTI Park of the Palm Beaches|Scheduled|868423
2027-03-10||TBD|TBD|true|S|New York Yankees|Philadelphia Phillies|147|143|BayCare Ballpark|Scheduled|868421
2027-03-10||TBD|TBD|true|S|Pittsburgh Pirates|Minnesota Twins|134|142|Lee Health Sports Complex|Scheduled|868432
2027-03-10||TBD|TBD|true|S|Seattle Mariners|San Francisco Giants|136|137|Scottsdale Stadium|Scheduled|868200
2027-03-10||TBD|TBD|true|S|St. Louis Cardinals|Miami Marlins|138|146|Roger Dean Chevrolet Stadium|Scheduled|868430
2027-03-10||TBD|TBD|true|S|Tampa Bay Rays|Detroit Tigers|139|116|Publix Field at Joker Marchant Stadium|Scheduled|868428
2027-03-10||TBD|TBD|true|S|Toronto Blue Jays|Baltimore Orioles|141|110|Ed Smith Stadium|Scheduled|868437
2027-03-11||TBD|TBD|true|S|Arizona Diamondbacks|Seattle Mariners|109|136|Peoria Stadium|Scheduled|868195
2027-03-11||TBD|TBD|true|S|Athletics|Kansas City Royals|133|118|Surprise Stadium|Scheduled|868208
2027-03-11||TBD|TBD|true|S|Chicago Cubs|Colorado Rockies|112|115|Salt River Fields at Talking Stick|Scheduled|868196
2027-03-11||TBD|TBD|true|S|Chicago White Sox|Los Angeles Angels|145|108|Tempe Diablo Stadium|Scheduled|868192
2027-03-11||TBD|TBD|true|S|Cincinnati Reds|Los Angeles Dodgers|113|119|Camelback Ranch|Scheduled|868198
2027-03-11||TBD|TBD|true|S|Houston Astros|Miami Marlins|117|146|Roger Dean Chevrolet Stadium|Scheduled|868434
2027-03-11||TBD|TBD|true|S|Minnesota Twins|Atlanta Braves|142|144|CoolToday Park|Scheduled|868422
2027-03-11||TBD|TBD|true|S|New York Yankees|Detroit Tigers|147|116|Publix Field at Joker Marchant Stadium|Scheduled|868429
2027-03-11||TBD|TBD|true|S|Pittsburgh Pirates|Toronto Blue Jays|134|141|TD Ballpark|Scheduled|868427
2027-03-11||TBD|TBD|true|S|San Francisco Giants|Milwaukee Brewers|137|158|American Family Fields of Phoenix|Scheduled|868204
2027-03-11||TBD|TBD|true|S|St. Louis Cardinals|New York Mets|138|121|Clover Park|Scheduled|868433
2027-03-11||TBD|TBD|true|S|Texas Rangers|Cleveland Guardians|140|114|Goodyear Ballpark|Scheduled|868205
2027-03-11||TBD|TBD|true|S|Washington Nationals|Boston Red Sox|120|111|JetBlue Park|Scheduled|868424
2027-03-12||TBD|TBD|true|S|Atlanta Braves|Tampa Bay Rays|144|139|Charlotte Sports Park|Scheduled|868410
2027-03-12||TBD|TBD|true|S|Boston Red Sox|Pittsburgh Pirates|111|134|LECOM Park|Scheduled|868413
2027-03-12||TBD|TBD|true|S|Chicago Cubs|Chicago White Sox|112|145|Camelback Ranch|Scheduled|868188
2027-03-12||TBD|TBD|true|S|Cleveland Guardians|Chicago Cubs|114|112|Sloan Park|Scheduled|868187
2027-03-12||TBD|TBD|true|S|Colorado Rockies|Athletics|115|133|Hohokam Stadium|Scheduled|868189
2027-03-12||TBD|TBD|true|S|Detroit Tigers|Philadelphia Phillies|116|143|BayCare Ballpark|Scheduled|868420
2027-03-12||TBD|TBD|true|S|Kansas City Royals|Los Angeles Angels|118|108|Tempe Diablo Stadium|Scheduled|868194
2027-03-12||TBD|TBD|true|S|Los Angeles Dodgers|Texas Rangers|119|140|Surprise Stadium|Scheduled|868185
2027-03-12||TBD|TBD|true|S|Miami Marlins|St. Louis Cardinals|146|138|Roger Dean Chevrolet Stadium|Scheduled|868409
2027-03-12||TBD|TBD|true|S|Milwaukee Brewers|San Diego Padres|158|135|Peoria Stadium|Scheduled|868186
2027-03-12||TBD|TBD|true|S|New York Mets|Houston Astros|121|117|CACTI Park of the Palm Beaches|Scheduled|868425
2027-03-12||TBD|TBD|true|S|Pittsburgh Pirates|Baltimore Orioles|134|110|Ed Smith Stadium|Scheduled|868431
2027-03-12||TBD|TBD|true|S|San Francisco Giants|Arizona Diamondbacks|137|109|Salt River Fields at Talking Stick|Scheduled|868184
2027-03-12||TBD|TBD|true|S|Seattle Mariners|Cincinnati Reds|136|113|Goodyear Ballpark|Scheduled|868183
2027-03-12||TBD|TBD|true|S|Toronto Blue Jays|New York Yankees|141|147|George M. Steinbrenner Field|Scheduled|868408
2027-03-12||TBD|TBD|true|S|Washington Nationals|Minnesota Twins|120|142|Lee Health Sports Complex|Scheduled|868426
2027-03-13||TBD|TBD|true|S|Baltimore Orioles|Atlanta Braves|110|144|CoolToday Park|Scheduled|868411
2027-03-13||TBD|TBD|true|S|Chicago Cubs|Arizona Diamondbacks|112|109|Salt River Fields at Talking Stick|Scheduled|868190
2027-03-13||TBD|TBD|true|S|Cincinnati Reds|Milwaukee Brewers|113|158|American Family Fields of Phoenix|Scheduled|868193
2027-03-13||TBD|TBD|true|S|Cleveland Guardians|Athletics|114|133|Hohokam Stadium|Scheduled|868177
2027-03-13||TBD|TBD|true|S|Colorado Rockies|Kansas City Royals|115|118|Surprise Stadium|Scheduled|868179
2027-03-13||TBD|TBD|true|S|Los Angeles Angels|Seattle Mariners|108|136|Peoria Stadium|Scheduled|868191
2027-03-13||TBD|TBD|true|S|Los Angeles Dodgers|Chicago White Sox|119|145|Camelback Ranch|Scheduled|868176
2027-03-13||TBD|TBD|true|S|Miami Marlins|Houston Astros|146|117|CACTI Park of the Palm Beaches|Scheduled|868419
2027-03-13||TBD|TBD|true|S|Minnesota Twins|New York Mets|142|121|Clover Park|Scheduled|868415
2027-03-13||TBD|TBD|true|S|New York Mets|Miami Marlins|121|146|Roger Dean Chevrolet Stadium|Scheduled|868416
2027-03-13||TBD|TBD|true|S|New York Yankees|Pittsburgh Pirates|147|134|LECOM Park|Scheduled|868417
2027-03-13||TBD|TBD|true|S|Philadelphia Phillies|Toronto Blue Jays|143|141|TD Ballpark|Scheduled|868414
2027-03-13||TBD|TBD|true|S|San Diego Padres|San Francisco Giants|135|137|Scottsdale Stadium|Scheduled|868180
2027-03-13||TBD|TBD|true|S|St. Louis Cardinals|Washington Nationals|138|120|CACTI Park of the Palm Beaches|Scheduled|868406
2027-03-13||TBD|TBD|true|S|Tampa Bay Rays|Boston Red Sox|139|111|JetBlue Park|Scheduled|868418
2027-03-13||TBD|TBD|true|S|Texas Rangers|Cincinnati Reds|140|113|Goodyear Ballpark|Scheduled|868178
2027-03-13||TBD|TBD|true|S|Toronto Blue Jays|Detroit Tigers|141|116|Publix Field at Joker Marchant Stadium|Scheduled|868412
2027-03-14||TBD|TBD|true|S|Arizona Diamondbacks|Los Angeles Dodgers|109|119|Camelback Ranch|Scheduled|868175
2027-03-14||TBD|TBD|true|S|Athletics|Chicago Cubs|133|112|Sloan Park|Scheduled|868171
2027-03-14||TBD|TBD|true|S|Atlanta Braves|Philadelphia Phillies|144|143|BayCare Ballpark|Scheduled|868395
2027-03-14||TBD|TBD|true|S|Boston Red Sox|Toronto Blue Jays|111|141|TD Ballpark|Scheduled|868400
2027-03-14||TBD|TBD|true|S|Chicago White Sox|Texas Rangers|145|140|Surprise Stadium|Scheduled|868172
2027-03-14||TBD|TBD|true|S|Cincinnati Reds|San Diego Padres|113|135|Peoria Stadium|Scheduled|868182
2027-03-14||TBD|TBD|true|S|Detroit Tigers|Minnesota Twins|116|142|Lee Health Sports Complex|Scheduled|868396
2027-03-14||TBD|TBD|true|S|Houston Astros|New York Yankees|117|147|George M. Steinbrenner Field|Scheduled|868397
2027-03-14||TBD|TBD|true|S|Kansas City Royals|San Francisco Giants|118|137|Scottsdale Stadium|Scheduled|868174
2027-03-14||TBD|TBD|true|S|Los Angeles Angels|Colorado Rockies|108|115|Salt River Fields at Talking Stick|Scheduled|868181
2027-03-14||TBD|TBD|true|S|Miami Marlins|Washington Nationals|146|120|CACTI Park of the Palm Beaches|Scheduled|868402
2027-03-14||TBD|TBD|true|S|Milwaukee Brewers|Los Angeles Angels|158|108|Tempe Diablo Stadium|Scheduled|868173
2027-03-14||TBD|TBD|true|S|New York Mets|St. Louis Cardinals|121|138|Roger Dean Chevrolet Stadium|Scheduled|868405
2027-03-14||TBD|TBD|true|S|Philadelphia Phillies|Baltimore Orioles|143|110|Ed Smith Stadium|Scheduled|868401
2027-03-14||TBD|TBD|true|S|Pittsburgh Pirates|Tampa Bay Rays|134|139|Charlotte Sports Park|Scheduled|868399
2027-03-14||TBD|TBD|true|S|Seattle Mariners|Cleveland Guardians|136|114|Goodyear Ballpark|Scheduled|868170
2027-03-15||TBD|TBD|true|S|Athletics|Milwaukee Brewers|133|158|American Family Fields of Phoenix|Scheduled|868168
2027-03-15||TBD|TBD|true|S|Colorado Rockies|Chicago White Sox|115|145|Camelback Ranch|Scheduled|868166
2027-03-15||TBD|TBD|true|S|Detroit Tigers|Boston Red Sox|116|111|JetBlue Park|Scheduled|868398
2027-03-15||TBD|TBD|true|S|Los Angeles Angels|Cleveland Guardians|108|114|Goodyear Ballpark|Scheduled|868161
2027-03-15||TBD|TBD|true|S|Los Angeles Dodgers|Chicago Cubs|119|112|Sloan Park|Scheduled|868167
2027-03-15||TBD|TBD|true|S|Miami Marlins|New York Mets|146|121|Clover Park|Scheduled|868384
2027-03-15||TBD|TBD|true|S|Minnesota Twins|Atlanta Braves|142|144|CoolToday Park|Scheduled|868403
2027-03-15||TBD|TBD|true|S|Philadelphia Phillies|Pittsburgh Pirates|143|134|LECOM Park|Scheduled|868385
2027-03-15||TBD|TBD|true|S|San Francisco Giants|Texas Rangers|137|140|Surprise Stadium|Scheduled|868163
2027-03-15||TBD|TBD|true|S|St. Louis Cardinals|Houston Astros|138|117|CACTI Park of the Palm Beaches|Scheduled|868407
2027-03-15||TBD|TBD|true|S|Tampa Bay Rays|Baltimore Orioles|139|110|Ed Smith Stadium|Scheduled|868404
2027-03-15||TBD|TBD|true|S|Texas Rangers|San Diego Padres|140|135|Peoria Stadium|Scheduled|868169
2027-03-16||TBD|TBD|true|S|Atlanta Braves|Tampa Bay Rays|144|139|Charlotte Sports Park|Scheduled|868389
2027-03-16||TBD|TBD|true|S|Baltimore Orioles|Detroit Tigers|110|116|Publix Field at Joker Marchant Stadium|Scheduled|868392
2027-03-16||TBD|TBD|true|S|Chicago Cubs|Cincinnati Reds|112|113|Goodyear Ballpark|Scheduled|868162
2027-03-16||TBD|TBD|true|S|Chicago White Sox|Arizona Diamondbacks|145|109|Salt River Fields at Talking Stick|Scheduled|868160
2027-03-16||TBD|TBD|true|S|Cleveland Guardians|Los Angeles Dodgers|114|119|Camelback Ranch|Scheduled|868165
2027-03-16||TBD|TBD|true|S|Milwaukee Brewers|Seattle Mariners|158|136|Peoria Stadium|Scheduled|868158
2027-03-16||TBD|TBD|true|S|New York Mets|Houston Astros|121|117|CACTI Park of the Palm Beaches|Scheduled|868383
2027-03-16||TBD|TBD|true|S|New York Yankees|Minnesota Twins|147|142|Lee Health Sports Complex|Scheduled|868382
2027-03-16||TBD|TBD|true|S|San Diego Padres|Kansas City Royals|135|118|Surprise Stadium|Scheduled|868159
2027-03-16||TBD|TBD|true|S|Texas Rangers|Los Angeles Angels|140|108|Tempe Diablo Stadium|Scheduled|868164
2027-03-16||TBD|TBD|true|S|Toronto Blue Jays|Philadelphia Phillies|141|143|BayCare Ballpark|Scheduled|868393
2027-03-16||TBD|TBD|true|S|Washington Nationals|Miami Marlins|120|146|Roger Dean Chevrolet Stadium|Scheduled|868381
2027-03-17||TBD|TBD|true|S|Arizona Diamondbacks|Milwaukee Brewers|109|158|American Family Fields of Phoenix|Scheduled|868147
2027-03-17||TBD|TBD|true|S|Athletics|Colorado Rockies|133|115|Salt River Fields at Talking Stick|Scheduled|868150
2027-03-17||TBD|TBD|true|S|Baltimore Orioles|Philadelphia Phillies|110|143|BayCare Ballpark|Scheduled|868387
2027-03-17||TBD|TBD|true|S|Cincinnati Reds|Athletics|113|133|Hohokam Stadium|Scheduled|868156
2027-03-17||TBD|TBD|true|S|Detroit Tigers|Toronto Blue Jays|116|141|TD Ballpark|Scheduled|868394
2027-03-17||TBD|TBD|true|S|Houston Astros|St. Louis Cardinals|117|138|Roger Dean Chevrolet Stadium|Scheduled|868391
2027-03-17||TBD|TBD|true|S|Kansas City Royals|Cleveland Guardians|118|114|Goodyear Ballpark|Scheduled|868152
2027-03-17||TBD|TBD|true|S|Los Angeles Angels|Chicago White Sox|108|145|Camelback Ranch|Scheduled|868145
2027-03-17||TBD|TBD|true|S|Los Angeles Dodgers|San Francisco Giants|119|137|Scottsdale Stadium|Scheduled|868153
2027-03-17||TBD|TBD|true|S|Milwaukee Brewers|Chicago Cubs|158|112|Sloan Park|Scheduled|868157
2027-03-17||TBD|TBD|true|S|New York Mets|Washington Nationals|121|120|CACTI Park of the Palm Beaches|Scheduled|868386
2027-03-17||TBD|TBD|true|S|New York Yankees|Boston Red Sox|147|111|JetBlue Park|Scheduled|868390
2027-03-17||TBD|TBD|true|S|San Diego Padres|Seattle Mariners|135|136|Peoria Stadium|Scheduled|868151
2027-03-17||TBD|TBD|true|S|Seattle Mariners|Kansas City Royals|136|118|Surprise Stadium|Scheduled|868154
2027-03-17||TBD|TBD|true|S|Tampa Bay Rays|Pittsburgh Pirates|139|134|LECOM Park|Scheduled|868388
2027-03-18||TBD|TBD|true|S|Boston Red Sox|Minnesota Twins|111|142|Lee Health Sports Complex|Scheduled|868368
2027-03-18||TBD|TBD|true|S|Colorado Rockies|San Francisco Giants|115|137|Scottsdale Stadium|Scheduled|868146
2027-03-18||TBD|TBD|true|S|Kansas City Royals|Texas Rangers|118|140|Surprise Stadium|Scheduled|868155
2027-03-18||TBD|TBD|true|S|Los Angeles Angels|Athletics|108|133|Hohokam Stadium|Scheduled|868149
2027-03-18||TBD|TBD|true|S|Los Angeles Dodgers|Cincinnati Reds|119|113|Goodyear Ballpark|Scheduled|868148
2027-03-18||TBD|TBD|true|S|Los Angeles Dodgers|San Diego Padres|119|135|Peoria Stadium|Scheduled|868136
2027-03-18||TBD|TBD|true|S|Miami Marlins|Houston Astros|146|117|CACTI Park of the Palm Beaches|Scheduled|868373
2027-03-18||TBD|TBD|true|S|Philadelphia Phillies|Atlanta Braves|143|144|CoolToday Park|Scheduled|868379
2027-03-18||TBD|TBD|true|S|Pittsburgh Pirates|New York Yankees|134|147|George M. Steinbrenner Field|Scheduled|868378
2027-03-18||TBD|TBD|true|S|San Francisco Giants|Chicago White Sox|137|145|Camelback Ranch|Scheduled|868141
2027-03-18||TBD|TBD|true|S|Seattle Mariners|Arizona Diamondbacks|136|109|Salt River Fields at Talking Stick|Scheduled|868142
2027-03-18||TBD|TBD|true|S|Toronto Blue Jays|Baltimore Orioles|141|110|Ed Smith Stadium|Scheduled|868372
2027-03-18||TBD|TBD|true|S|Washington Nationals|St. Louis Cardinals|120|138|Roger Dean Chevrolet Stadium|Scheduled|868374
2027-03-19||TBD|TBD|true|S|Arizona Diamondbacks|Chicago Cubs|109|112|Sloan Park|Scheduled|868139
2027-03-19||TBD|TBD|true|S|Athletics|Los Angeles Dodgers|133|119|Camelback Ranch|Scheduled|868137
2027-03-19||TBD|TBD|true|S|Atlanta Braves|Toronto Blue Jays|144|141|TD Ballpark|Scheduled|868371
2027-03-19||TBD|TBD|true|S|Chicago White Sox|Seattle Mariners|145|136|Peoria Stadium|Scheduled|868143
2027-03-19||TBD|TBD|true|S|Cincinnati Reds|Kansas City Royals|113|118|Surprise Stadium|Scheduled|868132
2027-03-19||TBD|TBD|true|S|Colorado Rockies|Cleveland Guardians|115|114|Goodyear Ballpark|Scheduled|868144
2027-03-19||TBD|TBD|true|S|Houston Astros|Washington Nationals|117|120|CACTI Park of the Palm Beaches|Scheduled|868369
2027-03-19||TBD|TBD|true|S|Minnesota Twins|Detroit Tigers|142|116|Publix Field at Joker Marchant Stadium|Scheduled|868380
2027-03-19||TBD|TBD|true|S|New York Yankees|Baltimore Orioles|147|110|Ed Smith Stadium|Scheduled|868370
2027-03-19||TBD|TBD|true|S|Pittsburgh Pirates|Boston Red Sox|134|111|JetBlue Park|Scheduled|868367
2027-03-19||TBD|TBD|true|S|San Diego Padres|Milwaukee Brewers|135|158|American Family Fields of Phoenix|Scheduled|868135
2027-03-19||TBD|TBD|true|S|San Francisco Giants|Los Angeles Angels|137|108|Tempe Diablo Stadium|Scheduled|868134
2027-03-19||TBD|TBD|true|S|St. Louis Cardinals|New York Mets|138|121|Clover Park|Scheduled|868375
2027-03-19||TBD|TBD|true|S|Tampa Bay Rays|Philadelphia Phillies|139|143|BayCare Ballpark|Scheduled|868376
2027-03-19||TBD|TBD|true|S|Texas Rangers|Colorado Rockies|140|115|Salt River Fields at Talking Stick|Scheduled|868133
2027-03-19||TBD|TBD|true|S|Washington Nationals|Miami Marlins|120|146|Roger Dean Chevrolet Stadium|Scheduled|868377
2027-03-20||TBD|TBD|true|S|Arizona Diamondbacks|Cleveland Guardians|109|114|Goodyear Ballpark|Scheduled|868140
2027-03-20||TBD|TBD|true|S|Atlanta Braves|Minnesota Twins|144|142|Lee Health Sports Complex|Scheduled|868365
2027-03-20||TBD|TBD|true|S|Baltimore Orioles|Pittsburgh Pirates|110|134|LECOM Park|Scheduled|868360
2027-03-20||TBD|TBD|true|S|Boston Red Sox|Atlanta Braves|111|144|CoolToday Park|Scheduled|868354
2027-03-20||TBD|TBD|true|S|Chicago Cubs|San Francisco Giants|112|137|Scottsdale Stadium|Scheduled|868138
2027-03-20||TBD|TBD|true|S|Chicago White Sox|Colorado Rockies|145|115|Salt River Fields at Talking Stick|Scheduled|868125
2027-03-20||TBD|TBD|true|S|Cincinnati Reds|San Diego Padres|113|135|Peoria Stadium|Scheduled|868120
2027-03-20||TBD|TBD|true|S|Houston Astros|New York Mets|117|121|Clover Park|Scheduled|868366
2027-03-20||TBD|TBD|true|S|Kansas City Royals|Athletics|118|133|Hohokam Stadium|Scheduled|868129
2027-03-20||TBD|TBD|true|S|Miami Marlins|St. Louis Cardinals|146|138|Roger Dean Chevrolet Stadium|Scheduled|868363
2027-03-20||TBD|TBD|true|S|Milwaukee Brewers|Texas Rangers|158|140|Surprise Stadium|Scheduled|868131
2027-03-20||TBD|TBD|true|S|New York Yankees|Detroit Tigers|147|116|Publix Field at Joker Marchant Stadium|Scheduled|868355
2027-03-20||TBD|TBD|true|S|Philadelphia Phillies|New York Yankees|143|147|George M. Steinbrenner Field|Scheduled|868359
2027-03-20||TBD|TBD|true|S|Seattle Mariners|Los Angeles Dodgers|136|119|Camelback Ranch|Scheduled|868124
2027-03-20||TBD|TBD|true|S|St. Louis Cardinals|Washington Nationals|138|120|CACTI Park of the Palm Beaches|Scheduled|868356
2027-03-20||TBD|TBD|true|S|Toronto Blue Jays|Tampa Bay Rays|141|139|Tropicana Field|Scheduled|868358
2027-03-21||TBD|TBD|true|S|Athletics|Chicago White Sox|133|145|Camelback Ranch|Scheduled|868127
2027-03-21||TBD|TBD|true|S|Chicago Cubs|Seattle Mariners|112|136|Peoria Stadium|Scheduled|868130
2027-03-21||TBD|TBD|true|S|Cleveland Guardians|Cincinnati Reds|114|113|Goodyear Ballpark|Scheduled|868123
2027-03-21||TBD|TBD|true|S|Colorado Rockies|Milwaukee Brewers|115|158|American Family Fields of Phoenix|Scheduled|868121
2027-03-21||TBD|TBD|true|S|Detroit Tigers|Tampa Bay Rays|116|139|Tropicana Field|Scheduled|868352
2027-03-21||TBD|TBD|true|S|Los Angeles Angels|Los Angeles Dodgers|108|119|UNIQLO Field at Dodger Stadium|Scheduled|868122
2027-03-21||TBD|TBD|true|S|Minnesota Twins|Boston Red Sox|142|111|JetBlue Park|Scheduled|868361
2027-03-21||TBD|TBD|true|S|New York Mets|Miami Marlins|121|146|Roger Dean Chevrolet Stadium|Scheduled|868357
2027-03-21||TBD|TBD|true|S|Philadelphia Phillies|Toronto Blue Jays|143|141|TD Ballpark|Scheduled|868353
2027-03-21||TBD|TBD|true|S|Pittsburgh Pirates|Atlanta Braves|134|144|CoolToday Park|Scheduled|868362
2027-03-21||TBD|TBD|true|S|San Diego Padres|Arizona Diamondbacks|135|109|Salt River Fields at Talking Stick|Scheduled|868128
2027-03-21||TBD|TBD|true|E|San Francisco Giants|Sacramento River Cats|137|105|Sutter Health Park|Scheduled|868126
2027-03-21||TBD|TBD|true|S|St. Louis Cardinals|Houston Astros|138|117|CACTI Park of the Palm Beaches|Scheduled|868364
2027-03-21||TBD|TBD|true|S|Tampa Bay Rays|New York Yankees|139|147|George M. Steinbrenner Field|Scheduled|868351
2027-03-21||TBD|TBD|true|S|Washington Nationals|Baltimore Orioles|120|110|Oriole Park at Camden Yards|Scheduled|868685
2027-03-22||TBD|TBD|true|S|Baltimore Orioles|Washington Nationals|110|120|Nationals Park|Scheduled|868684
2027-03-22||TBD|TBD|true|S|Boston Red Sox|San Francisco Giants|111|137|Oracle Park|Scheduled|868113
2027-03-22||TBD|TBD|true|S|Cleveland Guardians|Athletics|114|133|Hohokam Stadium|Scheduled|868112
2027-03-22||TBD|TBD|true|S|Los Angeles Dodgers|Los Angeles Angels|119|108|Angel Stadium|Scheduled|868118
2027-03-22||TBD|TBD|true|S|Milwaukee Brewers|Chicago Cubs|158|112|Sloan Park|Scheduled|868114
2027-03-22||TBD|TBD|true|S|New York Yankees|Pittsburgh Pirates|147|134|LECOM Park|Scheduled|868690
2027-03-22||TBD|TBD|true|S|Seattle Mariners|San Diego Padres|136|135|Peoria Stadium|Scheduled|868116
2027-03-22||TBD|TBD|true|E|Sugar Land Space Cowboys|Houston Astros|5434|117|Daikin Park|Scheduled|868348
2027-03-22||TBD|TBD|true|S|Tampa Bay Rays|Philadelphia Phillies|139|143|BayCare Ballpark|Scheduled|868350
2027-03-23||TBD|TBD|true|S|Boston Red Sox|San Francisco Giants|111|137|Oracle Park|Scheduled|868115
2027-03-23||TBD|TBD|true|S|Detroit Tigers|Tampa Bay Rays|116|139|Tropicana Field|Scheduled|868349
2027-03-23||TBD|TBD|true|S|Los Angeles Dodgers|Los Angeles Angels|119|108|Angel Stadium|Scheduled|868119
2027-03-23||TBD|TBD|true|S|Milwaukee Brewers|Chicago Cubs|158|112|Sloan Park|Scheduled|868117
2027-03-23||TBD|TBD|true|E|Sugar Land Space Cowboys|Houston Astros|5434|117|Daikin Park|Scheduled|868347
2027-03-25||TBD|TBD|true|R|Arizona Diamondbacks|San Diego Padres|109|135|Petco Park|Scheduled|852752
2027-03-25||TBD|TBD|true|R|Athletics|Pittsburgh Pirates|133|134|PNC Park|Scheduled|852822
2027-03-25||TBD|TBD|true|R|Atlanta Braves|Los Angeles Dodgers|144|119|UNIQLO Field at Dodger Stadium|Scheduled|853388
2027-03-25||TBD|TBD|true|R|Baltimore Orioles|Tampa Bay Rays|110|139|Tropicana Field|Scheduled|852422
2027-03-25||TBD|TBD|true|R|Boston Red Sox|Seattle Mariners|111|136|T-Mobile Park|Scheduled|852583
2027-03-25||TBD|TBD|true|R|Chicago White Sox|Detroit Tigers|145|116|Comerica Park|Scheduled|853719
2027-03-25||TBD|TBD|true|R|Cleveland Guardians|Chicago Cubs|114|112|Wrigley Field|Scheduled|854131
2027-03-25||TBD|TBD|true|R|Colorado Rockies|San Francisco Giants|115|137|Oracle Park|Scheduled|852663
2027-03-25||TBD|TBD|true|R|Los Angeles Angels|Milwaukee Brewers|108|158|American Family Field|Scheduled|853235
2027-03-25||TBD|TBD|true|R|Minnesota Twins|Kansas City Royals|142|118|Kauffman Stadium|Scheduled|853558
2027-03-25||TBD|TBD|true|R|New York Mets|Miami Marlins|121|146|loanDepot park|Scheduled|853317
2027-03-25||TBD|TBD|true|R|Philadelphia Phillies|Washington Nationals|143|120|Nationals Park|Scheduled|852187
2027-03-25||TBD|TBD|true|R|St. Louis Cardinals|Cincinnati Reds|138|113|Great American Ball Park|Scheduled|853965
2027-03-25||TBD|TBD|true|R|Texas Rangers|Houston Astros|140|117|Daikin Park|Scheduled|853645
2027-03-25||TBD|TBD|true|R|Toronto Blue Jays|New York Yankees|141|147|Yankee Stadium|Scheduled|852989
2027-03-26||TBD|TBD|true|R|Arizona Diamondbacks|San Diego Padres|109|135|Petco Park|Scheduled|852747
2027-03-26||TBD|TBD|true|R|Athletics|Pittsburgh Pirates|133|134|PNC Park|Scheduled|852827
2027-03-26||TBD|TBD|true|R|Baltimore Orioles|Tampa Bay Rays|110|139|Tropicana Field|Scheduled|852418
2027-03-26||TBD|TBD|true|R|Boston Red Sox|Seattle Mariners|111|136|T-Mobile Park|Scheduled|852589
2027-03-26||TBD|TBD|true|R|Texas Rangers|Houston Astros|140|117|Daikin Park|Scheduled|853643
2027-03-27||TBD|TBD|true|R|Arizona Diamondbacks|San Diego Padres|109|135|Petco Park|Scheduled|852748
2027-03-27||TBD|TBD|true|R|Athletics|Pittsburgh Pirates|133|134|PNC Park|Scheduled|852819
2027-03-27||TBD|TBD|true|R|Atlanta Braves|Los Angeles Dodgers|144|119|UNIQLO Field at Dodger Stadium|Scheduled|853389
2027-03-27||TBD|TBD|true|R|Baltimore Orioles|Tampa Bay Rays|110|139|Tropicana Field|Scheduled|852424
2027-03-27||TBD|TBD|true|R|Boston Red Sox|Seattle Mariners|111|136|T-Mobile Park|Scheduled|852580
2027-03-27||TBD|TBD|true|R|Chicago White Sox|Detroit Tigers|145|116|Comerica Park|Scheduled|853724
2027-03-27||TBD|TBD|true|R|Cleveland Guardians|Chicago Cubs|114|112|Wrigley Field|Scheduled|854120
2027-03-27||TBD|TBD|true|R|Colorado Rockies|San Francisco Giants|115|137|Oracle Park|Scheduled|852672
2027-03-27||TBD|TBD|true|R|Los Angeles Angels|Milwaukee Brewers|108|158|American Family Field|Scheduled|853225
2027-03-27||TBD|TBD|true|R|Minnesota Twins|Kansas City Royals|142|118|Kauffman Stadium|Scheduled|853556
2027-03-27||TBD|TBD|true|R|New York Mets|Miami Marlins|121|146|loanDepot park|Scheduled|853314
2027-03-27||TBD|TBD|true|R|Philadelphia Phillies|Washington Nationals|143|120|Nationals Park|Scheduled|852188
2027-03-27||TBD|TBD|true|R|St. Louis Cardinals|Cincinnati Reds|138|113|Great American Ball Park|Scheduled|853967
2027-03-27||TBD|TBD|true|R|Texas Rangers|Houston Astros|140|117|Daikin Park|Scheduled|853646
2027-03-27||TBD|TBD|true|R|Toronto Blue Jays|New York Yankees|141|147|Yankee Stadium|Scheduled|852998
2027-03-28||TBD|TBD|true|R|Arizona Diamondbacks|San Diego Padres|109|135|Petco Park|Scheduled|852750
2027-03-28||TBD|TBD|true|R|Atlanta Braves|Los Angeles Dodgers|144|119|UNIQLO Field at Dodger Stadium|Scheduled|853387
2027-03-28||TBD|TBD|true|R|Boston Red Sox|Seattle Mariners|111|136|T-Mobile Park|Scheduled|852579
2027-03-28||TBD|TBD|true|R|Chicago White Sox|Detroit Tigers|145|116|Comerica Park|Scheduled|853713
2027-03-28||TBD|TBD|true|R|Cleveland Guardians|Chicago Cubs|114|112|Wrigley Field|Scheduled|854121
2027-03-28||TBD|TBD|true|R|Colorado Rockies|San Francisco Giants|115|137|Oracle Park|Scheduled|852669
2027-03-28||TBD|TBD|true|R|Los Angeles Angels|Milwaukee Brewers|108|158|American Family Field|Scheduled|853222
2027-03-28||TBD|TBD|true|R|Minnesota Twins|Kansas City Royals|142|118|Kauffman Stadium|Scheduled|853557
2027-03-28||TBD|TBD|true|R|New York Mets|Miami Marlins|121|146|loanDepot park|Scheduled|853313
2027-03-28||TBD|TBD|true|R|Philadelphia Phillies|Washington Nationals|143|120|Nationals Park|Scheduled|852176
2027-03-28||TBD|TBD|true|R|St. Louis Cardinals|Cincinnati Reds|138|113|Great American Ball Park|Scheduled|853968
2027-03-28||TBD|TBD|true|R|Toronto Blue Jays|New York Yankees|141|147|Yankee Stadium|Scheduled|852987
2027-03-29||TBD|TBD|true|R|Arizona Diamondbacks|San Francisco Giants|109|137|Oracle Park|Scheduled|852671
2027-03-29||TBD|TBD|true|R|Athletics|New York Yankees|133|147|Yankee Stadium|Scheduled|852991
2027-03-29||TBD|TBD|true|R|Atlanta Braves|Milwaukee Brewers|144|158|American Family Field|Scheduled|853223
2027-03-29||TBD|TBD|true|R|Boston Red Sox|Houston Astros|111|117|Daikin Park|Scheduled|853633
2027-03-29||TBD|TBD|true|R|Chicago White Sox|Kansas City Royals|145|118|Kauffman Stadium|Scheduled|853555
2027-03-29||TBD|TBD|true|R|Cleveland Guardians|Detroit Tigers|114|116|Comerica Park|Scheduled|853712
2027-03-29||TBD|TBD|true|R|Colorado Rockies|San Diego Padres|115|135|Petco Park|Scheduled|852745
2027-03-29||TBD|TBD|true|R|Los Angeles Angels|Tampa Bay Rays|108|139|Tropicana Field|Scheduled|852417
2027-03-29||TBD|TBD|true|R|Minnesota Twins|Los Angeles Dodgers|142|119|UNIQLO Field at Dodger Stadium|Scheduled|853390
2027-03-29||TBD|TBD|true|R|New York Mets|Washington Nationals|121|120|Nationals Park|Scheduled|852178
2027-03-29||TBD|TBD|true|R|Philadelphia Phillies|Miami Marlins|143|146|loanDepot park|Scheduled|853311
2027-03-29||TBD|TBD|true|R|Pittsburgh Pirates|Cincinnati Reds|134|113|Great American Ball Park|Scheduled|853964
2027-03-29||TBD|TBD|true|R|St. Louis Cardinals|Chicago Cubs|138|112|Wrigley Field|Scheduled|854129
2027-03-29||TBD|TBD|true|R|Texas Rangers|Seattle Mariners|140|136|T-Mobile Park|Scheduled|852587
2027-03-29||TBD|TBD|true|R|Toronto Blue Jays|Baltimore Orioles|141|110|Oriole Park at Camden Yards|Scheduled|854289
2027-03-30||TBD|TBD|true|R|Arizona Diamondbacks|San Francisco Giants|109|137|Oracle Park|Scheduled|852668
2027-03-30||TBD|TBD|true|R|Athletics|New York Yankees|133|147|Yankee Stadium|Scheduled|852996
2027-03-30||TBD|TBD|true|R|Atlanta Braves|Milwaukee Brewers|144|158|American Family Field|Scheduled|853228
2027-03-30||TBD|TBD|true|R|Boston Red Sox|Houston Astros|111|117|Daikin Park|Scheduled|853630
2027-03-30||TBD|TBD|true|R|Chicago White Sox|Kansas City Royals|145|118|Kauffman Stadium|Scheduled|853551
2027-03-30||TBD|TBD|true|R|Cleveland Guardians|Detroit Tigers|114|116|Comerica Park|Scheduled|853715
2027-03-30||TBD|TBD|true|R|Colorado Rockies|San Diego Padres|115|135|Petco Park|Scheduled|852746
2027-03-30||TBD|TBD|true|R|Los Angeles Angels|Tampa Bay Rays|108|139|Tropicana Field|Scheduled|852415
2027-03-30||TBD|TBD|true|R|Minnesota Twins|Los Angeles Dodgers|142|119|UNIQLO Field at Dodger Stadium|Scheduled|853394
2027-03-30||TBD|TBD|true|R|New York Mets|Washington Nationals|121|120|Nationals Park|Scheduled|852170
2027-03-30||TBD|TBD|true|R|Philadelphia Phillies|Miami Marlins|143|146|loanDepot park|Scheduled|853306
2027-03-30||TBD|TBD|true|R|Pittsburgh Pirates|Cincinnati Reds|134|113|Great American Ball Park|Scheduled|853960
2027-03-30||TBD|TBD|true|R|St. Louis Cardinals|Chicago Cubs|138|112|Wrigley Field|Scheduled|854128
2027-03-30||TBD|TBD|true|R|Texas Rangers|Seattle Mariners|140|136|T-Mobile Park|Scheduled|852586
2027-03-31||TBD|TBD|true|R|Arizona Diamondbacks|San Francisco Giants|109|137|Oracle Park|Scheduled|852666
2027-03-31||TBD|TBD|true|R|Athletics|New York Yankees|133|147|Yankee Stadium|Scheduled|852988
2027-03-31||TBD|TBD|true|R|Atlanta Braves|Milwaukee Brewers|144|158|American Family Field|Scheduled|853230
2027-03-31||TBD|TBD|true|R|Boston Red Sox|Houston Astros|111|117|Daikin Park|Scheduled|853628
2027-03-31||TBD|TBD|true|R|Chicago White Sox|Kansas City Royals|145|118|Kauffman Stadium|Scheduled|853548
2027-03-31||TBD|TBD|true|R|Cleveland Guardians|Detroit Tigers|114|116|Comerica Park|Scheduled|853716
2027-03-31||TBD|TBD|true|R|Colorado Rockies|San Diego Padres|115|135|Petco Park|Scheduled|852751
2027-03-31||TBD|TBD|true|R|Los Angeles Angels|Tampa Bay Rays|108|139|Tropicana Field|Scheduled|852421
2027-03-31||TBD|TBD|true|R|Minnesota Twins|Los Angeles Dodgers|142|119|UNIQLO Field at Dodger Stadium|Scheduled|853395
2027-03-31||TBD|TBD|true|R|New York Mets|Washington Nationals|121|120|Nationals Park|Scheduled|852167
2027-03-31||TBD|TBD|true|R|Philadelphia Phillies|Miami Marlins|143|146|loanDepot park|Scheduled|853307
2027-03-31||TBD|TBD|true|R|Pittsburgh Pirates|Cincinnati Reds|134|113|Great American Ball Park|Scheduled|853963
2027-03-31||TBD|TBD|true|R|St. Louis Cardinals|Chicago Cubs|138|112|Wrigley Field|Scheduled|854122
2027-03-31||TBD|TBD|true|R|Texas Rangers|Seattle Mariners|140|136|T-Mobile Park|Scheduled|852590
2027-03-31||TBD|TBD|true|R|Toronto Blue Jays|Baltimore Orioles|141|110|Oriole Park at Camden Yards|Scheduled|854283
2027-04-01||TBD|TBD|true|R|Athletics|Texas Rangers|133|140|Globe Life Field|Scheduled|852345
2027-04-01||TBD|TBD|true|R|Cincinnati Reds|Boston Red Sox|113|111|Fenway Park|Scheduled|854204
2027-04-01||TBD|TBD|true|R|Kansas City Royals|St. Louis Cardinals|118|138|Busch Stadium|Scheduled|852501
2027-04-01||TBD|TBD|true|R|Los Angeles Dodgers|Colorado Rockies|119|115|Coors Field|Scheduled|853801
2027-04-01||TBD|TBD|true|R|Milwaukee Brewers|Chicago White Sox|158|145|Rate Field|Scheduled|854049
2027-04-01||TBD|TBD|true|R|New York Yankees|Cleveland Guardians|147|114|Progressive Field|Scheduled|853879
2027-04-01||TBD|TBD|true|R|Toronto Blue Jays|Baltimore Orioles|141|110|Oriole Park at Camden Yards|Scheduled|854284
2027-04-01||TBD|TBD|true|R|Washington Nationals|Philadelphia Phillies|120|143|Citizens Bank Park|Scheduled|852912
2027-04-02||TBD|TBD|true|R|Athletics|Texas Rangers|133|140|Globe Life Field|Scheduled|852347
2027-04-02||TBD|TBD|true|R|Chicago Cubs|Los Angeles Angels|112|108|Angel Stadium|Scheduled|853470
2027-04-02||TBD|TBD|true|R|Detroit Tigers|Baltimore Orioles|116|110|Oriole Park at Camden Yards|Scheduled|854285
2027-04-02||TBD|TBD|true|R|Houston Astros|Atlanta Braves|117|144|Truist Park|Scheduled|854365
2027-04-02||TBD|TBD|true|R|Los Angeles Dodgers|Colorado Rockies|119|115|Coors Field|Scheduled|853799
2027-04-02||TBD|TBD|true|R|Miami Marlins|Arizona Diamondbacks|146|109|Chase Field|Scheduled|854530
2027-04-02||TBD|TBD|true|R|New York Yankees|Cleveland Guardians|147|114|Progressive Field|Scheduled|853882
2027-04-02||TBD|TBD|true|R|San Diego Padres|Pittsburgh Pirates|135|134|PNC Park|Scheduled|852818
2027-04-02||TBD|TBD|true|R|San Francisco Giants|New York Mets|137|121|Citi Field|Scheduled|853075
2027-04-02||TBD|TBD|true|R|Seattle Mariners|Toronto Blue Jays|136|141|Rogers Centre|Scheduled|852260
2027-04-02||TBD|TBD|true|R|Tampa Bay Rays|Minnesota Twins|139|142|Target Field|Scheduled|853158
2027-04-02||TBD|TBD|true|R|Washington Nationals|Philadelphia Phillies|120|143|Citizens Bank Park|Scheduled|852904
2027-04-03||TBD|TBD|true|R|Athletics|Texas Rangers|133|140|Globe Life Field|Scheduled|852343
2027-04-03||TBD|TBD|true|R|Chicago Cubs|Los Angeles Angels|112|108|Angel Stadium|Scheduled|853473
2027-04-03||TBD|TBD|true|R|Cincinnati Reds|Boston Red Sox|113|111|Fenway Park|Scheduled|854198
2027-04-03||TBD|TBD|true|R|Detroit Tigers|Baltimore Orioles|116|110|Oriole Park at Camden Yards|Scheduled|854281
2027-04-03||TBD|TBD|true|R|Houston Astros|Atlanta Braves|117|144|Truist Park|Scheduled|854370
2027-04-03||TBD|TBD|true|R|Kansas City Royals|St. Louis Cardinals|118|138|Busch Stadium|Scheduled|852507
2027-04-03||TBD|TBD|true|R|Los Angeles Dodgers|Colorado Rockies|119|115|Coors Field|Scheduled|853798
2027-04-03||TBD|TBD|true|R|Miami Marlins|Arizona Diamondbacks|146|109|Chase Field|Scheduled|854529
2027-04-03||TBD|TBD|true|R|Milwaukee Brewers|Chicago White Sox|158|145|Rate Field|Scheduled|854046
2027-04-03||TBD|TBD|true|R|New York Yankees|Cleveland Guardians|147|114|Progressive Field|Scheduled|853881
2027-04-03||TBD|TBD|true|R|San Diego Padres|Pittsburgh Pirates|135|134|PNC Park|Scheduled|852815
2027-04-03||TBD|TBD|true|R|San Francisco Giants|New York Mets|137|121|Citi Field|Scheduled|853077
2027-04-03||TBD|TBD|true|R|Seattle Mariners|Toronto Blue Jays|136|141|Rogers Centre|Scheduled|852266
2027-04-03||TBD|TBD|true|R|Tampa Bay Rays|Minnesota Twins|139|142|Target Field|Scheduled|853141
2027-04-03||TBD|TBD|true|R|Washington Nationals|Philadelphia Phillies|120|143|Citizens Bank Park|Scheduled|852903
2027-04-04||TBD|TBD|true|R|Athletics|Texas Rangers|133|140|Globe Life Field|Scheduled|852351
2027-04-04||TBD|TBD|true|R|Chicago Cubs|Los Angeles Angels|112|108|Angel Stadium|Scheduled|853476
2027-04-04||TBD|TBD|true|R|Cincinnati Reds|Boston Red Sox|113|111|Fenway Park|Scheduled|854194
2027-04-04||TBD|TBD|true|R|Detroit Tigers|Baltimore Orioles|116|110|Oriole Park at Camden Yards|Scheduled|854282
2027-04-04||TBD|TBD|true|R|Houston Astros|Atlanta Braves|117|144|Truist Park|Scheduled|854375
2027-04-04||TBD|TBD|true|R|Kansas City Royals|St. Louis Cardinals|118|138|Busch Stadium|Scheduled|852504
2027-04-04||TBD|TBD|true|R|Los Angeles Dodgers|Colorado Rockies|119|115|Coors Field|Scheduled|853800
2027-04-04||TBD|TBD|true|R|Miami Marlins|Arizona Diamondbacks|146|109|Chase Field|Scheduled|854523
2027-04-04||TBD|TBD|true|R|Milwaukee Brewers|Chicago White Sox|158|145|Rate Field|Scheduled|854040
2027-04-04||TBD|TBD|true|R|New York Yankees|Cleveland Guardians|147|114|Progressive Field|Scheduled|853887
2027-04-04||TBD|TBD|true|R|San Diego Padres|Pittsburgh Pirates|135|134|PNC Park|Scheduled|852816
2027-04-04||TBD|TBD|true|R|San Francisco Giants|New York Mets|137|121|Citi Field|Scheduled|853073
2027-04-04||TBD|TBD|true|R|Seattle Mariners|Toronto Blue Jays|136|141|Rogers Centre|Scheduled|852265
2027-04-04||TBD|TBD|true|R|Tampa Bay Rays|Minnesota Twins|139|142|Target Field|Scheduled|853143
2027-04-04||TBD|TBD|true|R|Washington Nationals|Philadelphia Phillies|120|143|Citizens Bank Park|Scheduled|852906
2027-04-05||TBD|TBD|true|R|Baltimore Orioles|Chicago White Sox|110|145|Rate Field|Scheduled|854032
2027-04-05||TBD|TBD|true|R|Chicago Cubs|Athletics|112|133|Sutter Health Park|Scheduled|854444
2027-04-05||TBD|TBD|true|R|Cincinnati Reds|New York Mets|113|121|Citi Field|Scheduled|853068
2027-04-05||TBD|TBD|true|R|Houston Astros|Boston Red Sox|117|111|Fenway Park|Scheduled|854196
2027-04-05||TBD|TBD|true|R|Kansas City Royals|Los Angeles Angels|118|108|Angel Stadium|Scheduled|853475
2027-04-05||TBD|TBD|true|R|Los Angeles Dodgers|Arizona Diamondbacks|119|109|Chase Field|Scheduled|854520
2027-04-05||TBD|TBD|true|R|Miami Marlins|Colorado Rockies|146|115|Coors Field|Scheduled|853795
2027-04-05||TBD|TBD|true|R|Milwaukee Brewers|Toronto Blue Jays|158|141|Rogers Centre|Scheduled|852269
2027-04-05||TBD|TBD|true|R|New York Yankees|Pittsburgh Pirates|147|134|PNC Park|Scheduled|852823
2027-04-05||TBD|TBD|true|R|San Diego Padres|St. Louis Cardinals|135|138|Busch Stadium|Scheduled|852499
2027-04-05||TBD|TBD|true|R|San Francisco Giants|Atlanta Braves|137|144|Truist Park|Scheduled|854371
2027-04-05||TBD|TBD|true|R|Seattle Mariners|Cleveland Guardians|136|114|Progressive Field|Scheduled|853888
2027-04-05||TBD|TBD|true|R|Tampa Bay Rays|Minnesota Twins|139|142|Target Field|Scheduled|853140
2027-04-06||TBD|TBD|true|R|Baltimore Orioles|Chicago White Sox|110|145|Rate Field|Scheduled|854038
2027-04-06||TBD|TBD|true|R|Chicago Cubs|Athletics|112|133|Sutter Health Park|Scheduled|854449
2027-04-06||TBD|TBD|true|R|Cincinnati Reds|New York Mets|113|121|Citi Field|Scheduled|853066
2027-04-06||TBD|TBD|true|R|Detroit Tigers|Philadelphia Phillies|116|143|Citizens Bank Park|Scheduled|852907
2027-04-06||TBD|TBD|true|R|Houston Astros|Boston Red Sox|117|111|Fenway Park|Scheduled|854202
2027-04-06||TBD|TBD|true|R|Kansas City Royals|Los Angeles Angels|118|108|Angel Stadium|Scheduled|853468
2027-04-06||TBD|TBD|true|R|Los Angeles Dodgers|Arizona Diamondbacks|119|109|Chase Field|Scheduled|854522
2027-04-06||TBD|TBD|true|R|Miami Marlins|Colorado Rockies|146|115|Coors Field|Scheduled|853797
2027-04-06||TBD|TBD|true|R|Milwaukee Brewers|Toronto Blue Jays|158|141|Rogers Centre|Scheduled|852257
2027-04-06||TBD|TBD|true|R|New York Yankees|Pittsburgh Pirates|147|134|PNC Park|Scheduled|852826
2027-04-06||TBD|TBD|true|R|San Diego Padres|St. Louis Cardinals|135|138|Busch Stadium|Scheduled|852496
2027-04-06||TBD|TBD|true|R|San Francisco Giants|Atlanta Braves|137|144|Truist Park|Scheduled|854362
2027-04-06||TBD|TBD|true|R|Seattle Mariners|Cleveland Guardians|136|114|Progressive Field|Scheduled|853886
2027-04-06||TBD|TBD|true|R|Tampa Bay Rays|Texas Rangers|139|140|Globe Life Field|Scheduled|852327
2027-04-06||TBD|TBD|true|R|Washington Nationals|Minnesota Twins|120|142|Target Field|Scheduled|853147
2027-04-07||TBD|TBD|true|R|Baltimore Orioles|Chicago White Sox|110|145|Rate Field|Scheduled|854034
2027-04-07||TBD|TBD|true|R|Chicago Cubs|Athletics|112|133|Sutter Health Park|Scheduled|854450
2027-04-07||TBD|TBD|true|R|Cincinnati Reds|New York Mets|113|121|Citi Field|Scheduled|853067
2027-04-07||TBD|TBD|true|R|Detroit Tigers|Philadelphia Phillies|116|143|Citizens Bank Park|Scheduled|852914
2027-04-07||TBD|TBD|true|R|Houston Astros|Boston Red Sox|117|111|Fenway Park|Scheduled|854203
2027-04-07||TBD|TBD|true|R|Kansas City Royals|Los Angeles Angels|118|108|Angel Stadium|Scheduled|853465
2027-04-07||TBD|TBD|true|R|Los Angeles Dodgers|Arizona Diamondbacks|119|109|Chase Field|Scheduled|854528
2027-04-07||TBD|TBD|true|R|Miami Marlins|Colorado Rockies|146|115|Coors Field|Scheduled|853796
2027-04-07||TBD|TBD|true|R|Milwaukee Brewers|Toronto Blue Jays|158|141|Rogers Centre|Scheduled|852256
2027-04-07||TBD|TBD|true|R|New York Yankees|Pittsburgh Pirates|147|134|PNC Park|Scheduled|852820
2027-04-07||TBD|TBD|true|R|San Diego Padres|St. Louis Cardinals|135|138|Busch Stadium|Scheduled|852506
2027-04-07||TBD|TBD|true|R|San Francisco Giants|Atlanta Braves|137|144|Truist Park|Scheduled|854356
2027-04-07||TBD|TBD|true|R|Seattle Mariners|Cleveland Guardians|136|114|Progressive Field|Scheduled|853878
2027-04-07||TBD|TBD|true|R|Tampa Bay Rays|Texas Rangers|139|140|Globe Life Field|Scheduled|852326
2027-04-07||TBD|TBD|true|R|Washington Nationals|Minnesota Twins|120|142|Target Field|Scheduled|853142
2027-04-08||TBD|TBD|true|R|Cincinnati Reds|New York Mets|113|121|Citi Field|Scheduled|853062
2027-04-08||TBD|TBD|true|R|Detroit Tigers|Philadelphia Phillies|116|143|Citizens Bank Park|Scheduled|852910
2027-04-08||TBD|TBD|true|R|San Francisco Giants|Atlanta Braves|137|144|Truist Park|Scheduled|854363
2027-04-08||TBD|TBD|true|R|Tampa Bay Rays|Texas Rangers|139|140|Globe Life Field|Scheduled|852325
2027-04-08||TBD|TBD|true|R|Washington Nationals|Minnesota Twins|120|142|Target Field|Scheduled|853149
2027-04-09||TBD|TBD|true|R|Arizona Diamondbacks|New York Yankees|109|147|Yankee Stadium|Scheduled|852974
2027-04-09||TBD|TBD|true|R|Atlanta Braves|Miami Marlins|144|146|loanDepot park|Scheduled|853304
2027-04-09||TBD|TBD|true|R|Boston Red Sox|Washington Nationals|111|120|Nationals Park|Scheduled|852172
2027-04-09||TBD|TBD|true|R|Chicago White Sox|Athletics|145|133|Sutter Health Park|Scheduled|854442
2027-04-09||TBD|TBD|true|R|Cleveland Guardians|Houston Astros|114|117|Daikin Park|Scheduled|853631
2027-04-09||TBD|TBD|true|R|Colorado Rockies|Seattle Mariners|115|136|T-Mobile Park|Scheduled|852584
2027-04-09||TBD|TBD|true|R|Los Angeles Angels|Baltimore Orioles|108|110|Oriole Park at Camden Yards|Scheduled|854286
2027-04-09||TBD|TBD|true|R|Los Angeles Dodgers|San Diego Padres|119|135|Petco Park|Scheduled|852733
2027-04-09||TBD|TBD|true|R|Minnesota Twins|Cincinnati Reds|142|113|Great American Ball Park|Scheduled|853966
2027-04-09||TBD|TBD|true|R|New York Mets|Detroit Tigers|121|116|Comerica Park|Scheduled|853714
2027-04-09||TBD|TBD|true|R|Philadelphia Phillies|Milwaukee Brewers|143|158|American Family Field|Scheduled|853226
2027-04-09||TBD|TBD|true|R|Pittsburgh Pirates|Kansas City Royals|134|118|Kauffman Stadium|Scheduled|853546
2027-04-09||TBD|TBD|true|R|St. Louis Cardinals|San Francisco Giants|138|137|Oracle Park|Scheduled|852655
2027-04-09||TBD|TBD|true|R|Texas Rangers|Chicago Cubs|140|112|Wrigley Field|Scheduled|854116
2027-04-09||TBD|TBD|true|R|Toronto Blue Jays|Tampa Bay Rays|141|139|Tropicana Field|Scheduled|852416
2027-04-10||TBD|TBD|true|R|Arizona Diamondbacks|New York Yankees|109|147|Yankee Stadium|Scheduled|852972
2027-04-10||TBD|TBD|true|R|Atlanta Braves|Miami Marlins|144|146|loanDepot park|Scheduled|853300
2027-04-10||TBD|TBD|true|R|Boston Red Sox|Washington Nationals|111|120|Nationals Park|Scheduled|852169
2027-04-10||TBD|TBD|true|R|Chicago White Sox|Athletics|145|133|Sutter Health Park|Scheduled|854447
2027-04-10||TBD|TBD|true|R|Cleveland Guardians|Houston Astros|114|117|Daikin Park|Scheduled|853635
2027-04-10||TBD|TBD|true|R|Colorado Rockies|Seattle Mariners|115|136|T-Mobile Park|Scheduled|852576
2027-04-10||TBD|TBD|true|R|Los Angeles Angels|Baltimore Orioles|108|110|Oriole Park at Camden Yards|Scheduled|854278
2027-04-10||TBD|TBD|true|R|Los Angeles Dodgers|San Diego Padres|119|135|Petco Park|Scheduled|852735
2027-04-10||TBD|TBD|true|R|Minnesota Twins|Cincinnati Reds|142|113|Great American Ball Park|Scheduled|853962
2027-04-10||TBD|TBD|true|R|New York Mets|Detroit Tigers|121|116|Comerica Park|Scheduled|853711
2027-04-10||TBD|TBD|true|R|Philadelphia Phillies|Milwaukee Brewers|143|158|American Family Field|Scheduled|853224
2027-04-10||TBD|TBD|true|R|Pittsburgh Pirates|Kansas City Royals|134|118|Kauffman Stadium|Scheduled|853547
2027-04-10||TBD|TBD|true|R|St. Louis Cardinals|San Francisco Giants|138|137|Oracle Park|Scheduled|852648
2027-04-10||TBD|TBD|true|R|Texas Rangers|Chicago Cubs|140|112|Wrigley Field|Scheduled|854115
2027-04-10||TBD|TBD|true|R|Toronto Blue Jays|Tampa Bay Rays|141|139|Tropicana Field|Scheduled|852423
2027-04-11||TBD|TBD|true|R|Arizona Diamondbacks|New York Yankees|109|147|Yankee Stadium|Scheduled|852975
2027-04-11||TBD|TBD|true|R|Atlanta Braves|Miami Marlins|144|146|loanDepot park|Scheduled|853302
2027-04-11||TBD|TBD|true|R|Boston Red Sox|Washington Nationals|111|120|Nationals Park|Scheduled|852171
2027-04-11||TBD|TBD|true|R|Chicago White Sox|Athletics|145|133|Sutter Health Park|Scheduled|854448
2027-04-11||TBD|TBD|true|R|Cleveland Guardians|Houston Astros|114|117|Daikin Park|Scheduled|853627
2027-04-11||TBD|TBD|true|R|Colorado Rockies|Seattle Mariners|115|136|T-Mobile Park|Scheduled|852570
2027-04-11||TBD|TBD|true|R|Los Angeles Angels|Baltimore Orioles|108|110|Oriole Park at Camden Yards|Scheduled|854279
2027-04-11||TBD|TBD|true|R|Los Angeles Dodgers|San Diego Padres|119|135|Petco Park|Scheduled|852729
2027-04-11||TBD|TBD|true|R|Minnesota Twins|Cincinnati Reds|142|113|Great American Ball Park|Scheduled|853946
2027-04-11||TBD|TBD|true|R|New York Mets|Detroit Tigers|121|116|Comerica Park|Scheduled|853718
2027-04-11||TBD|TBD|true|R|Philadelphia Phillies|Milwaukee Brewers|143|158|American Family Field|Scheduled|853234
2027-04-11||TBD|TBD|true|R|Pittsburgh Pirates|Kansas City Royals|134|118|Kauffman Stadium|Scheduled|853549
2027-04-11||TBD|TBD|true|R|St. Louis Cardinals|San Francisco Giants|138|137|Oracle Park|Scheduled|852647
2027-04-11||TBD|TBD|true|R|Texas Rangers|Chicago Cubs|140|112|Wrigley Field|Scheduled|854118
2027-04-11||TBD|TBD|true|R|Toronto Blue Jays|Tampa Bay Rays|141|139|Tropicana Field|Scheduled|852425
2027-04-12||TBD|TBD|true|R|Boston Red Sox|Tampa Bay Rays|111|139|Tropicana Field|Scheduled|852414
2027-04-12||TBD|TBD|true|R|Los Angeles Angels|Baltimore Orioles|108|110|Oriole Park at Camden Yards|Scheduled|854280
2027-04-12||TBD|TBD|true|R|Pittsburgh Pirates|Milwaukee Brewers|134|158|American Family Field|Scheduled|853231
2027-04-12||TBD|TBD|true|R|St. Louis Cardinals|San Diego Padres|138|135|Petco Park|Scheduled|852730
2027-04-13||TBD|TBD|true|R|Arizona Diamondbacks|Miami Marlins|109|146|loanDepot park|Scheduled|853305
2027-04-13||TBD|TBD|true|R|Athletics|Kansas City Royals|133|118|Kauffman Stadium|Scheduled|853552
2027-04-13||TBD|TBD|true|R|Atlanta Braves|Washington Nationals|144|120|Nationals Park|Scheduled|852166
2027-04-13||TBD|TBD|true|R|Baltimore Orioles|San Francisco Giants|110|137|Oracle Park|Scheduled|852649
2027-04-13||TBD|TBD|true|R|Boston Red Sox|Tampa Bay Rays|111|139|Tropicana Field|Scheduled|852426
2027-04-13||TBD|TBD|true|R|Chicago White Sox|Seattle Mariners|145|136|T-Mobile Park|Scheduled|852566
2027-04-13||TBD|TBD|true|R|Colorado Rockies|Los Angeles Dodgers|115|119|UNIQLO Field at Dodger Stadium|Scheduled|853391
2027-04-13||TBD|TBD|true|R|Los Angeles Angels|New York Mets|108|121|Citi Field|Scheduled|853063
2027-04-13||TBD|TBD|true|R|Minnesota Twins|Cleveland Guardians|142|114|Progressive Field|Scheduled|853866
2027-04-13||TBD|TBD|true|R|New York Yankees|Detroit Tigers|147|116|Comerica Park|Scheduled|853717
2027-04-13||TBD|TBD|true|R|Philadelphia Phillies|Chicago Cubs|143|112|Wrigley Field|Scheduled|854114
2027-04-13||TBD|TBD|true|R|Pittsburgh Pirates|Milwaukee Brewers|134|158|American Family Field|Scheduled|853232
2027-04-13||TBD|TBD|true|R|St. Louis Cardinals|San Diego Padres|138|135|Petco Park|Scheduled|852731
2027-04-13||TBD|TBD|true|R|Texas Rangers|Cincinnati Reds|140|113|Great American Ball Park|Scheduled|853942
2027-04-13||TBD|TBD|true|R|Toronto Blue Jays|Houston Astros|141|117|Daikin Park|Scheduled|853636
2027-04-14||TBD|TBD|true|R|Arizona Diamondbacks|Miami Marlins|109|146|loanDepot park|Scheduled|853310
2027-04-14||TBD|TBD|true|R|Athletics|Kansas City Royals|133|118|Kauffman Stadium|Scheduled|853553
2027-04-14||TBD|TBD|true|R|Atlanta Braves|Washington Nationals|144|120|Nationals Park|Scheduled|852177
2027-04-14||TBD|TBD|true|R|Baltimore Orioles|San Francisco Giants|110|137|Oracle Park|Scheduled|852660
2027-04-14||TBD|TBD|true|R|Boston Red Sox|Tampa Bay Rays|111|139|Tropicana Field|Scheduled|852412
2027-04-14||TBD|TBD|true|R|Chicago White Sox|Seattle Mariners|145|136|T-Mobile Park|Scheduled|852573
2027-04-14||TBD|TBD|true|R|Colorado Rockies|Los Angeles Dodgers|115|119|UNIQLO Field at Dodger Stadium|Scheduled|853386
2027-04-14||TBD|TBD|true|R|Los Angeles Angels|New York Mets|108|121|Citi Field|Scheduled|853057
2027-04-14||TBD|TBD|true|R|Minnesota Twins|Cleveland Guardians|142|114|Progressive Field|Scheduled|853872
2027-04-14||TBD|TBD|true|R|New York Yankees|Detroit Tigers|147|116|Comerica Park|Scheduled|853708
2027-04-14||TBD|TBD|true|R|Philadelphia Phillies|Chicago Cubs|143|112|Wrigley Field|Scheduled|854113
2027-04-14||TBD|TBD|true|R|Pittsburgh Pirates|Milwaukee Brewers|134|158|American Family Field|Scheduled|853233
2027-04-14||TBD|TBD|true|R|St. Louis Cardinals|San Diego Padres|138|135|Petco Park|Scheduled|852739
2027-04-14||TBD|TBD|true|R|Texas Rangers|Cincinnati Reds|140|113|Great American Ball Park|Scheduled|853945
2027-04-14||TBD|TBD|true|R|Toronto Blue Jays|Houston Astros|141|117|Daikin Park|Scheduled|853632
2027-04-15||TBD|TBD|true|R|Arizona Diamondbacks|Miami Marlins|109|146|loanDepot park|Scheduled|853309
2027-04-15||TBD|TBD|true|R|Athletics|Kansas City Royals|133|118|Kauffman Stadium|Scheduled|853554
2027-04-15||TBD|TBD|true|R|Atlanta Braves|Washington Nationals|144|120|Nationals Park|Scheduled|852168
2027-04-15||TBD|TBD|true|R|Baltimore Orioles|San Francisco Giants|110|137|Oracle Park|Scheduled|852653
2027-04-15||TBD|TBD|true|R|Boston Red Sox|Tampa Bay Rays|111|139|Tropicana Field|Scheduled|852397
2027-04-15||TBD|TBD|true|R|Chicago White Sox|Seattle Mariners|145|136|T-Mobile Park|Scheduled|852569
2027-04-15||TBD|TBD|true|R|Colorado Rockies|Los Angeles Dodgers|115|119|UNIQLO Field at Dodger Stadium|Scheduled|853385
2027-04-15||TBD|TBD|true|R|Los Angeles Angels|New York Mets|108|121|Citi Field|Scheduled|853056
2027-04-15||TBD|TBD|true|R|Minnesota Twins|Cleveland Guardians|142|114|Progressive Field|Scheduled|853874
2027-04-15||TBD|TBD|true|R|New York Yankees|Detroit Tigers|147|116|Comerica Park|Scheduled|853710
2027-04-15||TBD|TBD|true|R|Philadelphia Phillies|Chicago Cubs|143|112|Wrigley Field|Scheduled|854119
2027-04-15||TBD|TBD|true|R|Pittsburgh Pirates|Milwaukee Brewers|134|158|American Family Field|Scheduled|853227
2027-04-15||TBD|TBD|true|R|St. Louis Cardinals|San Diego Padres|138|135|Petco Park|Scheduled|852728
2027-04-15||TBD|TBD|true|R|Texas Rangers|Cincinnati Reds|140|113|Great American Ball Park|Scheduled|853947
2027-04-15||TBD|TBD|true|R|Toronto Blue Jays|Houston Astros|141|117|Daikin Park|Scheduled|853634
2027-04-16||TBD|TBD|true|R|Athletics|Toronto Blue Jays|133|141|Rogers Centre|Scheduled|852246
2027-04-16||TBD|TBD|true|R|Baltimore Orioles|Los Angeles Angels|110|108|Angel Stadium|Scheduled|853466
2027-04-16||TBD|TBD|true|R|Chicago Cubs|Los Angeles Dodgers|112|119|UNIQLO Field at Dodger Stadium|Scheduled|853393
2027-04-16||TBD|TBD|true|R|Cincinnati Reds|Pittsburgh Pirates|113|134|PNC Park|Scheduled|852821
2027-04-16||TBD|TBD|true|R|Cleveland Guardians|Boston Red Sox|114|111|Fenway Park|Scheduled|854201
2027-04-16||TBD|TBD|true|R|Detroit Tigers|Minnesota Twins|116|142|Target Field|Scheduled|853150
2027-04-16||TBD|TBD|true|R|Houston Astros|Seattle Mariners|117|136|T-Mobile Park|Scheduled|852564
2027-04-16||TBD|TBD|true|R|Miami Marlins|Atlanta Braves|146|144|Truist Park|Scheduled|854364
2027-04-16||TBD|TBD|true|R|Milwaukee Brewers|Philadelphia Phillies|158|143|Citizens Bank Park|Scheduled|852908
2027-04-16||TBD|TBD|true|R|New York Mets|Colorado Rockies|121|115|Coors Field|Scheduled|853794
2027-04-16||TBD|TBD|true|R|San Diego Padres|Arizona Diamondbacks|135|109|Chase Field|Scheduled|854527
2027-04-16||TBD|TBD|true|R|San Francisco Giants|Chicago White Sox|137|145|Rate Field|Scheduled|854033
2027-04-16||TBD|TBD|true|R|St. Louis Cardinals|Texas Rangers|138|140|Globe Life Field|Scheduled|852331
2027-04-16||TBD|TBD|true|R|Tampa Bay Rays|Kansas City Royals|139|118|Kauffman Stadium|Scheduled|853550
2027-04-16||TBD|TBD|true|R|Washington Nationals|New York Yankees|120|147|Yankee Stadium|Scheduled|852979
2027-04-17||TBD|TBD|true|R|Athletics|Toronto Blue Jays|133|141|Rogers Centre|Scheduled|852247
2027-04-17||TBD|TBD|true|R|Baltimore Orioles|Los Angeles Angels|110|108|Angel Stadium|Scheduled|853472
2027-04-17||TBD|TBD|true|R|Chicago Cubs|Los Angeles Dodgers|112|119|UNIQLO Field at Dodger Stadium|Scheduled|853392
2027-04-17||TBD|TBD|true|R|Cincinnati Reds|Pittsburgh Pirates|113|134|PNC Park|Scheduled|852828
2027-04-17||TBD|TBD|true|R|Cleveland Guardians|Boston Red Sox|114|111|Fenway Park|Scheduled|854199
2027-04-17||TBD|TBD|true|R|Detroit Tigers|Minnesota Twins|116|142|Target Field|Scheduled|853151
2027-04-17||TBD|TBD|true|R|Houston Astros|Seattle Mariners|117|136|T-Mobile Park|Scheduled|852574
2027-04-17||TBD|TBD|true|R|Miami Marlins|Atlanta Braves|146|144|Truist Park|Scheduled|854360
2027-04-17||TBD|TBD|true|R|Milwaukee Brewers|Philadelphia Phillies|158|143|Citizens Bank Park|Scheduled|852901
2027-04-17||TBD|TBD|true|R|New York Mets|Colorado Rockies|121|115|Coors Field|Scheduled|853792
2027-04-17||TBD|TBD|true|R|San Diego Padres|Arizona Diamondbacks|135|109|Chase Field|Scheduled|854526
2027-04-17||TBD|TBD|true|R|San Francisco Giants|Chicago White Sox|137|145|Rate Field|Scheduled|854041
2027-04-17||TBD|TBD|true|R|St. Louis Cardinals|Texas Rangers|138|140|Globe Life Field|Scheduled|852334
2027-04-17||TBD|TBD|true|R|Tampa Bay Rays|Kansas City Royals|139|118|Kauffman Stadium|Scheduled|853535
2027-04-17||TBD|TBD|true|R|Washington Nationals|New York Yankees|120|147|Yankee Stadium|Scheduled|852981
2027-04-18||TBD|TBD|true|R|Athletics|Toronto Blue Jays|133|141|Rogers Centre|Scheduled|852251
2027-04-18||TBD|TBD|true|R|Baltimore Orioles|Los Angeles Angels|110|108|Angel Stadium|Scheduled|853474
2027-04-18||TBD|TBD|true|R|Chicago Cubs|Los Angeles Dodgers|112|119|UNIQLO Field at Dodger Stadium|Scheduled|853396
2027-04-18||TBD|TBD|true|R|Cincinnati Reds|Pittsburgh Pirates|113|134|PNC Park|Scheduled|852817
2027-04-18||TBD|TBD|true|R|Cleveland Guardians|Boston Red Sox|114|111|Fenway Park|Scheduled|854197
2027-04-18||TBD|TBD|true|R|Detroit Tigers|Minnesota Twins|116|142|Target Field|Scheduled|853146
2027-04-18||TBD|TBD|true|R|Houston Astros|Seattle Mariners|117|136|T-Mobile Park|Scheduled|852575
2027-04-18||TBD|TBD|true|R|Miami Marlins|Atlanta Braves|146|144|Truist Park|Scheduled|854355
2027-04-18||TBD|TBD|true|R|Milwaukee Brewers|Philadelphia Phillies|158|143|Citizens Bank Park|Scheduled|852894
2027-04-18||TBD|TBD|true|R|New York Mets|Colorado Rockies|121|115|Coors Field|Scheduled|853793
2027-04-18||TBD|TBD|true|R|San Diego Padres|Arizona Diamondbacks|135|109|Chase Field|Scheduled|854525
2027-04-18||TBD|TBD|true|R|San Francisco Giants|Chicago White Sox|137|145|Rate Field|Scheduled|854042
2027-04-18||TBD|TBD|true|R|St. Louis Cardinals|Texas Rangers|138|140|Globe Life Field|Scheduled|852333
2027-04-18||TBD|TBD|true|R|Tampa Bay Rays|Kansas City Royals|139|118|Kauffman Stadium|Scheduled|853533
2027-04-18||TBD|TBD|true|R|Washington Nationals|New York Yankees|120|147|Yankee Stadium|Scheduled|852978
2027-04-19||TBD|TBD|true|R|Chicago Cubs|Arizona Diamondbacks|112|109|Chase Field|Scheduled|854524
2027-04-19||TBD|TBD|true|R|Cincinnati Reds|Miami Marlins|113|146|loanDepot park|Scheduled|853308
2027-04-19||TBD|TBD|true|R|Cleveland Guardians|Boston Red Sox|114|111|Fenway Park|Scheduled|854195
2027-04-19||TBD|TBD|true|R|Detroit Tigers|Chicago White Sox|116|145|Rate Field|Scheduled|854037
2027-04-19||TBD|TBD|true|R|Houston Astros|Los Angeles Angels|117|108|Angel Stadium|Scheduled|853477
2027-04-19||TBD|TBD|true|R|Milwaukee Brewers|New York Yankees|158|147|Yankee Stadium|Scheduled|852980
2027-04-19||TBD|TBD|true|R|Minnesota Twins|St. Louis Cardinals|142|138|Busch Stadium|Scheduled|852500
2027-04-19||TBD|TBD|true|R|New York Mets|Athletics|121|133|Sutter Health Park|Scheduled|854451
2027-04-19||TBD|TBD|true|R|Seattle Mariners|Texas Rangers|136|140|Globe Life Field|Scheduled|852337
2027-04-20||TBD|TBD|true|R|Chicago Cubs|Arizona Diamondbacks|112|109|Chase Field|Scheduled|854521
2027-04-20||TBD|TBD|true|R|Cincinnati Reds|Miami Marlins|113|146|loanDepot park|Scheduled|853312
2027-04-20||TBD|TBD|true|R|Cleveland Guardians|Toronto Blue Jays|114|141|Rogers Centre|Scheduled|852253
2027-04-20||TBD|TBD|true|R|Detroit Tigers|Chicago White Sox|116|145|Rate Field|Scheduled|854039
2027-04-20||TBD|TBD|true|R|Houston Astros|Los Angeles Angels|117|108|Angel Stadium|Scheduled|853469
2027-04-20||TBD|TBD|true|R|Kansas City Royals|Baltimore Orioles|118|110|Oriole Park at Camden Yards|Scheduled|854275
2027-04-20||TBD|TBD|true|R|Los Angeles Dodgers|Philadelphia Phillies|119|143|Citizens Bank Park|Scheduled|852897
2027-04-20||TBD|TBD|true|R|Milwaukee Brewers|New York Yankees|158|147|Yankee Stadium|Scheduled|852973
2027-04-20||TBD|TBD|true|R|Minnesota Twins|St. Louis Cardinals|142|138|Busch Stadium|Scheduled|852503
2027-04-20||TBD|TBD|true|R|New York Mets|Athletics|121|133|Sutter Health Park|Scheduled|854452
2027-04-20||TBD|TBD|true|R|San Diego Padres|Colorado Rockies|135|115|Coors Field|Scheduled|853791
2027-04-20||TBD|TBD|true|R|San Francisco Giants|Pittsburgh Pirates|137|134|PNC Park|Scheduled|852825
2027-04-20||TBD|TBD|true|R|Seattle Mariners|Texas Rangers|136|140|Globe Life Field|Scheduled|852338
2027-04-20||TBD|TBD|true|R|Tampa Bay Rays|Boston Red Sox|139|111|Fenway Park|Scheduled|854200
2027-04-20||TBD|TBD|true|R|Washington Nationals|Atlanta Braves|120|144|Truist Park|Scheduled|854359
2027-04-21||TBD|TBD|true|R|Chicago Cubs|Arizona Diamondbacks|112|109|Chase Field|Scheduled|854510
2027-04-21||TBD|TBD|true|R|Cincinnati Reds|Miami Marlins|113|146|loanDepot park|Scheduled|853303
2027-04-21||TBD|TBD|true|R|Cleveland Guardians|Toronto Blue Jays|114|141|Rogers Centre|Scheduled|852250
2027-04-21||TBD|TBD|true|R|Detroit Tigers|Chicago White Sox|116|145|Rate Field|Scheduled|854036
2027-04-21||TBD|TBD|true|R|Houston Astros|Los Angeles Angels|117|108|Angel Stadium|Scheduled|853467
2027-04-21||TBD|TBD|true|R|Kansas City Royals|Baltimore Orioles|118|110|Oriole Park at Camden Yards|Scheduled|854277
2027-04-21||TBD|TBD|true|R|Los Angeles Dodgers|Philadelphia Phillies|119|143|Citizens Bank Park|Scheduled|852899
2027-04-21||TBD|TBD|true|R|Milwaukee Brewers|New York Yankees|158|147|Yankee Stadium|Scheduled|852982
2027-04-21||TBD|TBD|true|R|Minnesota Twins|St. Louis Cardinals|142|138|Busch Stadium|Scheduled|852508
2027-04-21||TBD|TBD|true|R|New York Mets|Athletics|121|133|Sutter Health Park|Scheduled|854441
2027-04-21||TBD|TBD|true|R|San Diego Padres|Colorado Rockies|135|115|Coors Field|Scheduled|853790
2027-04-21||TBD|TBD|true|R|San Francisco Giants|Pittsburgh Pirates|137|134|PNC Park|Scheduled|852824
2027-04-21||TBD|TBD|true|R|Seattle Mariners|Texas Rangers|136|140|Globe Life Field|Scheduled|852328
2027-04-21||TBD|TBD|true|R|Tampa Bay Rays|Boston Red Sox|139|111|Fenway Park|Scheduled|854205
2027-04-21||TBD|TBD|true|R|Washington Nationals|Atlanta Braves|120|144|Truist Park|Scheduled|854357
2027-04-22||TBD|TBD|true|R|Cleveland Guardians|Toronto Blue Jays|114|141|Rogers Centre|Scheduled|852254
2027-04-22||TBD|TBD|true|R|Detroit Tigers|Chicago White Sox|116|145|Rate Field|Scheduled|854035
2027-04-22||TBD|TBD|true|R|Kansas City Royals|Baltimore Orioles|118|110|Oriole Park at Camden Yards|Scheduled|854276
2027-04-22||TBD|TBD|true|R|Los Angeles Dodgers|Philadelphia Phillies|119|143|Citizens Bank Park|Scheduled|852891
2027-04-22||TBD|TBD|true|R|San Diego Padres|Colorado Rockies|135|115|Coors Field|Scheduled|853789
2027-04-22||TBD|TBD|true|R|San Francisco Giants|Pittsburgh Pirates|137|134|PNC Park|Scheduled|852808
2027-04-22||TBD|TBD|true|R|Seattle Mariners|Athletics|136|133|Sutter Health Park|Scheduled|854431
2027-04-22||TBD|TBD|true|R|Tampa Bay Rays|Boston Red Sox|139|111|Fenway Park|Scheduled|854206
2027-04-22||TBD|TBD|true|R|Washington Nationals|Atlanta Braves|120|144|Truist Park|Scheduled|854358
2027-04-23||TBD|TBD|true|R|Arizona Diamondbacks|Philadelphia Phillies|109|143|Citizens Bank Park|Scheduled|852893
2027-04-23||TBD|TBD|true|R|Atlanta Braves|Tampa Bay Rays|144|139|Tropicana Field|Scheduled|852399
2027-04-23||TBD|TBD|true|R|Boston Red Sox|Detroit Tigers|111|116|Comerica Park|Scheduled|853706
2027-04-23||TBD|TBD|true|R|Chicago White Sox|Los Angeles Angels|145|108|Angel Stadium|Scheduled|853471
2027-04-23||TBD|TBD|true|R|Colorado Rockies|Milwaukee Brewers|115|158|American Family Field|Scheduled|853211
2027-04-23||TBD|TBD|true|R|Kansas City Royals|Cleveland Guardians|118|114|Progressive Field|Scheduled|853870
2027-04-23||TBD|TBD|true|R|Los Angeles Dodgers|Washington Nationals|119|120|Nationals Park|Scheduled|852174
2027-04-23||TBD|TBD|true|R|Miami Marlins|Baltimore Orioles|146|110|Oriole Park at Camden Yards|Scheduled|854273
2027-04-23||TBD|TBD|true|R|New York Yankees|Houston Astros|147|117|Daikin Park|Scheduled|853629
2027-04-23||TBD|TBD|true|R|Pittsburgh Pirates|Chicago Cubs|134|112|Wrigley Field|Scheduled|854112
2027-04-23||TBD|TBD|true|R|San Diego Padres|Minnesota Twins|135|142|Target Field|Scheduled|853148
2027-04-23||TBD|TBD|true|R|San Francisco Giants|Cincinnati Reds|137|113|Great American Ball Park|Scheduled|853943
2027-04-23||TBD|TBD|true|R|Seattle Mariners|Athletics|136|133|Sutter Health Park|Scheduled|854430
2027-04-23||TBD|TBD|true|R|Texas Rangers|New York Mets|140|121|Citi Field|Scheduled|853058
2027-04-23||TBD|TBD|true|R|Toronto Blue Jays|St. Louis Cardinals|141|138|Busch Stadium|Scheduled|852497
2027-04-24||TBD|TBD|true|R|Arizona Diamondbacks|Philadelphia Phillies|109|143|Citizens Bank Park|Scheduled|852896
2027-04-24||TBD|TBD|true|R|Atlanta Braves|Tampa Bay Rays|144|139|Tropicana Field|Scheduled|852405
2027-04-24||TBD|TBD|true|R|Boston Red Sox|Detroit Tigers|111|116|Comerica Park|Scheduled|853705
2027-04-24||TBD|TBD|true|R|Chicago White Sox|Los Angeles Angels|145|108|Angel Stadium|Scheduled|853456
2027-04-24||TBD|TBD|true|R|Colorado Rockies|Milwaukee Brewers|115|158|American Family Field|Scheduled|853220
2027-04-24||TBD|TBD|true|R|Kansas City Royals|Cleveland Guardians|118|114|Progressive Field|Scheduled|853873
2027-04-24||TBD|TBD|true|R|Los Angeles Dodgers|Washington Nationals|119|120|Nationals Park|Scheduled|852175
2027-04-24||TBD|TBD|true|R|Miami Marlins|Baltimore Orioles|146|110|Oriole Park at Camden Yards|Scheduled|854274
2027-04-24||TBD|TBD|true|R|New York Yankees|Houston Astros|147|117|Daikin Park|Scheduled|853626
2027-04-24||TBD|TBD|true|R|Pittsburgh Pirates|Chicago Cubs|134|112|Wrigley Field|Scheduled|854117
2027-04-24||TBD|TBD|true|R|San Diego Padres|Minnesota Twins|135|142|Target Field|Scheduled|853145
2027-04-24||TBD|TBD|true|R|San Francisco Giants|Cincinnati Reds|137|113|Great American Ball Park|Scheduled|853950
2027-04-24||TBD|TBD|true|R|Seattle Mariners|Athletics|136|133|Sutter Health Park|Scheduled|854436
2027-04-24||TBD|TBD|true|R|Texas Rangers|New York Mets|140|121|Citi Field|Scheduled|853060
2027-04-24||TBD|TBD|true|R|Toronto Blue Jays|St. Louis Cardinals|141|138|Busch Stadium|Scheduled|852482
2027-04-25||TBD|TBD|true|R|Arizona Diamondbacks|Philadelphia Phillies|109|143|Citizens Bank Park|Scheduled|852888
2027-04-25||TBD|TBD|true|R|Atlanta Braves|Tampa Bay Rays|144|139|Tropicana Field|Scheduled|852402
2027-04-25||TBD|TBD|true|R|Boston Red Sox|Detroit Tigers|111|116|Comerica Park|Scheduled|853707
2027-04-25||TBD|TBD|true|R|Chicago White Sox|Los Angeles Angels|145|108|Angel Stadium|Scheduled|853454
2027-04-25||TBD|TBD|true|R|Colorado Rockies|Milwaukee Brewers|115|158|American Family Field|Scheduled|853209
2027-04-25||TBD|TBD|true|R|Kansas City Royals|Cleveland Guardians|118|114|Progressive Field|Scheduled|853869
2027-04-25||TBD|TBD|true|R|Los Angeles Dodgers|Washington Nationals|119|120|Nationals Park|Scheduled|852173
2027-04-25||TBD|TBD|true|R|Miami Marlins|Baltimore Orioles|146|110|Oriole Park at Camden Yards|Scheduled|854265
2027-04-25||TBD|TBD|true|R|New York Yankees|Houston Astros|147|117|Daikin Park|Scheduled|853613
2027-04-25||TBD|TBD|true|R|Pittsburgh Pirates|Chicago Cubs|134|112|Wrigley Field|Scheduled|854111
2027-04-25||TBD|TBD|true|R|San Diego Padres|Minnesota Twins|135|142|Target Field|Scheduled|853152
2027-04-25||TBD|TBD|true|R|San Francisco Giants|Cincinnati Reds|137|113|Great American Ball Park|Scheduled|853952
2027-04-25||TBD|TBD|true|R|Seattle Mariners|Athletics|136|133|Sutter Health Park|Scheduled|854429
2027-04-25||TBD|TBD|true|R|Texas Rangers|New York Mets|140|121|Citi Field|Scheduled|853061
2027-04-25||TBD|TBD|true|R|Toronto Blue Jays|St. Louis Cardinals|141|138|Busch Stadium|Scheduled|852494
2027-04-26||TBD|TBD|true|R|Arizona Diamondbacks|Philadelphia Phillies|109|143|Citizens Bank Park|Scheduled|852887
2027-04-26||TBD|TBD|true|R|Atlanta Braves|St. Louis Cardinals|144|138|Busch Stadium|Scheduled|852491
2027-04-26||TBD|TBD|true|R|Chicago White Sox|Los Angeles Dodgers|145|119|UNIQLO Field at Dodger Stadium|Scheduled|853384
2027-04-26||TBD|TBD|true|R|Colorado Rockies|Cleveland Guardians|115|114|Progressive Field|Scheduled|853868
2027-04-26||TBD|TBD|true|R|Los Angeles Angels|Houston Astros|108|117|Daikin Park|Scheduled|853619
2027-04-26||TBD|TBD|true|R|Miami Marlins|Cincinnati Reds|146|113|Great American Ball Park|Scheduled|853953
2027-04-26||TBD|TBD|true|R|Milwaukee Brewers|Chicago Cubs|158|112|Wrigley Field|Scheduled|854110
2027-04-26||TBD|TBD|true|R|New York Yankees|Kansas City Royals|147|118|Kauffman Stadium|Scheduled|853534
2027-04-26||TBD|TBD|true|R|Seattle Mariners|San Francisco Giants|136|137|Oracle Park|Scheduled|852651
2027-04-26||TBD|TBD|true|R|Texas Rangers|Washington Nationals|140|120|Nationals Park|Scheduled|852163
2027-04-26||TBD|TBD|true|R|Toronto Blue Jays|New York Mets|141|121|Citi Field|Scheduled|853065
2027-04-27||TBD|TBD|true|R|Arizona Diamondbacks|Detroit Tigers|109|116|Comerica Park|Scheduled|853704
2027-04-27||TBD|TBD|true|R|Athletics|Minnesota Twins|133|142|Target Field|Scheduled|853144
2027-04-27||TBD|TBD|true|R|Atlanta Braves|St. Louis Cardinals|144|138|Busch Stadium|Scheduled|852493
2027-04-27||TBD|TBD|true|R|Boston Red Sox|Baltimore Orioles|111|110|Oriole Park at Camden Yards|Scheduled|854260
2027-04-27||TBD|TBD|true|R|Chicago White Sox|Los Angeles Dodgers|145|119|UNIQLO Field at Dodger Stadium|Scheduled|853383
2027-04-27||TBD|TBD|true|R|Colorado Rockies|Cleveland Guardians|115|114|Progressive Field|Scheduled|853867
2027-04-27||TBD|TBD|true|R|Los Angeles Angels|Houston Astros|108|117|Daikin Park|Scheduled|853622
2027-04-27||TBD|TBD|true|R|Miami Marlins|Cincinnati Reds|146|113|Great American Ball Park|Scheduled|853954
2027-04-27||TBD|TBD|true|R|Milwaukee Brewers|Chicago Cubs|158|112|Wrigley Field|Scheduled|854109
2027-04-27||TBD|TBD|true|R|New York Yankees|Kansas City Royals|147|118|Kauffman Stadium|Scheduled|853536
2027-04-27||TBD|TBD|true|R|Philadelphia Phillies|San Diego Padres|143|135|Petco Park|Scheduled|852737
2027-04-27||TBD|TBD|true|R|Pittsburgh Pirates|Tampa Bay Rays|134|139|Tropicana Field|Scheduled|852406
2027-04-27||TBD|TBD|true|R|Seattle Mariners|San Francisco Giants|136|137|Oracle Park|Scheduled|852657
2027-04-27||TBD|TBD|true|R|Texas Rangers|Washington Nationals|140|120|Nationals Park|Scheduled|852153
2027-04-27||TBD|TBD|true|R|Toronto Blue Jays|New York Mets|141|121|Citi Field|Scheduled|853064
2027-04-28||TBD|TBD|true|R|Arizona Diamondbacks|Detroit Tigers|109|116|Comerica Park|Scheduled|853709
2027-04-28||TBD|TBD|true|R|Athletics|Minnesota Twins|133|142|Target Field|Scheduled|853134
2027-04-28||TBD|TBD|true|R|Atlanta Braves|St. Louis Cardinals|144|138|Busch Stadium|Scheduled|852489
2027-04-28||TBD|TBD|true|R|Boston Red Sox|Baltimore Orioles|111|110|Oriole Park at Camden Yards|Scheduled|854262
2027-04-28||TBD|TBD|true|R|Chicago White Sox|Los Angeles Dodgers|145|119|UNIQLO Field at Dodger Stadium|Scheduled|853372
2027-04-28||TBD|TBD|true|R|Colorado Rockies|Cleveland Guardians|115|114|Progressive Field|Scheduled|853875
2027-04-28||TBD|TBD|true|R|Los Angeles Angels|Houston Astros|108|117|Daikin Park|Scheduled|853615
2027-04-28||TBD|TBD|true|R|Miami Marlins|Cincinnati Reds|146|113|Great American Ball Park|Scheduled|853948
2027-04-28||TBD|TBD|true|R|Milwaukee Brewers|Chicago Cubs|158|112|Wrigley Field|Scheduled|854106
2027-04-28||TBD|TBD|true|R|New York Yankees|Kansas City Royals|147|118|Kauffman Stadium|Scheduled|853537
2027-04-28||TBD|TBD|true|R|Philadelphia Phillies|San Diego Padres|143|135|Petco Park|Scheduled|852740
2027-04-28||TBD|TBD|true|R|Pittsburgh Pirates|Tampa Bay Rays|134|139|Tropicana Field|Scheduled|852411
2027-04-28||TBD|TBD|true|R|Seattle Mariners|San Francisco Giants|136|137|Oracle Park|Scheduled|852654
2027-04-28||TBD|TBD|true|R|Texas Rangers|Washington Nationals|140|120|Nationals Park|Scheduled|852155
2027-04-28||TBD|TBD|true|R|Toronto Blue Jays|New York Mets|141|121|Citi Field|Scheduled|853055
2027-04-29||TBD|TBD|true|R|Arizona Diamondbacks|Detroit Tigers|109|116|Comerica Park|Scheduled|853697
2027-04-29||TBD|TBD|true|R|Athletics|Minnesota Twins|133|142|Target Field|Scheduled|853128
2027-04-29||TBD|TBD|true|R|Kansas City Royals|Texas Rangers|118|140|Globe Life Field|Scheduled|852332
2027-04-29||TBD|TBD|true|R|New York Mets|Atlanta Braves|121|144|Truist Park|Scheduled|854361
2027-04-29||TBD|TBD|true|R|Philadelphia Phillies|San Diego Padres|143|135|Petco Park|Scheduled|852738
2027-04-29||TBD|TBD|true|R|Pittsburgh Pirates|Tampa Bay Rays|134|139|Tropicana Field|Scheduled|852410
2027-04-30||TBD|TBD|true|R|Athletics|Colorado Rockies|133|115|Coors Field|Scheduled|853788
2027-04-30||TBD|TBD|true|R|Baltimore Orioles|San Diego Padres|110|135|Petco Park|Scheduled|852732
2027-04-30||TBD|TBD|true|R|Chicago Cubs|New York Yankees|112|147|Yankee Stadium|Scheduled|852983
2027-04-30||TBD|TBD|true|R|Cincinnati Reds|Milwaukee Brewers|113|158|American Family Field|Scheduled|853219
2027-04-30||TBD|TBD|true|R|Cleveland Guardians|Arizona Diamondbacks|114|109|Chase Field|Scheduled|854511
2027-04-30||TBD|TBD|true|R|Detroit Tigers|Los Angeles Dodgers|116|119|UNIQLO Field at Dodger Stadium|Scheduled|853380
2027-04-30||TBD|TBD|true|R|Houston Astros|Miami Marlins|117|146|loanDepot park|Scheduled|853299
2027-04-30||TBD|TBD|true|R|Kansas City Royals|Texas Rangers|118|140|Globe Life Field|Scheduled|852336
2027-04-30||TBD|TBD|true|R|Los Angeles Angels|Chicago White Sox|108|145|Rate Field|Scheduled|854024
2027-04-30||TBD|TBD|true|R|Minnesota Twins|Seattle Mariners|142|136|T-Mobile Park|Scheduled|852565
2027-04-30||TBD|TBD|true|R|New York Mets|Atlanta Braves|121|144|Truist Park|Scheduled|854354
2027-04-30||TBD|TBD|true|R|Philadelphia Phillies|San Francisco Giants|143|137|Oracle Park|Scheduled|852652
2027-04-30||TBD|TBD|true|R|St. Louis Cardinals|Boston Red Sox|138|111|Fenway Park|Scheduled|854183
2027-04-30||TBD|TBD|true|R|Tampa Bay Rays|Toronto Blue Jays|139|141|Rogers Centre|Scheduled|852252
2027-04-30||TBD|TBD|true|R|Washington Nationals|Pittsburgh Pirates|120|134|PNC Park|Scheduled|852805
2027-05-01||TBD|TBD|true|R|Athletics|Colorado Rockies|133|115|Coors Field|Scheduled|853787
2027-05-01||TBD|TBD|true|R|Baltimore Orioles|San Diego Padres|110|135|Petco Park|Scheduled|852734
2027-05-01||TBD|TBD|true|R|Chicago Cubs|New York Yankees|112|147|Yankee Stadium|Scheduled|852984
2027-05-01||TBD|TBD|true|R|Cincinnati Reds|Milwaukee Brewers|113|158|American Family Field|Scheduled|853216
2027-05-01||TBD|TBD|true|R|Cleveland Guardians|Arizona Diamondbacks|114|109|Chase Field|Scheduled|854512
2027-05-01||TBD|TBD|true|R|Detroit Tigers|Los Angeles Dodgers|116|119|UNIQLO Field at Dodger Stadium|Scheduled|853374
2027-05-01||TBD|TBD|true|R|Houston Astros|Miami Marlins|117|146|loanDepot park|Scheduled|853301
2027-05-01||TBD|TBD|true|R|Kansas City Royals|Texas Rangers|118|140|Globe Life Field|Scheduled|852324
2027-05-01||TBD|TBD|true|R|Los Angeles Angels|Chicago White Sox|108|145|Rate Field|Scheduled|854029
2027-05-01||TBD|TBD|true|R|Minnesota Twins|Seattle Mariners|142|136|T-Mobile Park|Scheduled|852577
2027-05-01||TBD|TBD|true|R|New York Mets|Atlanta Braves|121|144|Truist Park|Scheduled|854346
2027-05-01||TBD|TBD|true|R|Philadelphia Phillies|San Francisco Giants|143|137|Oracle Park|Scheduled|852656
2027-05-01||TBD|TBD|true|R|St. Louis Cardinals|Boston Red Sox|138|111|Fenway Park|Scheduled|854190
2027-05-01||TBD|TBD|true|R|Tampa Bay Rays|Toronto Blue Jays|139|141|Rogers Centre|Scheduled|852249
2027-05-01||TBD|TBD|true|R|Washington Nationals|Pittsburgh Pirates|120|134|PNC Park|Scheduled|852803
2027-05-02||TBD|TBD|true|R|Athletics|Colorado Rockies|133|115|Coors Field|Scheduled|853786
2027-05-02||TBD|TBD|true|R|Baltimore Orioles|San Diego Padres|110|135|Petco Park|Scheduled|852736
2027-05-02||TBD|TBD|true|R|Chicago Cubs|New York Yankees|112|147|Yankee Stadium|Scheduled|852977
2027-05-02||TBD|TBD|true|R|Cincinnati Reds|Milwaukee Brewers|113|158|American Family Field|Scheduled|853213
2027-05-02||TBD|TBD|true|R|Cleveland Guardians|Arizona Diamondbacks|114|109|Chase Field|Scheduled|854513
2027-05-02||TBD|TBD|true|R|Detroit Tigers|Los Angeles Dodgers|116|119|UNIQLO Field at Dodger Stadium|Scheduled|853377
2027-05-02||TBD|TBD|true|R|Houston Astros|Miami Marlins|117|146|loanDepot park|Scheduled|853296
2027-05-02||TBD|TBD|true|R|Kansas City Royals|Texas Rangers|118|140|Globe Life Field|Scheduled|852330
2027-05-02||TBD|TBD|true|R|Los Angeles Angels|Chicago White Sox|108|145|Rate Field|Scheduled|854026
2027-05-02||TBD|TBD|true|R|Minnesota Twins|Seattle Mariners|142|136|T-Mobile Park|Scheduled|852571
2027-05-02||TBD|TBD|true|R|New York Mets|Atlanta Braves|121|144|Truist Park|Scheduled|854345
2027-05-02||TBD|TBD|true|R|Philadelphia Phillies|San Francisco Giants|143|137|Oracle Park|Scheduled|852658
2027-05-02||TBD|TBD|true|R|St. Louis Cardinals|Boston Red Sox|138|111|Fenway Park|Scheduled|854181
2027-05-02||TBD|TBD|true|R|Tampa Bay Rays|Toronto Blue Jays|139|141|Rogers Centre|Scheduled|852248
2027-05-02||TBD|TBD|true|R|Washington Nationals|Pittsburgh Pirates|120|134|PNC Park|Scheduled|852811
2027-05-03||TBD|TBD|true|R|Baltimore Orioles|Arizona Diamondbacks|110|109|Chase Field|Scheduled|854509
2027-05-03||TBD|TBD|true|R|Chicago Cubs|Pittsburgh Pirates|112|134|PNC Park|Scheduled|852802
2027-05-03||TBD|TBD|true|R|Cincinnati Reds|Kansas City Royals|113|118|Kauffman Stadium|Scheduled|853538
2027-05-03||TBD|TBD|true|R|Cleveland Guardians|Athletics|114|133|Sutter Health Park|Scheduled|854428
2027-05-03||TBD|TBD|true|R|Detroit Tigers|Colorado Rockies|116|115|Coors Field|Scheduled|853784
2027-05-03||TBD|TBD|true|R|Houston Astros|Texas Rangers|117|140|Globe Life Field|Scheduled|852329
2027-05-03||TBD|TBD|true|R|Los Angeles Dodgers|Seattle Mariners|119|136|T-Mobile Park|Scheduled|852572
2027-05-03||TBD|TBD|true|R|Minnesota Twins|Los Angeles Angels|142|108|Angel Stadium|Scheduled|853458
2027-05-03||TBD|TBD|true|R|San Francisco Giants|Milwaukee Brewers|137|158|American Family Field|Scheduled|853210
2027-05-03||TBD|TBD|true|R|St. Louis Cardinals|Chicago White Sox|138|145|Rate Field|Scheduled|854030
2027-05-03||TBD|TBD|true|R|Tampa Bay Rays|New York Yankees|139|147|Yankee Stadium|Scheduled|852976
2027-05-03||TBD|TBD|true|R|Toronto Blue Jays|Boston Red Sox|141|111|Fenway Park|Scheduled|854184
2027-05-03||TBD|TBD|true|R|Washington Nationals|Miami Marlins|120|146|loanDepot park|Scheduled|853297
2027-05-04||TBD|TBD|true|R|Baltimore Orioles|Arizona Diamondbacks|110|109|Chase Field|Scheduled|854514
2027-05-04||TBD|TBD|true|R|Chicago Cubs|Pittsburgh Pirates|112|134|PNC Park|Scheduled|852812
2027-05-04||TBD|TBD|true|R|Cincinnati Reds|Kansas City Royals|113|118|Kauffman Stadium|Scheduled|853539
2027-05-04||TBD|TBD|true|R|Cleveland Guardians|Athletics|114|133|Sutter Health Park|Scheduled|854432
2027-05-04||TBD|TBD|true|R|Detroit Tigers|Colorado Rockies|116|115|Coors Field|Scheduled|853785
2027-05-04||TBD|TBD|true|R|Houston Astros|Texas Rangers|117|140|Globe Life Field|Scheduled|852335
2027-05-04||TBD|TBD|true|R|Los Angeles Dodgers|Seattle Mariners|119|136|T-Mobile Park|Scheduled|852567
2027-05-04||TBD|TBD|true|R|Minnesota Twins|Los Angeles Angels|142|108|Angel Stadium|Scheduled|853463
2027-05-04||TBD|TBD|true|R|New York Mets|Philadelphia Phillies|121|143|Citizens Bank Park|Scheduled|852898
2027-05-04||TBD|TBD|true|R|San Diego Padres|Atlanta Braves|135|144|Truist Park|Scheduled|854347
2027-05-04||TBD|TBD|true|R|San Francisco Giants|Milwaukee Brewers|137|158|American Family Field|Scheduled|853221
2027-05-04||TBD|TBD|true|R|St. Louis Cardinals|Chicago White Sox|138|145|Rate Field|Scheduled|854025
2027-05-04||TBD|TBD|true|R|Tampa Bay Rays|New York Yankees|139|147|Yankee Stadium|Scheduled|852961
2027-05-04||TBD|TBD|true|R|Toronto Blue Jays|Boston Red Sox|141|111|Fenway Park|Scheduled|854189
2027-05-04||TBD|TBD|true|R|Washington Nationals|Miami Marlins|120|146|loanDepot park|Scheduled|853295
2027-05-05||TBD|TBD|true|R|Baltimore Orioles|Arizona Diamondbacks|110|109|Chase Field|Scheduled|854515
2027-05-05||TBD|TBD|true|R|Chicago Cubs|Pittsburgh Pirates|112|134|PNC Park|Scheduled|852806
2027-05-05||TBD|TBD|true|R|Cincinnati Reds|Kansas City Royals|113|118|Kauffman Stadium|Scheduled|853543
2027-05-05||TBD|TBD|true|R|Cleveland Guardians|Athletics|114|133|Sutter Health Park|Scheduled|854440
2027-05-05||TBD|TBD|true|R|Detroit Tigers|Colorado Rockies|116|115|Coors Field|Scheduled|853783
2027-05-05||TBD|TBD|true|R|Houston Astros|Texas Rangers|117|140|Globe Life Field|Scheduled|852319
2027-05-05||TBD|TBD|true|R|Los Angeles Dodgers|Seattle Mariners|119|136|T-Mobile Park|Scheduled|852568
2027-05-05||TBD|TBD|true|R|Minnesota Twins|Los Angeles Angels|142|108|Angel Stadium|Scheduled|853462
2027-05-05||TBD|TBD|true|R|New York Mets|Philadelphia Phillies|121|143|Citizens Bank Park|Scheduled|852895
2027-05-05||TBD|TBD|true|R|San Diego Padres|Atlanta Braves|135|144|Truist Park|Scheduled|854348
2027-05-05||TBD|TBD|true|R|San Francisco Giants|Milwaukee Brewers|137|158|American Family Field|Scheduled|853218
2027-05-05||TBD|TBD|true|R|St. Louis Cardinals|Chicago White Sox|138|145|Rate Field|Scheduled|854023
2027-05-05||TBD|TBD|true|R|Tampa Bay Rays|New York Yankees|139|147|Yankee Stadium|Scheduled|852971
2027-05-05||TBD|TBD|true|R|Toronto Blue Jays|Boston Red Sox|141|111|Fenway Park|Scheduled|854186
2027-05-05||TBD|TBD|true|R|Washington Nationals|Miami Marlins|120|146|loanDepot park|Scheduled|853298
2027-05-06||TBD|TBD|true|R|Chicago Cubs|Pittsburgh Pirates|112|134|PNC Park|Scheduled|852810
2027-05-06||TBD|TBD|true|R|Colorado Rockies|Cincinnati Reds|115|113|Great American Ball Park|Scheduled|853949
2027-05-06||TBD|TBD|true|R|Houston Astros|Texas Rangers|117|140|Globe Life Field|Scheduled|852317
2027-05-06||TBD|TBD|true|R|Milwaukee Brewers|St. Louis Cardinals|158|138|Busch Stadium|Scheduled|852488
2027-05-06||TBD|TBD|true|R|Minnesota Twins|Los Angeles Angels|142|108|Angel Stadium|Scheduled|853464
2027-05-06||TBD|TBD|true|R|New York Mets|Philadelphia Phillies|121|143|Citizens Bank Park|Scheduled|852900
2027-05-06||TBD|TBD|true|R|San Diego Padres|Atlanta Braves|135|144|Truist Park|Scheduled|854350
2027-05-06||TBD|TBD|true|R|San Francisco Giants|Los Angeles Dodgers|137|119|UNIQLO Field at Dodger Stadium|Scheduled|853381
2027-05-06||TBD|TBD|true|R|Tampa Bay Rays|New York Yankees|139|147|Yankee Stadium|Scheduled|852962
2027-05-06||TBD|TBD|true|R|Washington Nationals|Miami Marlins|120|146|loanDepot park|Scheduled|853292
2027-05-07||TBD|TBD|true|R|Atlanta Braves|Philadelphia Phillies|144|143|Citizens Bank Park|Scheduled|852892
2027-05-07||TBD|TBD|true|R|Boston Red Sox|Cleveland Guardians|111|114|Progressive Field|Scheduled|853871
2027-05-07||TBD|TBD|true|R|Chicago White Sox|Baltimore Orioles|145|110|Oriole Park at Camden Yards|Scheduled|854263
2027-05-07||TBD|TBD|true|R|Colorado Rockies|Cincinnati Reds|115|113|Great American Ball Park|Scheduled|853955
2027-05-07||TBD|TBD|true|R|Los Angeles Angels|Athletics|108|133|Sutter Health Park|Scheduled|854437
2027-05-07||TBD|TBD|true|R|Milwaukee Brewers|St. Louis Cardinals|158|138|Busch Stadium|Scheduled|852484
2027-05-07||TBD|TBD|true|R|New York Yankees|Miami Marlins|147|146|loanDepot park|Scheduled|853293
2027-05-07||TBD|TBD|true|R|Pittsburgh Pirates|Minnesota Twins|134|142|Target Field|Scheduled|853129
2027-05-07||TBD|TBD|true|R|San Diego Padres|Detroit Tigers|135|116|Comerica Park|Scheduled|853699
2027-05-07||TBD|TBD|true|R|San Francisco Giants|Los Angeles Dodgers|137|119|UNIQLO Field at Dodger Stadium|Scheduled|853370
2027-05-07||TBD|TBD|true|R|Seattle Mariners|Chicago Cubs|136|112|Wrigley Field|Scheduled|854104
2027-05-07||TBD|TBD|true|R|Tampa Bay Rays|New York Mets|139|121|Citi Field|Scheduled|853054
2027-05-07||TBD|TBD|true|R|Texas Rangers|Arizona Diamondbacks|140|109|Chase Field|Scheduled|854516
2027-05-07||TBD|TBD|true|R|Toronto Blue Jays|Kansas City Royals|141|118|Kauffman Stadium|Scheduled|853541
2027-05-07||TBD|TBD|true|R|Washington Nationals|Houston Astros|120|117|Daikin Park|Scheduled|853618
2027-05-08||TBD|TBD|true|R|Atlanta Braves|Philadelphia Phillies|144|143|Citizens Bank Park|Scheduled|852890
2027-05-08||TBD|TBD|true|R|Boston Red Sox|Cleveland Guardians|111|114|Progressive Field|Scheduled|853865
2027-05-08||TBD|TBD|true|R|Chicago White Sox|Baltimore Orioles|145|110|Oriole Park at Camden Yards|Scheduled|854269
2027-05-08||TBD|TBD|true|R|Colorado Rockies|Cincinnati Reds|115|113|Great American Ball Park|Scheduled|853951
2027-05-08||TBD|TBD|true|R|Los Angeles Angels|Athletics|108|133|Sutter Health Park|Scheduled|854434
2027-05-08||TBD|TBD|true|R|Milwaukee Brewers|St. Louis Cardinals|158|138|Busch Stadium|Scheduled|852483
2027-05-08||TBD|TBD|true|R|New York Yankees|Miami Marlins|147|146|loanDepot park|Scheduled|853294
2027-05-08||TBD|TBD|true|R|Pittsburgh Pirates|Minnesota Twins|134|142|Target Field|Scheduled|853125
2027-05-08||TBD|TBD|true|R|San Diego Padres|Detroit Tigers|135|116|Comerica Park|Scheduled|853701
2027-05-08||TBD|TBD|true|R|San Francisco Giants|Los Angeles Dodgers|137|119|UNIQLO Field at Dodger Stadium|Scheduled|853371
2027-05-08||TBD|TBD|true|R|Seattle Mariners|Chicago Cubs|136|112|Wrigley Field|Scheduled|854108
2027-05-08||TBD|TBD|true|R|Tampa Bay Rays|New York Mets|139|121|Citi Field|Scheduled|853059
2027-05-08||TBD|TBD|true|R|Texas Rangers|Arizona Diamondbacks|140|109|Chase Field|Scheduled|854517
2027-05-08||TBD|TBD|true|R|Toronto Blue Jays|Kansas City Royals|141|118|Kauffman Stadium|Scheduled|853542
2027-05-08||TBD|TBD|true|R|Washington Nationals|Houston Astros|120|117|Daikin Park|Scheduled|853621
2027-05-09||TBD|TBD|true|R|Atlanta Braves|Philadelphia Phillies|144|143|Citizens Bank Park|Scheduled|852889
2027-05-09||TBD|TBD|true|R|Boston Red Sox|Cleveland Guardians|111|114|Progressive Field|Scheduled|853863
2027-05-09||TBD|TBD|true|R|Chicago White Sox|Baltimore Orioles|145|110|Oriole Park at Camden Yards|Scheduled|854270
2027-05-09||TBD|TBD|true|R|Colorado Rockies|Cincinnati Reds|115|113|Great American Ball Park|Scheduled|853944
2027-05-09||TBD|TBD|true|R|Los Angeles Angels|Athletics|108|133|Sutter Health Park|Scheduled|854435
2027-05-09||TBD|TBD|true|R|Milwaukee Brewers|St. Louis Cardinals|158|138|Busch Stadium|Scheduled|852485
2027-05-09||TBD|TBD|true|R|New York Yankees|Miami Marlins|147|146|loanDepot park|Scheduled|853288
2027-05-09||TBD|TBD|true|R|Pittsburgh Pirates|Minnesota Twins|134|142|Target Field|Scheduled|853130
2027-05-09||TBD|TBD|true|R|San Diego Padres|Detroit Tigers|135|116|Comerica Park|Scheduled|853702
2027-05-09||TBD|TBD|true|R|San Francisco Giants|Los Angeles Dodgers|137|119|UNIQLO Field at Dodger Stadium|Scheduled|853373
2027-05-09||TBD|TBD|true|R|Seattle Mariners|Chicago Cubs|136|112|Wrigley Field|Scheduled|854107
2027-05-09||TBD|TBD|true|R|Tampa Bay Rays|New York Mets|139|121|Citi Field|Scheduled|853043
2027-05-09||TBD|TBD|true|R|Texas Rangers|Arizona Diamondbacks|140|109|Chase Field|Scheduled|854518
2027-05-09||TBD|TBD|true|R|Toronto Blue Jays|Kansas City Royals|141|118|Kauffman Stadium|Scheduled|853540
2027-05-09||TBD|TBD|true|R|Washington Nationals|Houston Astros|120|117|Daikin Park|Scheduled|853620
2027-05-10||TBD|TBD|true|R|Boston Red Sox|Toronto Blue Jays|111|141|Rogers Centre|Scheduled|852255
2027-05-10||TBD|TBD|true|R|Houston Astros|Minnesota Twins|117|142|Target Field|Scheduled|853135
2027-05-10||TBD|TBD|true|R|Kansas City Royals|San Diego Padres|118|135|Petco Park|Scheduled|852718
2027-05-10||TBD|TBD|true|R|New York Yankees|Baltimore Orioles|147|110|Oriole Park at Camden Yards|Scheduled|854264
2027-05-10||TBD|TBD|true|R|Seattle Mariners|Los Angeles Angels|136|108|Angel Stadium|Scheduled|853453
2027-05-11||TBD|TBD|true|R|Arizona Diamondbacks|Cincinnati Reds|109|113|Great American Ball Park|Scheduled|853931
2027-05-11||TBD|TBD|true|R|Athletics|St. Louis Cardinals|133|138|Busch Stadium|Scheduled|852490
2027-05-11||TBD|TBD|true|R|Atlanta Braves|Detroit Tigers|144|116|Comerica Park|Scheduled|853700
2027-05-11||TBD|TBD|true|R|Boston Red Sox|Toronto Blue Jays|111|141|Rogers Centre|Scheduled|852239
2027-05-11||TBD|TBD|true|R|Chicago White Sox|Tampa Bay Rays|145|139|Tropicana Field|Scheduled|852400
2027-05-11||TBD|TBD|true|R|Colorado Rockies|Washington Nationals|115|120|Nationals Park|Scheduled|852154
2027-05-11||TBD|TBD|true|R|Houston Astros|Minnesota Twins|117|142|Target Field|Scheduled|853139
2027-05-11||TBD|TBD|true|R|Kansas City Royals|San Diego Padres|118|135|Petco Park|Scheduled|852721
2027-05-11||TBD|TBD|true|R|Los Angeles Dodgers|Cleveland Guardians|119|114|Progressive Field|Scheduled|853862
2027-05-11||TBD|TBD|true|R|Miami Marlins|Chicago Cubs|146|112|Wrigley Field|Scheduled|854105
2027-05-11||TBD|TBD|true|R|Milwaukee Brewers|Pittsburgh Pirates|158|134|PNC Park|Scheduled|852809
2027-05-11||TBD|TBD|true|R|New York Yankees|Baltimore Orioles|147|110|Oriole Park at Camden Yards|Scheduled|854267
2027-05-11||TBD|TBD|true|R|Philadelphia Phillies|New York Mets|143|121|Citi Field|Scheduled|853045
2027-05-11||TBD|TBD|true|R|Seattle Mariners|Los Angeles Angels|136|108|Angel Stadium|Scheduled|853460
2027-05-11||TBD|TBD|true|R|Texas Rangers|San Francisco Giants|140|137|Oracle Park|Scheduled|852659
2027-05-12||TBD|TBD|true|R|Arizona Diamondbacks|Cincinnati Reds|109|113|Great American Ball Park|Scheduled|853928
2027-05-12||TBD|TBD|true|R|Athletics|St. Louis Cardinals|133|138|Busch Stadium|Scheduled|852492
2027-05-12||TBD|TBD|true|R|Atlanta Braves|Detroit Tigers|144|116|Comerica Park|Scheduled|853698
2027-05-12||TBD|TBD|true|R|Boston Red Sox|Toronto Blue Jays|111|141|Rogers Centre|Scheduled|852240
2027-05-12||TBD|TBD|true|R|Chicago White Sox|Tampa Bay Rays|145|139|Tropicana Field|Scheduled|852404
2027-05-12||TBD|TBD|true|R|Colorado Rockies|Washington Nationals|115|120|Nationals Park|Scheduled|852160
2027-05-12||TBD|TBD|true|R|Houston Astros|Minnesota Twins|117|142|Target Field|Scheduled|853133
2027-05-12||TBD|TBD|true|R|Kansas City Royals|San Diego Padres|118|135|Petco Park|Scheduled|852722
2027-05-12||TBD|TBD|true|R|Los Angeles Dodgers|Cleveland Guardians|119|114|Progressive Field|Scheduled|853864
2027-05-12||TBD|TBD|true|R|Miami Marlins|Chicago Cubs|146|112|Wrigley Field|Scheduled|854095
2027-05-12||TBD|TBD|true|R|Milwaukee Brewers|Pittsburgh Pirates|158|134|PNC Park|Scheduled|852801
2027-05-12||TBD|TBD|true|R|New York Yankees|Baltimore Orioles|147|110|Oriole Park at Camden Yards|Scheduled|854268
2027-05-12||TBD|TBD|true|R|Philadelphia Phillies|New York Mets|143|121|Citi Field|Scheduled|853040
2027-05-12||TBD|TBD|true|R|Seattle Mariners|Los Angeles Angels|136|108|Angel Stadium|Scheduled|853457
2027-05-12||TBD|TBD|true|R|Texas Rangers|San Francisco Giants|140|137|Oracle Park|Scheduled|852650
2027-05-13||TBD|TBD|true|R|Arizona Diamondbacks|Cincinnati Reds|109|113|Great American Ball Park|Scheduled|853929
2027-05-13||TBD|TBD|true|R|Athletics|St. Louis Cardinals|133|138|Busch Stadium|Scheduled|852486
2027-05-13||TBD|TBD|true|R|Atlanta Braves|Detroit Tigers|144|116|Comerica Park|Scheduled|853703
2027-05-13||TBD|TBD|true|R|Boston Red Sox|Toronto Blue Jays|111|141|Rogers Centre|Scheduled|852237
2027-05-13||TBD|TBD|true|R|Chicago White Sox|Tampa Bay Rays|145|139|Tropicana Field|Scheduled|852408
2027-05-13||TBD|TBD|true|R|Colorado Rockies|Washington Nationals|115|120|Nationals Park|Scheduled|852158
2027-05-13||TBD|TBD|true|R|Los Angeles Dodgers|Cleveland Guardians|119|114|Progressive Field|Scheduled|853859
2027-05-13||TBD|TBD|true|R|Miami Marlins|Chicago Cubs|146|112|Wrigley Field|Scheduled|854102
2027-05-13||TBD|TBD|true|R|Milwaukee Brewers|Pittsburgh Pirates|158|134|PNC Park|Scheduled|852813
2027-05-13||TBD|TBD|true|R|New York Yankees|Baltimore Orioles|147|110|Oriole Park at Camden Yards|Scheduled|854272
2027-05-13||TBD|TBD|true|R|Philadelphia Phillies|New York Mets|143|121|Citi Field|Scheduled|853041
2027-05-13||TBD|TBD|true|R|Texas Rangers|San Francisco Giants|140|137|Oracle Park|Scheduled|852634
2027-05-14||TBD|TBD|true|R|Arizona Diamondbacks|Atlanta Braves|109|144|Truist Park|Scheduled|854343
2027-05-14||TBD|TBD|true|R|Athletics|Los Angeles Angels|133|108|Angel Stadium|Scheduled|853459
2027-05-14||TBD|TBD|true|R|Baltimore Orioles|Toronto Blue Jays|110|141|Rogers Centre|Scheduled|852243
2027-05-14||TBD|TBD|true|R|Chicago Cubs|Houston Astros|112|117|Daikin Park|Scheduled|853624
2027-05-14||TBD|TBD|true|R|Cincinnati Reds|San Diego Padres|113|135|Petco Park|Scheduled|852717
2027-05-14||TBD|TBD|true|R|Cleveland Guardians|Washington Nationals|114|120|Nationals Park|Scheduled|852165
2027-05-14||TBD|TBD|true|R|Detroit Tigers|Texas Rangers|116|140|Globe Life Field|Scheduled|852320
2027-05-14||TBD|TBD|true|R|Kansas City Royals|San Francisco Giants|118|137|Oracle Park|Scheduled|852633
2027-05-14||TBD|TBD|true|R|Los Angeles Dodgers|Boston Red Sox|119|111|Fenway Park|Scheduled|854193
2027-05-14||TBD|TBD|true|R|Miami Marlins|Chicago White Sox|146|145|Rate Field|Scheduled|854021
2027-05-14||TBD|TBD|true|R|Minnesota Twins|Colorado Rockies|142|115|Coors Field|Scheduled|853781
2027-05-14||TBD|TBD|true|R|New York Mets|Milwaukee Brewers|121|158|American Family Field|Scheduled|853215
2027-05-14||TBD|TBD|true|R|Philadelphia Phillies|New York Yankees|143|147|Yankee Stadium|Scheduled|852969
2027-05-14||TBD|TBD|true|R|Pittsburgh Pirates|Seattle Mariners|134|136|T-Mobile Park|Scheduled|852563
2027-05-14||TBD|TBD|true|R|St. Louis Cardinals|Tampa Bay Rays|138|139|Tropicana Field|Scheduled|852401
2027-05-15||TBD|TBD|true|R|Arizona Diamondbacks|Atlanta Braves|109|144|Truist Park|Scheduled|854344
2027-05-15||TBD|TBD|true|R|Athletics|Los Angeles Angels|133|108|Angel Stadium|Scheduled|853452
2027-05-15||TBD|TBD|true|R|Baltimore Orioles|Toronto Blue Jays|110|141|Rogers Centre|Scheduled|852232
2027-05-15||TBD|TBD|true|R|Chicago Cubs|Houston Astros|112|117|Daikin Park|Scheduled|853616
2027-05-15||TBD|TBD|true|R|Cincinnati Reds|San Diego Padres|113|135|Petco Park|Scheduled|852720
2027-05-15||TBD|TBD|true|R|Cleveland Guardians|Washington Nationals|114|120|Nationals Park|Scheduled|852162
2027-05-15||TBD|TBD|true|R|Detroit Tigers|Texas Rangers|116|140|Globe Life Field|Scheduled|852318
2027-05-15||TBD|TBD|true|R|Kansas City Royals|San Francisco Giants|118|137|Oracle Park|Scheduled|852636
2027-05-15||TBD|TBD|true|R|Los Angeles Dodgers|Boston Red Sox|119|111|Fenway Park|Scheduled|854185
2027-05-15||TBD|TBD|true|R|Miami Marlins|Chicago White Sox|146|145|Rate Field|Scheduled|854022
2027-05-15||TBD|TBD|true|R|Minnesota Twins|Colorado Rockies|142|115|Coors Field|Scheduled|853780
2027-05-15||TBD|TBD|true|R|New York Mets|Milwaukee Brewers|121|158|American Family Field|Scheduled|853214
2027-05-15||TBD|TBD|true|R|Philadelphia Phillies|New York Yankees|143|147|Yankee Stadium|Scheduled|852966
2027-05-15||TBD|TBD|true|R|Pittsburgh Pirates|Seattle Mariners|134|136|T-Mobile Park|Scheduled|852560
2027-05-15||TBD|TBD|true|R|St. Louis Cardinals|Tampa Bay Rays|138|139|Tropicana Field|Scheduled|852398
2027-05-16||TBD|TBD|true|R|Arizona Diamondbacks|Atlanta Braves|109|144|Truist Park|Scheduled|854352
2027-05-16||TBD|TBD|true|R|Athletics|Los Angeles Angels|133|108|Angel Stadium|Scheduled|853461
2027-05-16||TBD|TBD|true|R|Baltimore Orioles|Toronto Blue Jays|110|141|Rogers Centre|Scheduled|852233
2027-05-16||TBD|TBD|true|R|Chicago Cubs|Houston Astros|112|117|Daikin Park|Scheduled|853623
2027-05-16||TBD|TBD|true|R|Cincinnati Reds|San Diego Padres|113|135|Petco Park|Scheduled|852726
2027-05-16||TBD|TBD|true|R|Cleveland Guardians|Washington Nationals|114|120|Nationals Park|Scheduled|852161
2027-05-16||TBD|TBD|true|R|Detroit Tigers|Texas Rangers|116|140|Globe Life Field|Scheduled|852316
2027-05-16||TBD|TBD|true|R|Kansas City Royals|San Francisco Giants|118|137|Oracle Park|Scheduled|852635
2027-05-16||TBD|TBD|true|R|Los Angeles Dodgers|Boston Red Sox|119|111|Fenway Park|Scheduled|854187
2027-05-16||TBD|TBD|true|R|Miami Marlins|Chicago White Sox|146|145|Rate Field|Scheduled|854028
2027-05-16||TBD|TBD|true|R|Minnesota Twins|Colorado Rockies|142|115|Coors Field|Scheduled|853782
2027-05-16||TBD|TBD|true|R|New York Mets|Milwaukee Brewers|121|158|American Family Field|Scheduled|853212
2027-05-16||TBD|TBD|true|R|Philadelphia Phillies|New York Yankees|143|147|Yankee Stadium|Scheduled|852970
2027-05-16||TBD|TBD|true|R|Pittsburgh Pirates|Seattle Mariners|134|136|T-Mobile Park|Scheduled|852558
2027-05-16||TBD|TBD|true|R|St. Louis Cardinals|Tampa Bay Rays|138|139|Tropicana Field|Scheduled|852403
2027-05-17||TBD|TBD|true|R|Baltimore Orioles|Toronto Blue Jays|110|141|Rogers Centre|Scheduled|852244
2027-05-17||TBD|TBD|true|R|Chicago Cubs|Milwaukee Brewers|112|158|American Family Field|Scheduled|853217
2027-05-17||TBD|TBD|true|R|Cincinnati Reds|Los Angeles Dodgers|113|119|UNIQLO Field at Dodger Stadium|Scheduled|853369
2027-05-17||TBD|TBD|true|R|Cleveland Guardians|Chicago White Sox|114|145|Rate Field|Scheduled|854031
2027-05-17||TBD|TBD|true|R|Miami Marlins|Philadelphia Phillies|146|143|Citizens Bank Park|Scheduled|852886
2027-05-17||TBD|TBD|true|R|Minnesota Twins|Athletics|142|133|Sutter Health Park|Scheduled|854438
2027-05-17||TBD|TBD|true|R|New York Mets|San Diego Padres|121|135|Petco Park|Scheduled|852716
2027-05-17||TBD|TBD|true|R|Pittsburgh Pirates|Colorado Rockies|134|115|Coors Field|Scheduled|853777
2027-05-17||TBD|TBD|true|R|Seattle Mariners|Arizona Diamondbacks|136|109|Chase Field|Scheduled|854519
2027-05-17||TBD|TBD|true|R|Tampa Bay Rays|Houston Astros|139|117|Daikin Park|Scheduled|853614
2027-05-18||TBD|TBD|true|R|Boston Red Sox|Atlanta Braves|111|144|Truist Park|Scheduled|854351
2027-05-18||TBD|TBD|true|R|Chicago Cubs|Milwaukee Brewers|112|158|American Family Field|Scheduled|853195
2027-05-18||TBD|TBD|true|R|Cincinnati Reds|Los Angeles Dodgers|113|119|UNIQLO Field at Dodger Stadium|Scheduled|853378
2027-05-18||TBD|TBD|true|R|Cleveland Guardians|Chicago White Sox|114|145|Rate Field|Scheduled|854027
2027-05-18||TBD|TBD|true|R|Los Angeles Angels|New York Yankees|108|147|Yankee Stadium|Scheduled|852959
2027-05-18||TBD|TBD|true|R|Miami Marlins|Philadelphia Phillies|146|143|Citizens Bank Park|Scheduled|852877
2027-05-18||TBD|TBD|true|R|Minnesota Twins|Athletics|142|133|Sutter Health Park|Scheduled|854433
2027-05-18||TBD|TBD|true|R|New York Mets|San Diego Padres|121|135|Petco Park|Scheduled|852719
2027-05-18||TBD|TBD|true|R|Pittsburgh Pirates|Colorado Rockies|134|115|Coors Field|Scheduled|853778
2027-05-18||TBD|TBD|true|R|San Francisco Giants|Detroit Tigers|137|116|Comerica Park|Scheduled|853692
2027-05-18||TBD|TBD|true|R|Seattle Mariners|Arizona Diamondbacks|136|109|Chase Field|Scheduled|854498
2027-05-18||TBD|TBD|true|R|St. Louis Cardinals|Baltimore Orioles|138|110|Oriole Park at Camden Yards|Scheduled|854266
2027-05-18||TBD|TBD|true|R|Tampa Bay Rays|Houston Astros|139|117|Daikin Park|Scheduled|853625
2027-05-18||TBD|TBD|true|R|Toronto Blue Jays|Texas Rangers|141|140|Globe Life Field|Scheduled|852323
2027-05-18||TBD|TBD|true|R|Washington Nationals|Kansas City Royals|120|118|Kauffman Stadium|Scheduled|853544
2027-05-19||TBD|TBD|true|R|Boston Red Sox|Atlanta Braves|111|144|Truist Park|Scheduled|854349
2027-05-19||TBD|TBD|true|R|Chicago Cubs|Milwaukee Brewers|112|158|American Family Field|Scheduled|853206
2027-05-19||TBD|TBD|true|R|Cincinnati Reds|Los Angeles Dodgers|113|119|UNIQLO Field at Dodger Stadium|Scheduled|853379
2027-05-19||TBD|TBD|true|R|Cleveland Guardians|Chicago White Sox|114|145|Rate Field|Scheduled|854015
2027-05-19||TBD|TBD|true|R|Los Angeles Angels|New York Yankees|108|147|Yankee Stadium|Scheduled|852965
2027-05-19||TBD|TBD|true|R|Miami Marlins|Philadelphia Phillies|146|143|Citizens Bank Park|Scheduled|852879
2027-05-19||TBD|TBD|true|R|Minnesota Twins|Athletics|142|133|Sutter Health Park|Scheduled|854439
2027-05-19||TBD|TBD|true|R|New York Mets|San Diego Padres|121|135|Petco Park|Scheduled|852724
2027-05-19||TBD|TBD|true|R|Pittsburgh Pirates|Colorado Rockies|134|115|Coors Field|Scheduled|853779
2027-05-19||TBD|TBD|true|R|San Francisco Giants|Detroit Tigers|137|116|Comerica Park|Scheduled|853695
2027-05-19||TBD|TBD|true|R|Seattle Mariners|Arizona Diamondbacks|136|109|Chase Field|Scheduled|854500
2027-05-19||TBD|TBD|true|R|St. Louis Cardinals|Baltimore Orioles|138|110|Oriole Park at Camden Yards|Scheduled|854271
2027-05-19||TBD|TBD|true|R|Tampa Bay Rays|Houston Astros|139|117|Daikin Park|Scheduled|853617
2027-05-19||TBD|TBD|true|R|Toronto Blue Jays|Texas Rangers|141|140|Globe Life Field|Scheduled|852321
2027-05-19||TBD|TBD|true|R|Washington Nationals|Kansas City Royals|120|118|Kauffman Stadium|Scheduled|853545
2027-05-20||TBD|TBD|true|R|Boston Red Sox|Atlanta Braves|111|144|Truist Park|Scheduled|854353
2027-05-20||TBD|TBD|true|R|Chicago Cubs|Milwaukee Brewers|112|158|American Family Field|Scheduled|853197
2027-05-20||TBD|TBD|true|R|Colorado Rockies|Arizona Diamondbacks|115|109|Chase Field|Scheduled|854508
2027-05-20||TBD|TBD|true|R|Houston Astros|Athletics|117|133|Sutter Health Park|Scheduled|854423
2027-05-20||TBD|TBD|true|R|Los Angeles Angels|New York Yankees|108|147|Yankee Stadium|Scheduled|852964
2027-05-20||TBD|TBD|true|R|San Francisco Giants|Detroit Tigers|137|116|Comerica Park|Scheduled|853690
2027-05-20||TBD|TBD|true|R|St. Louis Cardinals|Baltimore Orioles|138|110|Oriole Park at Camden Yards|Scheduled|854261
2027-05-20||TBD|TBD|true|R|Toronto Blue Jays|Texas Rangers|141|140|Globe Life Field|Scheduled|852322
2027-05-20||TBD|TBD|true|R|Washington Nationals|Kansas City Royals|120|118|Kauffman Stadium|Scheduled|853524
2027-05-21||TBD|TBD|true|R|Atlanta Braves|Kansas City Royals|144|118|Kauffman Stadium|Scheduled|853522
2027-05-21||TBD|TBD|true|R|Baltimore Orioles|Cleveland Guardians|110|114|Progressive Field|Scheduled|853857
2027-05-21||TBD|TBD|true|R|Chicago White Sox|Pittsburgh Pirates|145|134|PNC Park|Scheduled|852807
2027-05-21||TBD|TBD|true|R|Colorado Rockies|Arizona Diamondbacks|115|109|Chase Field|Scheduled|854507
2027-05-21||TBD|TBD|true|R|Detroit Tigers|St. Louis Cardinals|116|138|Busch Stadium|Scheduled|852487
2027-05-21||TBD|TBD|true|R|Houston Astros|Athletics|117|133|Sutter Health Park|Scheduled|854422
2027-05-21||TBD|TBD|true|R|Los Angeles Angels|Philadelphia Phillies|108|143|Citizens Bank Park|Scheduled|852872
2027-05-21||TBD|TBD|true|R|Milwaukee Brewers|Miami Marlins|158|146|loanDepot park|Scheduled|853290
2027-05-21||TBD|TBD|true|R|New York Mets|Minnesota Twins|121|142|Target Field|Scheduled|853137
2027-05-21||TBD|TBD|true|R|San Diego Padres|Los Angeles Dodgers|135|119|UNIQLO Field at Dodger Stadium|Scheduled|853382
2027-05-21||TBD|TBD|true|R|San Francisco Giants|New York Yankees|137|147|Yankee Stadium|Scheduled|852958
2027-05-21||TBD|TBD|true|R|Tampa Bay Rays|Seattle Mariners|139|136|T-Mobile Park|Scheduled|852562
2027-05-21||TBD|TBD|true|R|Texas Rangers|Boston Red Sox|140|111|Fenway Park|Scheduled|854182
2027-05-21||TBD|TBD|true|R|Toronto Blue Jays|Cincinnati Reds|141|113|Great American Ball Park|Scheduled|853930
2027-05-21||TBD|TBD|true|R|Washington Nationals|Chicago Cubs|120|112|Wrigley Field|Scheduled|854103
2027-05-22||TBD|TBD|true|R|Atlanta Braves|Kansas City Royals|144|118|Kauffman Stadium|Scheduled|853527
2027-05-22||TBD|TBD|true|R|Baltimore Orioles|Cleveland Guardians|110|114|Progressive Field|Scheduled|853858
2027-05-22||TBD|TBD|true|R|Chicago White Sox|Pittsburgh Pirates|145|134|PNC Park|Scheduled|852814
2027-05-22||TBD|TBD|true|R|Colorado Rockies|Arizona Diamondbacks|115|109|Chase Field|Scheduled|854506
2027-05-22||TBD|TBD|true|R|Detroit Tigers|St. Louis Cardinals|116|138|Busch Stadium|Scheduled|852476
2027-05-22||TBD|TBD|true|R|Houston Astros|Athletics|117|133|Sutter Health Park|Scheduled|854418
2027-05-22||TBD|TBD|true|R|Los Angeles Angels|Philadelphia Phillies|108|143|Citizens Bank Park|Scheduled|852873
2027-05-22||TBD|TBD|true|R|Milwaukee Brewers|Miami Marlins|158|146|loanDepot park|Scheduled|853287
2027-05-22||TBD|TBD|true|R|New York Mets|Minnesota Twins|121|142|Target Field|Scheduled|853127
2027-05-22||TBD|TBD|true|R|San Diego Padres|Los Angeles Dodgers|135|119|UNIQLO Field at Dodger Stadium|Scheduled|853375
2027-05-22||TBD|TBD|true|R|San Francisco Giants|New York Yankees|137|147|Yankee Stadium|Scheduled|852967
2027-05-22||TBD|TBD|true|R|Tampa Bay Rays|Seattle Mariners|139|136|T-Mobile Park|Scheduled|852555
2027-05-22||TBD|TBD|true|R|Texas Rangers|Boston Red Sox|140|111|Fenway Park|Scheduled|854191
2027-05-22||TBD|TBD|true|R|Toronto Blue Jays|Cincinnati Reds|141|113|Great American Ball Park|Scheduled|853936
2027-05-22||TBD|TBD|true|R|Washington Nationals|Chicago Cubs|120|112|Wrigley Field|Scheduled|854100
2027-05-23||TBD|TBD|true|R|Atlanta Braves|Kansas City Royals|144|118|Kauffman Stadium|Scheduled|853532
2027-05-23||TBD|TBD|true|R|Baltimore Orioles|Cleveland Guardians|110|114|Progressive Field|Scheduled|853860
2027-05-23||TBD|TBD|true|R|Chicago White Sox|Pittsburgh Pirates|145|134|PNC Park|Scheduled|852804
2027-05-23||TBD|TBD|true|R|Colorado Rockies|Arizona Diamondbacks|115|109|Chase Field|Scheduled|854505
2027-05-23||TBD|TBD|true|R|Detroit Tigers|St. Louis Cardinals|116|138|Busch Stadium|Scheduled|852470
2027-05-23||TBD|TBD|true|R|Houston Astros|Athletics|117|133|Sutter Health Park|Scheduled|854426
2027-05-23||TBD|TBD|true|R|Los Angeles Angels|Philadelphia Phillies|108|143|Citizens Bank Park|Scheduled|852882
2027-05-23||TBD|TBD|true|R|Milwaukee Brewers|Miami Marlins|158|146|loanDepot park|Scheduled|853285
2027-05-23||TBD|TBD|true|R|New York Mets|Minnesota Twins|121|142|Target Field|Scheduled|853138
2027-05-23||TBD|TBD|true|R|San Diego Padres|Los Angeles Dodgers|135|119|UNIQLO Field at Dodger Stadium|Scheduled|853376
2027-05-23||TBD|TBD|true|R|San Francisco Giants|New York Yankees|137|147|Yankee Stadium|Scheduled|852960
2027-05-23||TBD|TBD|true|R|Tampa Bay Rays|Seattle Mariners|139|136|T-Mobile Park|Scheduled|852557
2027-05-23||TBD|TBD|true|R|Texas Rangers|Boston Red Sox|140|111|Fenway Park|Scheduled|854188
2027-05-23||TBD|TBD|true|R|Toronto Blue Jays|Cincinnati Reds|141|113|Great American Ball Park|Scheduled|853937
2027-05-23||TBD|TBD|true|R|Washington Nationals|Chicago Cubs|120|112|Wrigley Field|Scheduled|854099
2027-05-24||TBD|TBD|true|R|Arizona Diamondbacks|Los Angeles Dodgers|109|119|UNIQLO Field at Dodger Stadium|Scheduled|853357
2027-05-24||TBD|TBD|true|R|Athletics|Seattle Mariners|133|136|T-Mobile Park|Scheduled|852553
2027-05-24||TBD|TBD|true|R|Atlanta Braves|New York Mets|144|121|Citi Field|Scheduled|853042
2027-05-24||TBD|TBD|true|R|Chicago White Sox|Boston Red Sox|145|111|Fenway Park|Scheduled|854192
2027-05-24||TBD|TBD|true|R|Detroit Tigers|Miami Marlins|116|146|loanDepot park|Scheduled|853289
2027-05-24||TBD|TBD|true|R|Los Angeles Angels|Cleveland Guardians|108|114|Progressive Field|Scheduled|853861
2027-05-24||TBD|TBD|true|R|San Diego Padres|San Francisco Giants|135|137|Oracle Park|Scheduled|852643
2027-05-24||TBD|TBD|true|R|St. Louis Cardinals|Pittsburgh Pirates|138|134|PNC Park|Scheduled|852795
2027-05-24||TBD|TBD|true|R|Texas Rangers|Minnesota Twins|140|142|Target Field|Scheduled|853132
2027-05-25||TBD|TBD|true|R|Arizona Diamondbacks|Los Angeles Dodgers|109|119|UNIQLO Field at Dodger Stadium|Scheduled|853358
2027-05-25||TBD|TBD|true|R|Athletics|Seattle Mariners|133|136|T-Mobile Park|Scheduled|852554
2027-05-25||TBD|TBD|true|R|Atlanta Braves|New York Mets|144|121|Citi Field|Scheduled|853044
2027-05-25||TBD|TBD|true|R|Baltimore Orioles|Washington Nationals|110|120|Nationals Park|Scheduled|852157
2027-05-25||TBD|TBD|true|R|Chicago White Sox|Boston Red Sox|145|111|Fenway Park|Scheduled|854173
2027-05-25||TBD|TBD|true|R|Detroit Tigers|Miami Marlins|116|146|loanDepot park|Scheduled|853286
2027-05-25||TBD|TBD|true|R|Houston Astros|Colorado Rockies|117|115|Coors Field|Scheduled|853774
2027-05-25||TBD|TBD|true|R|Kansas City Royals|Chicago Cubs|118|112|Wrigley Field|Scheduled|854096
2027-05-25||TBD|TBD|true|R|Los Angeles Angels|Cleveland Guardians|108|114|Progressive Field|Scheduled|853856
2027-05-25||TBD|TBD|true|R|Milwaukee Brewers|Cincinnati Reds|158|113|Great American Ball Park|Scheduled|853938
2027-05-25||TBD|TBD|true|R|New York Yankees|Toronto Blue Jays|147|141|Rogers Centre|Scheduled|852234
2027-05-25||TBD|TBD|true|R|Philadelphia Phillies|Tampa Bay Rays|143|139|Tropicana Field|Scheduled|852409
2027-05-25||TBD|TBD|true|R|San Diego Padres|San Francisco Giants|135|137|Oracle Park|Scheduled|852644
2027-05-25||TBD|TBD|true|R|St. Louis Cardinals|Pittsburgh Pirates|138|134|PNC Park|Scheduled|852796
2027-05-25||TBD|TBD|true|R|Texas Rangers|Minnesota Twins|140|142|Target Field|Scheduled|853136
2027-05-26||TBD|TBD|true|R|Arizona Diamondbacks|Los Angeles Dodgers|109|119|UNIQLO Field at Dodger Stadium|Scheduled|853365
2027-05-26||TBD|TBD|true|R|Athletics|Seattle Mariners|133|136|T-Mobile Park|Scheduled|852559
2027-05-26||TBD|TBD|true|R|Atlanta Braves|New York Mets|144|121|Citi Field|Scheduled|853050
2027-05-26||TBD|TBD|true|R|Baltimore Orioles|Washington Nationals|110|120|Nationals Park|Scheduled|852156
2027-05-26||TBD|TBD|true|R|Chicago White Sox|Boston Red Sox|145|111|Fenway Park|Scheduled|854180
2027-05-26||TBD|TBD|true|R|Detroit Tigers|Miami Marlins|116|146|loanDepot park|Scheduled|853291
2027-05-26||TBD|TBD|true|R|Houston Astros|Colorado Rockies|117|115|Coors Field|Scheduled|853775
2027-05-26||TBD|TBD|true|R|Kansas City Royals|Chicago Cubs|118|112|Wrigley Field|Scheduled|854094
2027-05-26||TBD|TBD|true|R|Los Angeles Angels|Cleveland Guardians|108|114|Progressive Field|Scheduled|853854
2027-05-26||TBD|TBD|true|R|Milwaukee Brewers|Cincinnati Reds|158|113|Great American Ball Park|Scheduled|853941
2027-05-26||TBD|TBD|true|R|New York Yankees|Toronto Blue Jays|147|141|Rogers Centre|Scheduled|852235
2027-05-26||TBD|TBD|true|R|Philadelphia Phillies|Tampa Bay Rays|143|139|Tropicana Field|Scheduled|852407
2027-05-26||TBD|TBD|true|R|San Diego Padres|San Francisco Giants|135|137|Oracle Park|Scheduled|852641
2027-05-26||TBD|TBD|true|R|St. Louis Cardinals|Pittsburgh Pirates|138|134|PNC Park|Scheduled|852797
2027-05-26||TBD|TBD|true|R|Texas Rangers|Minnesota Twins|140|142|Target Field|Scheduled|853131
2027-05-27||TBD|TBD|true|R|Baltimore Orioles|Washington Nationals|110|120|Nationals Park|Scheduled|852159
2027-05-27||TBD|TBD|true|R|Houston Astros|Colorado Rockies|117|115|Coors Field|Scheduled|853776
2027-05-27||TBD|TBD|true|R|Kansas City Royals|Chicago Cubs|118|112|Wrigley Field|Scheduled|854093
2027-05-27||TBD|TBD|true|R|Milwaukee Brewers|Cincinnati Reds|158|113|Great American Ball Park|Scheduled|853933
2027-05-27||TBD|TBD|true|R|New York Yankees|Toronto Blue Jays|147|141|Rogers Centre|Scheduled|852245
2027-05-27||TBD|TBD|true|R|Philadelphia Phillies|Tampa Bay Rays|143|139|Tropicana Field|Scheduled|852391
2027-05-27||TBD|TBD|true|R|San Diego Padres|San Francisco Giants|135|137|Oracle Park|Scheduled|852639
2027-05-27||TBD|TBD|true|R|St. Louis Cardinals|Pittsburgh Pirates|138|134|PNC Park|Scheduled|852793
2027-05-28||TBD|TBD|true|R|Arizona Diamondbacks|Milwaukee Brewers|109|158|American Family Field|Scheduled|853205
2027-05-28||TBD|TBD|true|R|Athletics|Houston Astros|133|117|Daikin Park|Scheduled|853610
2027-05-28||TBD|TBD|true|R|Boston Red Sox|San Diego Padres|111|135|Petco Park|Scheduled|852715
2027-05-28||TBD|TBD|true|R|Chicago Cubs|St. Louis Cardinals|112|138|Busch Stadium|Scheduled|852477
2027-05-28||TBD|TBD|true|R|Cincinnati Reds|San Francisco Giants|113|137|Oracle Park|Scheduled|852645
2027-05-28||TBD|TBD|true|R|Cleveland Guardians|Tampa Bay Rays|114|139|Tropicana Field|Scheduled|852393
2027-05-28||TBD|TBD|true|R|Colorado Rockies|Baltimore Orioles|115|110|Oriole Park at Camden Yards|Scheduled|854248
2027-05-28||TBD|TBD|true|R|Kansas City Royals|Detroit Tigers|118|116|Comerica Park|Scheduled|853696
2027-05-28||TBD|TBD|true|R|Los Angeles Dodgers|Los Angeles Angels|119|108|Angel Stadium|Scheduled|853455
2027-05-28||TBD|TBD|true|R|Miami Marlins|Washington Nationals|146|120|Nationals Park|Scheduled|852152
2027-05-28||TBD|TBD|true|R|Minnesota Twins|Toronto Blue Jays|142|141|Rogers Centre|Scheduled|852241
2027-05-28||TBD|TBD|true|R|New York Yankees|New York Mets|147|121|Citi Field|Scheduled|853051
2027-05-28||TBD|TBD|true|R|Philadelphia Phillies|Texas Rangers|143|140|Globe Life Field|Scheduled|852309
2027-05-28||TBD|TBD|true|R|Pittsburgh Pirates|Atlanta Braves|134|144|Truist Park|Scheduled|854341
2027-05-28||TBD|TBD|true|R|Seattle Mariners|Chicago White Sox|136|145|Rate Field|Scheduled|854012
2027-05-29||TBD|TBD|true|R|Arizona Diamondbacks|Milwaukee Brewers|109|158|American Family Field|Scheduled|853202
2027-05-29||TBD|TBD|true|R|Athletics|Houston Astros|133|117|Daikin Park|Scheduled|853612
2027-05-29||TBD|TBD|true|R|Boston Red Sox|San Diego Padres|111|135|Petco Park|Scheduled|852725
2027-05-29||TBD|TBD|true|R|Chicago Cubs|St. Louis Cardinals|112|138|Busch Stadium|Scheduled|852474
2027-05-29||TBD|TBD|true|R|Cincinnati Reds|San Francisco Giants|113|137|Oracle Park|Scheduled|852642
2027-05-29||TBD|TBD|true|R|Cleveland Guardians|Tampa Bay Rays|114|139|Tropicana Field|Scheduled|852388
2027-05-29||TBD|TBD|true|R|Colorado Rockies|Baltimore Orioles|115|110|Oriole Park at Camden Yards|Scheduled|854259
2027-05-29||TBD|TBD|true|R|Kansas City Royals|Detroit Tigers|118|116|Comerica Park|Scheduled|853691
2027-05-29||TBD|TBD|true|R|Los Angeles Dodgers|Los Angeles Angels|119|108|Angel Stadium|Scheduled|853444
2027-05-29||TBD|TBD|true|R|Miami Marlins|Washington Nationals|146|120|Nationals Park|Scheduled|852164
2027-05-29||TBD|TBD|true|R|Minnesota Twins|Toronto Blue Jays|142|141|Rogers Centre|Scheduled|852242
2027-05-29||TBD|TBD|true|R|New York Yankees|New York Mets|147|121|Citi Field|Scheduled|853053
2027-05-29||TBD|TBD|true|R|Philadelphia Phillies|Texas Rangers|143|140|Globe Life Field|Scheduled|852303
2027-05-29||TBD|TBD|true|R|Pittsburgh Pirates|Atlanta Braves|134|144|Truist Park|Scheduled|854334
2027-05-29||TBD|TBD|true|R|Seattle Mariners|Chicago White Sox|136|145|Rate Field|Scheduled|854017
2027-05-30||TBD|TBD|true|R|Arizona Diamondbacks|Milwaukee Brewers|109|158|American Family Field|Scheduled|853207
2027-05-30||TBD|TBD|true|R|Athletics|Houston Astros|133|117|Daikin Park|Scheduled|853606
2027-05-30||TBD|TBD|true|R|Boston Red Sox|San Diego Padres|111|135|Petco Park|Scheduled|852727
2027-05-30||TBD|TBD|true|R|Chicago Cubs|St. Louis Cardinals|112|138|Busch Stadium|Scheduled|852473
2027-05-30||TBD|TBD|true|R|Cincinnati Reds|San Francisco Giants|113|137|Oracle Park|Scheduled|852646
2027-05-30||TBD|TBD|true|R|Cleveland Guardians|Tampa Bay Rays|114|139|Tropicana Field|Scheduled|852395
2027-05-30||TBD|TBD|true|R|Colorado Rockies|Baltimore Orioles|115|110|Oriole Park at Camden Yards|Scheduled|854249
2027-05-30||TBD|TBD|true|R|Kansas City Royals|Detroit Tigers|118|116|Comerica Park|Scheduled|853694
2027-05-30||TBD|TBD|true|R|Los Angeles Dodgers|Los Angeles Angels|119|108|Angel Stadium|Scheduled|853448
2027-05-30||TBD|TBD|true|R|Miami Marlins|Washington Nationals|146|120|Nationals Park|Scheduled|852144
2027-05-30||TBD|TBD|true|R|Minnesota Twins|Toronto Blue Jays|142|141|Rogers Centre|Scheduled|852236
2027-05-30||TBD|TBD|true|R|New York Yankees|New York Mets|147|121|Citi Field|Scheduled|853052
2027-05-30||TBD|TBD|true|R|Philadelphia Phillies|Texas Rangers|143|140|Globe Life Field|Scheduled|852306
2027-05-30||TBD|TBD|true|R|Pittsburgh Pirates|Atlanta Braves|134|144|Truist Park|Scheduled|854339
2027-05-30||TBD|TBD|true|R|Seattle Mariners|Chicago White Sox|136|145|Rate Field|Scheduled|854014
2027-05-31||TBD|TBD|true|R|Boston Red Sox|Los Angeles Angels|111|108|Angel Stadium|Scheduled|853438
2027-05-31||TBD|TBD|true|R|Chicago Cubs|Miami Marlins|112|146|loanDepot park|Scheduled|853276
2027-05-31||TBD|TBD|true|R|Cincinnati Reds|Arizona Diamondbacks|113|109|Chase Field|Scheduled|854504
2027-05-31||TBD|TBD|true|R|Cleveland Guardians|Texas Rangers|114|140|Globe Life Field|Scheduled|852302
2027-05-31||TBD|TBD|true|R|Colorado Rockies|Atlanta Braves|115|144|Truist Park|Scheduled|854333
2027-05-31||TBD|TBD|true|R|Kansas City Royals|New York Yankees|118|147|Yankee Stadium|Scheduled|852963
2027-05-31||TBD|TBD|true|R|Los Angeles Dodgers|Milwaukee Brewers|119|158|American Family Field|Scheduled|853204
2027-05-31||TBD|TBD|true|R|Minnesota Twins|Detroit Tigers|142|116|Comerica Park|Scheduled|853693
2027-05-31||TBD|TBD|true|R|New York Mets|Baltimore Orioles|121|110|Oriole Park at Camden Yards|Scheduled|854247
2027-05-31||TBD|TBD|true|R|Pittsburgh Pirates|St. Louis Cardinals|134|138|Busch Stadium|Scheduled|852480
2027-05-31||TBD|TBD|true|R|San Diego Padres|Athletics|135|133|Las Vegas Ballpark|Scheduled|854425
2027-05-31||TBD|TBD|true|R|Seattle Mariners|Houston Astros|136|117|Daikin Park|Scheduled|853603
2027-05-31||TBD|TBD|true|R|Tampa Bay Rays|Chicago White Sox|139|145|Rate Field|Scheduled|854020
2027-05-31||TBD|TBD|true|R|Toronto Blue Jays|Philadelphia Phillies|141|143|Citizens Bank Park|Scheduled|852874
2027-05-31||TBD|TBD|true|R|Washington Nationals|San Francisco Giants|120|137|Oracle Park|Scheduled|852637
2027-06-01||TBD|TBD|true|R|Boston Red Sox|Los Angeles Angels|111|108|Angel Stadium|Scheduled|853439
2027-06-01||TBD|TBD|true|R|Chicago Cubs|Miami Marlins|112|146|loanDepot park|Scheduled|853273
2027-06-01||TBD|TBD|true|R|Cincinnati Reds|Arizona Diamondbacks|113|109|Chase Field|Scheduled|854503
2027-06-01||TBD|TBD|true|R|Cleveland Guardians|Texas Rangers|114|140|Globe Life Field|Scheduled|852312
2027-06-01||TBD|TBD|true|R|Colorado Rockies|Atlanta Braves|115|144|Truist Park|Scheduled|854331
2027-06-01||TBD|TBD|true|R|Kansas City Royals|New York Yankees|118|147|Yankee Stadium|Scheduled|852968
2027-06-01||TBD|TBD|true|R|Los Angeles Dodgers|Milwaukee Brewers|119|158|American Family Field|Scheduled|853201
2027-06-01||TBD|TBD|true|R|Minnesota Twins|Detroit Tigers|142|116|Comerica Park|Scheduled|853683
2027-06-01||TBD|TBD|true|R|New York Mets|Baltimore Orioles|121|110|Oriole Park at Camden Yards|Scheduled|854258
2027-06-01||TBD|TBD|true|R|Pittsburgh Pirates|St. Louis Cardinals|134|138|Busch Stadium|Scheduled|852475
2027-06-01||TBD|TBD|true|R|San Diego Padres|Athletics|135|133|Las Vegas Ballpark|Scheduled|854424
2027-06-01||TBD|TBD|true|R|Seattle Mariners|Houston Astros|136|117|Daikin Park|Scheduled|853604
2027-06-01||TBD|TBD|true|R|Tampa Bay Rays|Chicago White Sox|139|145|Rate Field|Scheduled|854010
2027-06-01||TBD|TBD|true|R|Toronto Blue Jays|Philadelphia Phillies|141|143|Citizens Bank Park|Scheduled|852883
2027-06-01||TBD|TBD|true|R|Washington Nationals|San Francisco Giants|120|137|Oracle Park|Scheduled|852638
2027-06-02||TBD|TBD|true|R|Boston Red Sox|Los Angeles Angels|111|108|Angel Stadium|Scheduled|853440
2027-06-02||TBD|TBD|true|R|Chicago Cubs|Miami Marlins|112|146|loanDepot park|Scheduled|853274
2027-06-02||TBD|TBD|true|R|Cincinnati Reds|Arizona Diamondbacks|113|109|Chase Field|Scheduled|854502
2027-06-02||TBD|TBD|true|R|Cleveland Guardians|Texas Rangers|114|140|Globe Life Field|Scheduled|852305
2027-06-02||TBD|TBD|true|R|Colorado Rockies|Atlanta Braves|115|144|Truist Park|Scheduled|854332
2027-06-02||TBD|TBD|true|R|Kansas City Royals|New York Yankees|118|147|Yankee Stadium|Scheduled|852950
2027-06-02||TBD|TBD|true|R|Los Angeles Dodgers|Milwaukee Brewers|119|158|American Family Field|Scheduled|853199
2027-06-02||TBD|TBD|true|R|Minnesota Twins|Detroit Tigers|142|116|Comerica Park|Scheduled|853684
2027-06-02||TBD|TBD|true|R|New York Mets|Baltimore Orioles|121|110|Oriole Park at Camden Yards|Scheduled|854250
2027-06-02||TBD|TBD|true|R|Pittsburgh Pirates|St. Louis Cardinals|134|138|Busch Stadium|Scheduled|852469
2027-06-02||TBD|TBD|true|R|San Diego Padres|Athletics|135|133|Las Vegas Ballpark|Scheduled|854421
2027-06-02||TBD|TBD|true|R|Seattle Mariners|Houston Astros|136|117|Daikin Park|Scheduled|853601
2027-06-02||TBD|TBD|true|R|Tampa Bay Rays|Chicago White Sox|139|145|Rate Field|Scheduled|854013
2027-06-02||TBD|TBD|true|R|Toronto Blue Jays|Philadelphia Phillies|141|143|Citizens Bank Park|Scheduled|852885
2027-06-02||TBD|TBD|true|R|Washington Nationals|San Francisco Giants|120|137|Oracle Park|Scheduled|852640
2027-06-03||TBD|TBD|true|R|Cincinnati Reds|Athletics|113|133|Las Vegas Ballpark|Scheduled|854420
2027-06-03||TBD|TBD|true|R|Los Angeles Dodgers|Chicago Cubs|119|112|Wrigley Field|Scheduled|854092
2027-06-03||TBD|TBD|true|R|Miami Marlins|New York Mets|146|121|Citi Field|Scheduled|853048
2027-06-03||TBD|TBD|true|R|Seattle Mariners|Houston Astros|136|117|Daikin Park|Scheduled|853600
2027-06-04||TBD|TBD|true|R|Baltimore Orioles|Philadelphia Phillies|110|143|Citizens Bank Park|Scheduled|852881
2027-06-04||TBD|TBD|true|R|Chicago White Sox|Cleveland Guardians|145|114|Progressive Field|Scheduled|853852
2027-06-04||TBD|TBD|true|R|Cincinnati Reds|Athletics|113|133|Las Vegas Ballpark|Scheduled|854419
2027-06-04||TBD|TBD|true|R|Detroit Tigers|Kansas City Royals|116|118|Kauffman Stadium|Scheduled|853529
2027-06-04||TBD|TBD|true|R|Houston Astros|Tampa Bay Rays|117|139|Tropicana Field|Scheduled|852396
2027-06-04||TBD|TBD|true|R|Los Angeles Dodgers|Chicago Cubs|119|112|Wrigley Field|Scheduled|854101
2027-06-04||TBD|TBD|true|R|Miami Marlins|New York Mets|146|121|Citi Field|Scheduled|853046
2027-06-04||TBD|TBD|true|R|Milwaukee Brewers|San Diego Padres|158|135|Petco Park|Scheduled|852723
2027-06-04||TBD|TBD|true|R|Minnesota Twins|Atlanta Braves|142|144|Truist Park|Scheduled|854335
2027-06-04||TBD|TBD|true|R|New York Yankees|Boston Red Sox|147|111|Fenway Park|Scheduled|854171
2027-06-04||TBD|TBD|true|R|San Francisco Giants|Arizona Diamondbacks|137|109|Chase Field|Scheduled|854501
2027-06-04||TBD|TBD|true|R|St. Louis Cardinals|Colorado Rockies|138|115|Coors Field|Scheduled|853772
2027-06-04||TBD|TBD|true|R|Texas Rangers|Los Angeles Angels|140|108|Angel Stadium|Scheduled|853449
2027-06-04||TBD|TBD|true|R|Toronto Blue Jays|Pittsburgh Pirates|141|134|PNC Park|Scheduled|852798
2027-06-04||TBD|TBD|true|R|Washington Nationals|Seattle Mariners|120|136|T-Mobile Park|Scheduled|852556
2027-06-05||TBD|TBD|true|R|Baltimore Orioles|Philadelphia Phillies|110|143|Citizens Bank Park|Scheduled|852875
2027-06-05||TBD|TBD|true|R|Chicago White Sox|Cleveland Guardians|145|114|Progressive Field|Scheduled|853855
2027-06-05||TBD|TBD|true|R|Cincinnati Reds|Athletics|113|133|Las Vegas Ballpark|Scheduled|854417
2027-06-05||TBD|TBD|true|R|Detroit Tigers|Kansas City Royals|116|118|Kauffman Stadium|Scheduled|853526
2027-06-05||TBD|TBD|true|R|Houston Astros|Tampa Bay Rays|117|139|Tropicana Field|Scheduled|852392
2027-06-05||TBD|TBD|true|R|Los Angeles Dodgers|Chicago Cubs|119|112|Wrigley Field|Scheduled|854098
2027-06-05||TBD|TBD|true|R|Miami Marlins|New York Mets|146|121|Citi Field|Scheduled|853047
2027-06-05||TBD|TBD|true|R|Milwaukee Brewers|San Diego Padres|158|135|Petco Park|Scheduled|852712
2027-06-05||TBD|TBD|true|R|Minnesota Twins|Atlanta Braves|142|144|Truist Park|Scheduled|854342
2027-06-05||TBD|TBD|true|R|New York Yankees|Boston Red Sox|147|111|Fenway Park|Scheduled|854170
2027-06-05||TBD|TBD|true|R|San Francisco Giants|Arizona Diamondbacks|137|109|Chase Field|Scheduled|854499
2027-06-05||TBD|TBD|true|R|St. Louis Cardinals|Colorado Rockies|138|115|Coors Field|Scheduled|853770
2027-06-05||TBD|TBD|true|R|Texas Rangers|Los Angeles Angels|140|108|Angel Stadium|Scheduled|853446
2027-06-05||TBD|TBD|true|R|Toronto Blue Jays|Pittsburgh Pirates|141|134|PNC Park|Scheduled|852791
2027-06-05||TBD|TBD|true|R|Washington Nationals|Seattle Mariners|120|136|T-Mobile Park|Scheduled|852561
2027-06-06||TBD|TBD|true|R|Baltimore Orioles|Philadelphia Phillies|110|143|Citizens Bank Park|Scheduled|852878
2027-06-06||TBD|TBD|true|R|Chicago White Sox|Cleveland Guardians|145|114|Progressive Field|Scheduled|853853
2027-06-06||TBD|TBD|true|R|Detroit Tigers|Kansas City Royals|116|118|Kauffman Stadium|Scheduled|853525
2027-06-06||TBD|TBD|true|R|Houston Astros|Tampa Bay Rays|117|139|Tropicana Field|Scheduled|852390
2027-06-06||TBD|TBD|true|R|Los Angeles Dodgers|Chicago Cubs|119|112|Wrigley Field|Scheduled|854097
2027-06-06||TBD|TBD|true|R|Miami Marlins|New York Mets|146|121|Citi Field|Scheduled|853049
2027-06-06||TBD|TBD|true|R|Milwaukee Brewers|San Diego Padres|158|135|Petco Park|Scheduled|852711
2027-06-06||TBD|TBD|true|R|Minnesota Twins|Atlanta Braves|142|144|Truist Park|Scheduled|854337
2027-06-06||TBD|TBD|true|R|New York Yankees|Boston Red Sox|147|111|Fenway Park|Scheduled|854175
2027-06-06||TBD|TBD|true|R|San Francisco Giants|Arizona Diamondbacks|137|109|Chase Field|Scheduled|854487
2027-06-06||TBD|TBD|true|R|St. Louis Cardinals|Colorado Rockies|138|115|Coors Field|Scheduled|853771
2027-06-06||TBD|TBD|true|R|Texas Rangers|Los Angeles Angels|140|108|Angel Stadium|Scheduled|853447
2027-06-06||TBD|TBD|true|R|Toronto Blue Jays|Pittsburgh Pirates|141|134|PNC Park|Scheduled|852799
2027-06-06||TBD|TBD|true|R|Washington Nationals|Seattle Mariners|120|136|T-Mobile Park|Scheduled|852546
2027-06-07||TBD|TBD|true|R|Atlanta Braves|Colorado Rockies|144|115|Coors Field|Scheduled|853773
2027-06-07||TBD|TBD|true|R|Chicago Cubs|Cincinnati Reds|112|113|Great American Ball Park|Scheduled|853934
2027-06-07||TBD|TBD|true|R|Detroit Tigers|Cleveland Guardians|116|114|Progressive Field|Scheduled|853848
2027-06-07||TBD|TBD|true|R|Los Angeles Angels|Minnesota Twins|108|142|Target Field|Scheduled|853126
2027-06-07||TBD|TBD|true|R|Milwaukee Brewers|Los Angeles Dodgers|158|119|UNIQLO Field at Dodger Stadium|Scheduled|853355
2027-06-07||TBD|TBD|true|R|New York Mets|Kansas City Royals|121|118|Kauffman Stadium|Scheduled|853523
2027-06-07||TBD|TBD|true|R|New York Yankees|Boston Red Sox|147|111|Fenway Park|Scheduled|854177
2027-06-07||TBD|TBD|true|R|Philadelphia Phillies|Chicago White Sox|143|145|Rate Field|Scheduled|854011
2027-06-07||TBD|TBD|true|R|San Francisco Giants|San Diego Padres|137|135|Petco Park|Scheduled|852703
2027-06-07||TBD|TBD|true|R|St. Louis Cardinals|Seattle Mariners|138|136|T-Mobile Park|Scheduled|852543
2027-06-07||TBD|TBD|true|R|Texas Rangers|Athletics|140|133|Sutter Health Park|Scheduled|854427
2027-06-08||TBD|TBD|true|R|Arizona Diamondbacks|Toronto Blue Jays|109|141|Rogers Centre|Scheduled|852238
2027-06-08||TBD|TBD|true|R|Atlanta Braves|Colorado Rockies|144|115|Coors Field|Scheduled|853769
2027-06-08||TBD|TBD|true|R|Baltimore Orioles|New York Yankees|110|147|Yankee Stadium|Scheduled|852945
2027-06-08||TBD|TBD|true|R|Chicago Cubs|Cincinnati Reds|112|113|Great American Ball Park|Scheduled|853935
2027-06-08||TBD|TBD|true|R|Detroit Tigers|Cleveland Guardians|116|114|Progressive Field|Scheduled|853846
2027-06-08||TBD|TBD|true|R|Houston Astros|Pittsburgh Pirates|117|134|PNC Park|Scheduled|852789
2027-06-08||TBD|TBD|true|R|Los Angeles Angels|Minnesota Twins|108|142|Target Field|Scheduled|853118
2027-06-08||TBD|TBD|true|R|Miami Marlins|Boston Red Sox|146|111|Fenway Park|Scheduled|854172
2027-06-08||TBD|TBD|true|R|Milwaukee Brewers|Los Angeles Dodgers|158|119|UNIQLO Field at Dodger Stadium|Scheduled|853361
2027-06-08||TBD|TBD|true|R|New York Mets|Kansas City Royals|121|118|Kauffman Stadium|Scheduled|853530
2027-06-08||TBD|TBD|true|R|Philadelphia Phillies|Chicago White Sox|143|145|Rate Field|Scheduled|854018
2027-06-08||TBD|TBD|true|R|San Francisco Giants|San Diego Padres|137|135|Petco Park|Scheduled|852704
2027-06-08||TBD|TBD|true|R|St. Louis Cardinals|Seattle Mariners|138|136|T-Mobile Park|Scheduled|852544
2027-06-08||TBD|TBD|true|R|Tampa Bay Rays|Washington Nationals|139|120|Nationals Park|Scheduled|852142
2027-06-08||TBD|TBD|true|R|Texas Rangers|Athletics|140|133|Sutter Health Park|Scheduled|854416
2027-06-09||TBD|TBD|true|R|Arizona Diamondbacks|Toronto Blue Jays|109|141|Rogers Centre|Scheduled|852223
2027-06-09||TBD|TBD|true|R|Atlanta Braves|Colorado Rockies|144|115|Coors Field|Scheduled|853768
2027-06-09||TBD|TBD|true|R|Baltimore Orioles|New York Yankees|110|147|Yankee Stadium|Scheduled|852944
2027-06-09||TBD|TBD|true|R|Chicago Cubs|Cincinnati Reds|112|113|Great American Ball Park|Scheduled|853940
2027-06-09||TBD|TBD|true|R|Detroit Tigers|Cleveland Guardians|116|114|Progressive Field|Scheduled|853847
2027-06-09||TBD|TBD|true|R|Houston Astros|Pittsburgh Pirates|117|134|PNC Park|Scheduled|852787
2027-06-09||TBD|TBD|true|R|Los Angeles Angels|Minnesota Twins|108|142|Target Field|Scheduled|853116
2027-06-09||TBD|TBD|true|R|Miami Marlins|Boston Red Sox|146|111|Fenway Park|Scheduled|854168
2027-06-09||TBD|TBD|true|R|Milwaukee Brewers|Los Angeles Dodgers|158|119|UNIQLO Field at Dodger Stadium|Scheduled|853359
2027-06-09||TBD|TBD|true|R|New York Mets|Kansas City Royals|121|118|Kauffman Stadium|Scheduled|853531
2027-06-09||TBD|TBD|true|R|Philadelphia Phillies|Chicago White Sox|143|145|Rate Field|Scheduled|854019
2027-06-09||TBD|TBD|true|R|San Francisco Giants|San Diego Padres|137|135|Petco Park|Scheduled|852708
2027-06-09||TBD|TBD|true|R|St. Louis Cardinals|Seattle Mariners|138|136|T-Mobile Park|Scheduled|852545
2027-06-09||TBD|TBD|true|R|Tampa Bay Rays|Washington Nationals|139|120|Nationals Park|Scheduled|852145
2027-06-09||TBD|TBD|true|R|Texas Rangers|Athletics|140|133|Sutter Health Park|Scheduled|854413
2027-06-10||TBD|TBD|true|R|Arizona Diamondbacks|Toronto Blue Jays|109|141|Rogers Centre|Scheduled|852221
2027-06-10||TBD|TBD|true|R|Baltimore Orioles|New York Yankees|110|147|Yankee Stadium|Scheduled|852946
2027-06-10||TBD|TBD|true|R|Chicago White Sox|Minnesota Twins|145|142|Target Field|Scheduled|853122
2027-06-10||TBD|TBD|true|R|Detroit Tigers|Cleveland Guardians|116|114|Progressive Field|Scheduled|853849
2027-06-10||TBD|TBD|true|R|Houston Astros|Pittsburgh Pirates|117|134|PNC Park|Scheduled|852790
2027-06-10||TBD|TBD|true|R|Miami Marlins|Boston Red Sox|146|111|Fenway Park|Scheduled|854169
2027-06-10||TBD|TBD|true|R|Tampa Bay Rays|Washington Nationals|139|120|Nationals Park|Scheduled|852151
2027-06-11||TBD|TBD|true|R|Arizona Diamondbacks|Washington Nationals|109|120|Nationals Park|Scheduled|852141
2027-06-11||TBD|TBD|true|R|Atlanta Braves|Athletics|144|133|Sutter Health Park|Scheduled|854410
2027-06-11||TBD|TBD|true|R|Boston Red Sox|New York Yankees|111|147|Yankee Stadium|Scheduled|852954
2027-06-11||TBD|TBD|true|R|Chicago White Sox|Minnesota Twins|145|142|Target Field|Scheduled|853112
2027-06-11||TBD|TBD|true|R|Cleveland Guardians|Kansas City Royals|114|118|Kauffman Stadium|Scheduled|853521
2027-06-11||TBD|TBD|true|R|Colorado Rockies|Chicago Cubs|115|112|Wrigley Field|Scheduled|854086
2027-06-11||TBD|TBD|true|R|Houston Astros|Detroit Tigers|117|116|Comerica Park|Scheduled|853686
2027-06-11||TBD|TBD|true|R|Los Angeles Angels|Texas Rangers|108|140|Globe Life Field|Scheduled|852307
2027-06-11||TBD|TBD|true|R|New York Mets|San Francisco Giants|121|137|Oracle Park|Scheduled|852622
2027-06-11||TBD|TBD|true|R|Philadelphia Phillies|Toronto Blue Jays|143|141|Rogers Centre|Scheduled|852228
2027-06-11||TBD|TBD|true|R|Pittsburgh Pirates|Los Angeles Dodgers|134|119|UNIQLO Field at Dodger Stadium|Scheduled|853356
2027-06-11||TBD|TBD|true|R|San Diego Padres|Miami Marlins|135|146|loanDepot park|Scheduled|853278
2027-06-11||TBD|TBD|true|R|Seattle Mariners|Cincinnati Reds|136|113|Great American Ball Park|Scheduled|853939
2027-06-11||TBD|TBD|true|R|St. Louis Cardinals|Milwaukee Brewers|138|158|American Family Field|Scheduled|853198
2027-06-11||TBD|TBD|true|R|Tampa Bay Rays|Baltimore Orioles|139|110|Oriole Park at Camden Yards|Scheduled|854256
2027-06-12||TBD|TBD|true|R|Arizona Diamondbacks|Washington Nationals|109|120|Nationals Park|Scheduled|852143
2027-06-12||TBD|TBD|true|R|Atlanta Braves|Athletics|144|133|Sutter Health Park|Scheduled|854406
2027-06-12||TBD|TBD|true|R|Boston Red Sox|New York Yankees|111|147|Yankee Stadium|Scheduled|852953
2027-06-12||TBD|TBD|true|R|Chicago White Sox|Minnesota Twins|145|142|Target Field|Scheduled|853119
2027-06-12||TBD|TBD|true|R|Cleveland Guardians|Kansas City Royals|114|118|Kauffman Stadium|Scheduled|853520
2027-06-12||TBD|TBD|true|R|Colorado Rockies|Chicago Cubs|115|112|Wrigley Field|Scheduled|854083
2027-06-12||TBD|TBD|true|R|Houston Astros|Detroit Tigers|117|116|Comerica Park|Scheduled|853689
2027-06-12||TBD|TBD|true|R|Los Angeles Angels|Texas Rangers|108|140|Globe Life Field|Scheduled|852304
2027-06-12||TBD|TBD|true|R|New York Mets|San Francisco Giants|121|137|Oracle Park|Scheduled|852619
2027-06-12||TBD|TBD|true|R|Philadelphia Phillies|Toronto Blue Jays|143|141|Rogers Centre|Scheduled|852229
2027-06-12||TBD|TBD|true|R|Pittsburgh Pirates|Los Angeles Dodgers|134|119|UNIQLO Field at Dodger Stadium|Scheduled|853362
2027-06-12||TBD|TBD|true|R|San Diego Padres|Miami Marlins|135|146|loanDepot park|Scheduled|853282
2027-06-12||TBD|TBD|true|R|Seattle Mariners|Cincinnati Reds|136|113|Great American Ball Park|Scheduled|853932
2027-06-12||TBD|TBD|true|R|St. Louis Cardinals|Milwaukee Brewers|138|158|American Family Field|Scheduled|853200
2027-06-12||TBD|TBD|true|R|Tampa Bay Rays|Baltimore Orioles|139|110|Oriole Park at Camden Yards|Scheduled|854254
2027-06-13||TBD|TBD|true|R|Arizona Diamondbacks|Washington Nationals|109|120|Nationals Park|Scheduled|852150
2027-06-13||TBD|TBD|true|R|Atlanta Braves|Athletics|144|133|Sutter Health Park|Scheduled|854414
2027-06-13||TBD|TBD|true|R|Boston Red Sox|New York Yankees|111|147|Yankee Stadium|Scheduled|852952
2027-06-13||TBD|TBD|true|R|Chicago White Sox|Minnesota Twins|145|142|Target Field|Scheduled|853113
2027-06-13||TBD|TBD|true|R|Cleveland Guardians|Kansas City Royals|114|118|Kauffman Stadium|Scheduled|853528
2027-06-13||TBD|TBD|true|R|Colorado Rockies|Chicago Cubs|115|112|Wrigley Field|Scheduled|854084
2027-06-13||TBD|TBD|true|R|Houston Astros|Detroit Tigers|117|116|Comerica Park|Scheduled|853685
2027-06-13||TBD|TBD|true|R|Los Angeles Angels|Texas Rangers|108|140|Globe Life Field|Scheduled|852310
2027-06-13||TBD|TBD|true|R|New York Mets|San Francisco Giants|121|137|Oracle Park|Scheduled|852630
2027-06-13||TBD|TBD|true|R|Philadelphia Phillies|Toronto Blue Jays|143|141|Rogers Centre|Scheduled|852220
2027-06-13||TBD|TBD|true|R|Pittsburgh Pirates|Los Angeles Dodgers|134|119|UNIQLO Field at Dodger Stadium|Scheduled|853366
2027-06-13||TBD|TBD|true|R|San Diego Padres|Miami Marlins|135|146|loanDepot park|Scheduled|853284
2027-06-13||TBD|TBD|true|R|Seattle Mariners|Cincinnati Reds|136|113|Great American Ball Park|Scheduled|853918
2027-06-13||TBD|TBD|true|R|St. Louis Cardinals|Milwaukee Brewers|138|158|American Family Field|Scheduled|853196
2027-06-13||TBD|TBD|true|R|Tampa Bay Rays|Baltimore Orioles|139|110|Oriole Park at Camden Yards|Scheduled|854251
2027-06-14||TBD|TBD|true|R|Atlanta Braves|Arizona Diamondbacks|144|109|Chase Field|Scheduled|854488
2027-06-14||TBD|TBD|true|R|Chicago White Sox|Houston Astros|145|117|Daikin Park|Scheduled|853602
2027-06-14||TBD|TBD|true|R|Cincinnati Reds|Chicago Cubs|113|112|Wrigley Field|Scheduled|854085
2027-06-14||TBD|TBD|true|R|Colorado Rockies|Texas Rangers|115|140|Globe Life Field|Scheduled|852314
2027-06-14||TBD|TBD|true|R|Kansas City Royals|Milwaukee Brewers|118|158|American Family Field|Scheduled|853203
2027-06-14||TBD|TBD|true|R|Los Angeles Dodgers|San Francisco Giants|119|137|Oracle Park|Scheduled|852627
2027-06-14||TBD|TBD|true|R|Minnesota Twins|Philadelphia Phillies|142|143|Citizens Bank Park|Scheduled|852880
2027-06-14||TBD|TBD|true|R|Pittsburgh Pirates|Los Angeles Angels|134|108|Angel Stadium|Scheduled|853451
2027-06-14||TBD|TBD|true|R|Seattle Mariners|Detroit Tigers|136|116|Comerica Park|Scheduled|853687
2027-06-14||TBD|TBD|true|R|Tampa Bay Rays|Baltimore Orioles|139|110|Oriole Park at Camden Yards|Scheduled|854257
2027-06-14||TBD|TBD|true|R|Toronto Blue Jays|Miami Marlins|141|146|loanDepot park|Scheduled|853280
2027-06-14||TBD|TBD|true|R|Washington Nationals|St. Louis Cardinals|120|138|Busch Stadium|Scheduled|852472
2027-06-15||TBD|TBD|true|R|Athletics|Boston Red Sox|133|111|Fenway Park|Scheduled|854178
2027-06-15||TBD|TBD|true|R|Atlanta Braves|Arizona Diamondbacks|144|109|Chase Field|Scheduled|854489
2027-06-15||TBD|TBD|true|R|Chicago White Sox|Houston Astros|145|117|Daikin Park|Scheduled|853607
2027-06-15||TBD|TBD|true|R|Cincinnati Reds|Chicago Cubs|113|112|Wrigley Field|Scheduled|854090
2027-06-15||TBD|TBD|true|R|Cleveland Guardians|Baltimore Orioles|114|110|Oriole Park at Camden Yards|Scheduled|854252
2027-06-15||TBD|TBD|true|R|Colorado Rockies|Texas Rangers|115|140|Globe Life Field|Scheduled|852315
2027-06-15||TBD|TBD|true|R|Kansas City Royals|Milwaukee Brewers|118|158|American Family Field|Scheduled|853208
2027-06-15||TBD|TBD|true|R|Los Angeles Dodgers|San Francisco Giants|119|137|Oracle Park|Scheduled|852620
2027-06-15||TBD|TBD|true|R|Minnesota Twins|Philadelphia Phillies|142|143|Citizens Bank Park|Scheduled|852876
2027-06-15||TBD|TBD|true|R|New York Yankees|Tampa Bay Rays|147|139|Tropicana Field|Scheduled|852386
2027-06-15||TBD|TBD|true|R|Pittsburgh Pirates|Los Angeles Angels|134|108|Angel Stadium|Scheduled|853445
2027-06-15||TBD|TBD|true|R|San Diego Padres|New York Mets|135|121|Citi Field|Scheduled|853033
2027-06-15||TBD|TBD|true|R|Seattle Mariners|Detroit Tigers|136|116|Comerica Park|Scheduled|853688
2027-06-15||TBD|TBD|true|R|Toronto Blue Jays|Miami Marlins|141|146|loanDepot park|Scheduled|853281
2027-06-15||TBD|TBD|true|R|Washington Nationals|St. Louis Cardinals|120|138|Busch Stadium|Scheduled|852471
2027-06-16||TBD|TBD|true|R|Athletics|Boston Red Sox|133|111|Fenway Park|Scheduled|854174
2027-06-16||TBD|TBD|true|R|Atlanta Braves|Arizona Diamondbacks|144|109|Chase Field|Scheduled|854490
2027-06-16||TBD|TBD|true|R|Chicago White Sox|Houston Astros|145|117|Daikin Park|Scheduled|853608
2027-06-16||TBD|TBD|true|R|Cincinnati Reds|Chicago Cubs|113|112|Wrigley Field|Scheduled|854080
2027-06-16||TBD|TBD|true|R|Cleveland Guardians|Baltimore Orioles|114|110|Oriole Park at Camden Yards|Scheduled|854253
2027-06-16||TBD|TBD|true|R|Colorado Rockies|Texas Rangers|115|140|Globe Life Field|Scheduled|852308
2027-06-16||TBD|TBD|true|R|Kansas City Royals|Milwaukee Brewers|118|158|American Family Field|Scheduled|853187
2027-06-16||TBD|TBD|true|R|Los Angeles Dodgers|San Francisco Giants|119|137|Oracle Park|Scheduled|852623
2027-06-16||TBD|TBD|true|R|Minnesota Twins|Philadelphia Phillies|142|143|Citizens Bank Park|Scheduled|852884
2027-06-16||TBD|TBD|true|R|New York Yankees|Tampa Bay Rays|147|139|Tropicana Field|Scheduled|852385
2027-06-16||TBD|TBD|true|R|Pittsburgh Pirates|Los Angeles Angels|134|108|Angel Stadium|Scheduled|853441
2027-06-16||TBD|TBD|true|R|San Diego Padres|New York Mets|135|121|Citi Field|Scheduled|853029
2027-06-16||TBD|TBD|true|R|Seattle Mariners|Detroit Tigers|136|116|Comerica Park|Scheduled|853681
2027-06-16||TBD|TBD|true|R|Toronto Blue Jays|Miami Marlins|141|146|loanDepot park|Scheduled|853275
2027-06-16||TBD|TBD|true|R|Washington Nationals|St. Louis Cardinals|120|138|Busch Stadium|Scheduled|852478
2027-06-17||TBD|TBD|true|R|Athletics|Boston Red Sox|133|111|Fenway Park|Scheduled|854179
2027-06-17||TBD|TBD|true|R|Cleveland Guardians|Baltimore Orioles|114|110|Oriole Park at Camden Yards|Scheduled|854255
2027-06-17||TBD|TBD|true|R|Los Angeles Angels|Seattle Mariners|108|136|T-Mobile Park|Scheduled|852541
2027-06-17||TBD|TBD|true|R|New York Yankees|Tampa Bay Rays|147|139|Tropicana Field|Scheduled|852387
2027-06-17||TBD|TBD|true|R|San Diego Padres|New York Mets|135|121|Citi Field|Scheduled|853026
2027-06-17||TBD|TBD|true|R|Washington Nationals|St. Louis Cardinals|120|138|Busch Stadium|Scheduled|852479
2027-06-18||TBD|TBD|true|R|Athletics|Cleveland Guardians|133|114|Progressive Field|Scheduled|853851
2027-06-18||TBD|TBD|true|R|Baltimore Orioles|Texas Rangers|110|140|Globe Life Field|Scheduled|852301
2027-06-18||TBD|TBD|true|R|Boston Red Sox|Arizona Diamondbacks|111|109|Chase Field|Scheduled|854491
2027-06-18||TBD|TBD|true|R|Chicago Cubs|Colorado Rockies|112|115|Coors Field|Scheduled|853767
2027-06-18||TBD|TBD|true|R|Cincinnati Reds|St. Louis Cardinals|113|138|Busch Stadium|Scheduled|852481
2027-06-18||TBD|TBD|true|R|Kansas City Royals|Houston Astros|118|117|Daikin Park|Scheduled|853609
2027-06-18||TBD|TBD|true|R|Los Angeles Angels|Seattle Mariners|108|136|T-Mobile Park|Scheduled|852547
2027-06-18||TBD|TBD|true|R|Miami Marlins|Los Angeles Dodgers|146|119|UNIQLO Field at Dodger Stadium|Scheduled|853368
2027-06-18||TBD|TBD|true|R|Milwaukee Brewers|Tampa Bay Rays|158|139|Tropicana Field|Scheduled|852389
2027-06-18||TBD|TBD|true|R|Minnesota Twins|Chicago White Sox|142|145|Rate Field|Scheduled|854016
2027-06-18||TBD|TBD|true|R|New York Yankees|Atlanta Braves|147|144|Truist Park|Scheduled|854340
2027-06-18||TBD|TBD|true|R|Pittsburgh Pirates|San Diego Padres|134|135|Petco Park|Scheduled|852714
2027-06-18||TBD|TBD|true|R|San Francisco Giants|Philadelphia Phillies|137|143|Citizens Bank Park|Scheduled|852858
2027-06-18||TBD|TBD|true|R|Toronto Blue Jays|Detroit Tigers|141|116|Comerica Park|Scheduled|853680
2027-06-18||TBD|TBD|true|R|Washington Nationals|New York Mets|120|121|Citi Field|Scheduled|853038
2027-06-19||TBD|TBD|true|R|Athletics|Cleveland Guardians|133|114|Progressive Field|Scheduled|853850
2027-06-19||TBD|TBD|true|R|Baltimore Orioles|Texas Rangers|110|140|Globe Life Field|Scheduled|852311
2027-06-19||TBD|TBD|true|R|Boston Red Sox|Arizona Diamondbacks|111|109|Chase Field|Scheduled|854492
2027-06-19||TBD|TBD|true|R|Chicago Cubs|Colorado Rockies|112|115|Coors Field|Scheduled|853765
2027-06-19||TBD|TBD|true|R|Cincinnati Reds|St. Louis Cardinals|113|138|Busch Stadium|Scheduled|852465
2027-06-19||TBD|TBD|true|R|Kansas City Royals|Houston Astros|118|117|Daikin Park|Scheduled|853605
2027-06-19||TBD|TBD|true|R|Los Angeles Angels|Seattle Mariners|108|136|T-Mobile Park|Scheduled|852542
2027-06-19||TBD|TBD|true|R|Miami Marlins|Los Angeles Dodgers|146|119|UNIQLO Field at Dodger Stadium|Scheduled|853363
2027-06-19||TBD|TBD|true|R|Milwaukee Brewers|Tampa Bay Rays|158|139|Tropicana Field|Scheduled|852383
2027-06-19||TBD|TBD|true|R|Minnesota Twins|Chicago White Sox|142|145|Rate Field|Scheduled|854004
2027-06-19||TBD|TBD|true|R|New York Yankees|Atlanta Braves|147|144|Truist Park|Scheduled|854338
2027-06-19||TBD|TBD|true|R|Pittsburgh Pirates|San Diego Padres|134|135|Petco Park|Scheduled|852709
2027-06-19||TBD|TBD|true|R|San Francisco Giants|Philadelphia Phillies|137|143|Citizens Bank Park|Scheduled|852861
2027-06-19||TBD|TBD|true|R|Toronto Blue Jays|Detroit Tigers|141|116|Comerica Park|Scheduled|853682
2027-06-19||TBD|TBD|true|R|Washington Nationals|New York Mets|120|121|Citi Field|Scheduled|853027
2027-06-20||TBD|TBD|true|R|Athletics|Cleveland Guardians|133|114|Progressive Field|Scheduled|853842
2027-06-20||TBD|TBD|true|R|Baltimore Orioles|Texas Rangers|110|140|Globe Life Field|Scheduled|852313
2027-06-20||TBD|TBD|true|R|Boston Red Sox|Arizona Diamondbacks|111|109|Chase Field|Scheduled|854493
2027-06-20||TBD|TBD|true|R|Chicago Cubs|Colorado Rockies|112|115|Coors Field|Scheduled|853766
2027-06-20||TBD|TBD|true|R|Cincinnati Reds|St. Louis Cardinals|113|138|Busch Stadium|Scheduled|852464
2027-06-20||TBD|TBD|true|R|Kansas City Royals|Houston Astros|118|117|Daikin Park|Scheduled|853611
2027-06-20||TBD|TBD|true|R|Los Angeles Angels|Seattle Mariners|108|136|T-Mobile Park|Scheduled|852552
2027-06-20||TBD|TBD|true|R|Miami Marlins|Los Angeles Dodgers|146|119|UNIQLO Field at Dodger Stadium|Scheduled|853367
2027-06-20||TBD|TBD|true|R|Milwaukee Brewers|Tampa Bay Rays|158|139|Tropicana Field|Scheduled|852384
2027-06-20||TBD|TBD|true|R|Minnesota Twins|Chicago White Sox|142|145|Rate Field|Scheduled|854007
2027-06-20||TBD|TBD|true|R|New York Yankees|Atlanta Braves|147|144|Truist Park|Scheduled|854336
2027-06-20||TBD|TBD|true|R|Pittsburgh Pirates|San Diego Padres|134|135|Petco Park|Scheduled|852705
2027-06-20||TBD|TBD|true|R|San Francisco Giants|Philadelphia Phillies|137|143|Citizens Bank Park|Scheduled|852866
2027-06-20||TBD|TBD|true|R|Toronto Blue Jays|Detroit Tigers|141|116|Comerica Park|Scheduled|853679
2027-06-20||TBD|TBD|true|R|Washington Nationals|New York Mets|120|121|Citi Field|Scheduled|853036
2027-06-21||TBD|TBD|true|R|Arizona Diamondbacks|Colorado Rockies|109|115|Coors Field|Scheduled|853764
2027-06-21||TBD|TBD|true|R|Baltimore Orioles|Kansas City Royals|110|118|Kauffman Stadium|Scheduled|853515
2027-06-21||TBD|TBD|true|R|Boston Red Sox|Athletics|111|133|Sutter Health Park|Scheduled|854407
2027-06-21||TBD|TBD|true|R|Chicago Cubs|San Diego Padres|112|135|Petco Park|Scheduled|852707
2027-06-21||TBD|TBD|true|R|Cincinnati Reds|Los Angeles Angels|113|108|Angel Stadium|Scheduled|853442
2027-06-21||TBD|TBD|true|R|Houston Astros|Cleveland Guardians|117|114|Progressive Field|Scheduled|853844
2027-06-21||TBD|TBD|true|R|Miami Marlins|Seattle Mariners|146|136|T-Mobile Park|Scheduled|852550
2027-06-21||TBD|TBD|true|R|Milwaukee Brewers|New York Mets|158|121|Citi Field|Scheduled|853039
2027-06-21||TBD|TBD|true|R|New York Yankees|Minnesota Twins|147|142|Target Field|Scheduled|853121
2027-06-21||TBD|TBD|true|R|Philadelphia Phillies|Atlanta Braves|143|144|Truist Park|Scheduled|854322
2027-06-21||TBD|TBD|true|R|San Francisco Giants|Toronto Blue Jays|137|141|Rogers Centre|Scheduled|852231
2027-06-21||TBD|TBD|true|R|Texas Rangers|Chicago White Sox|140|145|Rate Field|Scheduled|853999
2027-06-22||TBD|TBD|true|R|Arizona Diamondbacks|Colorado Rockies|109|115|Coors Field|Scheduled|853763
2027-06-22||TBD|TBD|true|R|Baltimore Orioles|Kansas City Royals|110|118|Kauffman Stadium|Scheduled|853510
2027-06-22||TBD|TBD|true|R|Boston Red Sox|Athletics|111|133|Sutter Health Park|Scheduled|854409
2027-06-22||TBD|TBD|true|R|Chicago Cubs|San Diego Padres|112|135|Petco Park|Scheduled|852713
2027-06-22||TBD|TBD|true|R|Chicago Cubs|San Diego Padres|112|135|Petco Park|Scheduled|852702
2027-06-22||TBD|TBD|true|R|Cincinnati Reds|Los Angeles Angels|113|108|Angel Stadium|Scheduled|853443
2027-06-22||TBD|TBD|true|R|Detroit Tigers|Pittsburgh Pirates|116|134|PNC Park|Scheduled|852794
2027-06-22||TBD|TBD|true|R|Houston Astros|Cleveland Guardians|117|114|Progressive Field|Scheduled|853845
2027-06-22||TBD|TBD|true|R|Los Angeles Dodgers|Tampa Bay Rays|119|139|Tropicana Field|Scheduled|852394
2027-06-22||TBD|TBD|true|R|Miami Marlins|Seattle Mariners|146|136|T-Mobile Park|Scheduled|852549
2027-06-22||TBD|TBD|true|R|Milwaukee Brewers|New York Mets|158|121|Citi Field|Scheduled|853031
2027-06-22||TBD|TBD|true|R|New York Yankees|Minnesota Twins|147|142|Target Field|Scheduled|853124
2027-06-22||TBD|TBD|true|R|Philadelphia Phillies|Atlanta Braves|143|144|Truist Park|Scheduled|854326
2027-06-22||TBD|TBD|true|R|San Francisco Giants|Toronto Blue Jays|137|141|Rogers Centre|Scheduled|852225
2027-06-22||TBD|TBD|true|R|St. Louis Cardinals|Washington Nationals|138|120|Nationals Park|Scheduled|852149
2027-06-22||TBD|TBD|true|R|Texas Rangers|Chicago White Sox|140|145|Rate Field|Scheduled|854006
2027-06-23||TBD|TBD|true|R|Arizona Diamondbacks|Colorado Rockies|109|115|Coors Field|Scheduled|853762
2027-06-23||TBD|TBD|true|R|Baltimore Orioles|Kansas City Royals|110|118|Kauffman Stadium|Scheduled|853517
2027-06-23||TBD|TBD|true|R|Boston Red Sox|Athletics|111|133|Sutter Health Park|Scheduled|854408
2027-06-23||TBD|TBD|true|R|Cincinnati Reds|Los Angeles Angels|113|108|Angel Stadium|Scheduled|853450
2027-06-23||TBD|TBD|true|R|Detroit Tigers|Pittsburgh Pirates|116|134|PNC Park|Scheduled|852788
2027-06-23||TBD|TBD|true|R|Houston Astros|Cleveland Guardians|117|114|Progressive Field|Scheduled|853841
2027-06-23||TBD|TBD|true|R|Los Angeles Dodgers|Tampa Bay Rays|119|139|Tropicana Field|Scheduled|852368
2027-06-23||TBD|TBD|true|R|Miami Marlins|Seattle Mariners|146|136|T-Mobile Park|Scheduled|852548
2027-06-23||TBD|TBD|true|R|Milwaukee Brewers|New York Mets|158|121|Citi Field|Scheduled|853032
2027-06-23||TBD|TBD|true|R|New York Yankees|Minnesota Twins|147|142|Target Field|Scheduled|853117
2027-06-23||TBD|TBD|true|R|Philadelphia Phillies|Atlanta Braves|143|144|Truist Park|Scheduled|854321
2027-06-23||TBD|TBD|true|R|San Francisco Giants|Toronto Blue Jays|137|141|Rogers Centre|Scheduled|852226
2027-06-23||TBD|TBD|true|R|St. Louis Cardinals|Washington Nationals|138|120|Nationals Park|Scheduled|852146
2027-06-23||TBD|TBD|true|R|Texas Rangers|Chicago White Sox|140|145|Rate Field|Scheduled|854005
2027-06-24||TBD|TBD|true|R|Chicago Cubs|San Francisco Giants|112|137|Oracle Park|Scheduled|852621
2027-06-24||TBD|TBD|true|R|Cleveland Guardians|Minnesota Twins|114|142|Target Field|Scheduled|853120
2027-06-24||TBD|TBD|true|R|Detroit Tigers|Pittsburgh Pirates|116|134|PNC Park|Scheduled|852800
2027-06-24||TBD|TBD|true|R|Kansas City Royals|Chicago White Sox|118|145|Rate Field|Scheduled|853996
2027-06-24||TBD|TBD|true|R|Los Angeles Dodgers|Tampa Bay Rays|119|139|Tropicana Field|Scheduled|852372
2027-06-24||TBD|TBD|true|R|Philadelphia Phillies|Atlanta Braves|143|144|Truist Park|Scheduled|854320
2027-06-24||TBD|TBD|true|R|St. Louis Cardinals|Washington Nationals|138|120|Nationals Park|Scheduled|852147
2027-06-25||TBD|TBD|true|R|Arizona Diamondbacks|Athletics|109|133|Sutter Health Park|Scheduled|854412
2027-06-25||TBD|TBD|true|R|Atlanta Braves|Cincinnati Reds|144|113|Great American Ball Park|Scheduled|853923
2027-06-25||TBD|TBD|true|R|Chicago Cubs|San Francisco Giants|112|137|Oracle Park|Scheduled|852628
2027-06-25||TBD|TBD|true|R|Cleveland Guardians|Minnesota Twins|114|142|Target Field|Scheduled|853111
2027-06-25||TBD|TBD|true|R|Colorado Rockies|Boston Red Sox|115|111|Fenway Park|Scheduled|854176
2027-06-25||TBD|TBD|true|R|Detroit Tigers|New York Yankees|116|147|Yankee Stadium|Scheduled|852957
2027-06-25||TBD|TBD|true|R|Kansas City Royals|Chicago White Sox|118|145|Rate Field|Scheduled|853997
2027-06-25||TBD|TBD|true|R|Los Angeles Dodgers|Miami Marlins|119|146|loanDepot park|Scheduled|853283
2027-06-25||TBD|TBD|true|R|New York Mets|St. Louis Cardinals|121|138|Busch Stadium|Scheduled|852456
2027-06-25||TBD|TBD|true|R|Philadelphia Phillies|Pittsburgh Pirates|143|134|PNC Park|Scheduled|852792
2027-06-25||TBD|TBD|true|R|San Diego Padres|Toronto Blue Jays|135|141|Rogers Centre|Scheduled|852227
2027-06-25||TBD|TBD|true|R|Seattle Mariners|Houston Astros|136|117|Daikin Park|Scheduled|853592
2027-06-25||TBD|TBD|true|R|Tampa Bay Rays|Los Angeles Angels|139|108|Angel Stadium|Scheduled|853430
2027-06-25||TBD|TBD|true|R|Texas Rangers|Baltimore Orioles|140|110|Oriole Park at Camden Yards|Scheduled|854238
2027-06-25||TBD|TBD|true|R|Washington Nationals|Milwaukee Brewers|120|158|American Family Field|Scheduled|853185
2027-06-26||TBD|TBD|true|R|Arizona Diamondbacks|Athletics|109|133|Sutter Health Park|Scheduled|854405
2027-06-26||TBD|TBD|true|R|Atlanta Braves|Cincinnati Reds|144|113|Great American Ball Park|Scheduled|853917
2027-06-26||TBD|TBD|true|R|Chicago Cubs|San Francisco Giants|112|137|Oracle Park|Scheduled|852624
2027-06-26||TBD|TBD|true|R|Cleveland Guardians|Minnesota Twins|114|142|Target Field|Scheduled|853123
2027-06-26||TBD|TBD|true|R|Colorado Rockies|Boston Red Sox|115|111|Fenway Park|Scheduled|854161
2027-06-26||TBD|TBD|true|R|Detroit Tigers|New York Yankees|116|147|Yankee Stadium|Scheduled|852956
2027-06-26||TBD|TBD|true|R|Kansas City Royals|Chicago White Sox|118|145|Rate Field|Scheduled|854000
2027-06-26||TBD|TBD|true|R|Los Angeles Dodgers|Miami Marlins|119|146|loanDepot park|Scheduled|853279
2027-06-26||TBD|TBD|true|R|New York Mets|St. Louis Cardinals|121|138|Busch Stadium|Scheduled|852460
2027-06-26||TBD|TBD|true|R|Philadelphia Phillies|Pittsburgh Pirates|143|134|PNC Park|Scheduled|852778
2027-06-26||TBD|TBD|true|R|San Diego Padres|Toronto Blue Jays|135|141|Rogers Centre|Scheduled|852230
2027-06-26||TBD|TBD|true|R|Seattle Mariners|Houston Astros|136|117|Daikin Park|Scheduled|853595
2027-06-26||TBD|TBD|true|R|Tampa Bay Rays|Los Angeles Angels|139|108|Angel Stadium|Scheduled|853427
2027-06-26||TBD|TBD|true|R|Texas Rangers|Baltimore Orioles|140|110|Oriole Park at Camden Yards|Scheduled|854236
2027-06-26||TBD|TBD|true|R|Washington Nationals|Milwaukee Brewers|120|158|American Family Field|Scheduled|853183
2027-06-27||TBD|TBD|true|R|Arizona Diamondbacks|Athletics|109|133|Sutter Health Park|Scheduled|854411
2027-06-27||TBD|TBD|true|R|Atlanta Braves|Cincinnati Reds|144|113|Great American Ball Park|Scheduled|853920
2027-06-27||TBD|TBD|true|R|Chicago Cubs|San Francisco Giants|112|137|Oracle Park|Scheduled|852629
2027-06-27||TBD|TBD|true|R|Cleveland Guardians|Minnesota Twins|114|142|Target Field|Scheduled|853114
2027-06-27||TBD|TBD|true|R|Colorado Rockies|Boston Red Sox|115|111|Fenway Park|Scheduled|854156
2027-06-27||TBD|TBD|true|R|Detroit Tigers|New York Yankees|116|147|Yankee Stadium|Scheduled|852951
2027-06-27||TBD|TBD|true|R|Kansas City Royals|Chicago White Sox|118|145|Rate Field|Scheduled|854009
2027-06-27||TBD|TBD|true|R|Los Angeles Dodgers|Miami Marlins|119|146|loanDepot park|Scheduled|853277
2027-06-27||TBD|TBD|true|R|New York Mets|St. Louis Cardinals|121|138|Busch Stadium|Scheduled|852461
2027-06-27||TBD|TBD|true|R|Philadelphia Phillies|Pittsburgh Pirates|143|134|PNC Park|Scheduled|852779
2027-06-27||TBD|TBD|true|R|San Diego Padres|Toronto Blue Jays|135|141|Rogers Centre|Scheduled|852218
2027-06-27||TBD|TBD|true|R|Seattle Mariners|Houston Astros|136|117|Daikin Park|Scheduled|853594
2027-06-27||TBD|TBD|true|R|Tampa Bay Rays|Los Angeles Angels|139|108|Angel Stadium|Scheduled|853428
2027-06-27||TBD|TBD|true|R|Texas Rangers|Baltimore Orioles|140|110|Oriole Park at Camden Yards|Scheduled|854234
2027-06-27||TBD|TBD|true|R|Washington Nationals|Milwaukee Brewers|120|158|American Family Field|Scheduled|853184
2027-06-28||TBD|TBD|true|R|Atlanta Braves|Texas Rangers|144|140|Globe Life Field|Scheduled|852291
2027-06-28||TBD|TBD|true|R|Houston Astros|Kansas City Royals|117|118|Kauffman Stadium|Scheduled|853508
2027-06-28||TBD|TBD|true|R|New York Mets|Arizona Diamondbacks|121|109|Chase Field|Scheduled|854486
2027-06-28||TBD|TBD|true|R|Pittsburgh Pirates|Milwaukee Brewers|134|158|American Family Field|Scheduled|853186
2027-06-28||TBD|TBD|true|R|San Diego Padres|Chicago Cubs|135|112|Wrigley Field|Scheduled|854082
2027-06-28||TBD|TBD|true|R|Seattle Mariners|New York Yankees|136|147|Yankee Stadium|Scheduled|852955
2027-06-28||TBD|TBD|true|R|St. Louis Cardinals|Miami Marlins|138|146|loanDepot park|Scheduled|853269
2027-06-28||TBD|TBD|true|R|Tampa Bay Rays|San Francisco Giants|139|137|Oracle Park|Scheduled|852632
2027-06-28||TBD|TBD|true|R|Washington Nationals|Los Angeles Dodgers|120|119|UNIQLO Field at Dodger Stadium|Scheduled|853364
2027-06-29||TBD|TBD|true|R|Athletics|Baltimore Orioles|133|110|Oriole Park at Camden Yards|Scheduled|854237
2027-06-29||TBD|TBD|true|R|Atlanta Braves|Texas Rangers|144|140|Globe Life Field|Scheduled|852289
2027-06-29||TBD|TBD|true|R|Chicago White Sox|Cincinnati Reds|145|113|Great American Ball Park|Scheduled|853921
2027-06-29||TBD|TBD|true|R|Cleveland Guardians|Detroit Tigers|114|116|Comerica Park|Scheduled|853676
2027-06-29||TBD|TBD|true|R|Colorado Rockies|Philadelphia Phillies|115|143|Citizens Bank Park|Scheduled|852863
2027-06-29||TBD|TBD|true|R|Houston Astros|Kansas City Royals|117|118|Kauffman Stadium|Scheduled|853516
2027-06-29||TBD|TBD|true|R|Los Angeles Angels|Toronto Blue Jays|108|141|Rogers Centre|Scheduled|852222
2027-06-29||TBD|TBD|true|R|Minnesota Twins|Boston Red Sox|142|111|Fenway Park|Scheduled|854162
2027-06-29||TBD|TBD|true|R|New York Mets|Arizona Diamondbacks|121|109|Chase Field|Scheduled|854494
2027-06-29||TBD|TBD|true|R|Pittsburgh Pirates|Milwaukee Brewers|134|158|American Family Field|Scheduled|853191
2027-06-29||TBD|TBD|true|R|San Diego Padres|Chicago Cubs|135|112|Wrigley Field|Scheduled|854087
2027-06-29||TBD|TBD|true|R|Seattle Mariners|New York Yankees|136|147|Yankee Stadium|Scheduled|852948
2027-06-29||TBD|TBD|true|R|St. Louis Cardinals|Miami Marlins|138|146|loanDepot park|Scheduled|853270
2027-06-29||TBD|TBD|true|R|Tampa Bay Rays|San Francisco Giants|139|137|Oracle Park|Scheduled|852626
2027-06-29||TBD|TBD|true|R|Washington Nationals|Los Angeles Dodgers|120|119|UNIQLO Field at Dodger Stadium|Scheduled|853360
2027-06-30||TBD|TBD|true|R|Athletics|Baltimore Orioles|133|110|Oriole Park at Camden Yards|Scheduled|854243
2027-06-30||TBD|TBD|true|R|Atlanta Braves|Texas Rangers|144|140|Globe Life Field|Scheduled|852296
2027-06-30||TBD|TBD|true|R|Chicago White Sox|Cincinnati Reds|145|113|Great American Ball Park|Scheduled|853927
2027-06-30||TBD|TBD|true|R|Cleveland Guardians|Detroit Tigers|114|116|Comerica Park|Scheduled|853678
2027-06-30||TBD|TBD|true|R|Colorado Rockies|Philadelphia Phillies|115|143|Citizens Bank Park|Scheduled|852865
2027-06-30||TBD|TBD|true|R|Houston Astros|Kansas City Royals|117|118|Kauffman Stadium|Scheduled|853511
2027-06-30||TBD|TBD|true|R|Los Angeles Angels|Toronto Blue Jays|108|141|Rogers Centre|Scheduled|852219
2027-06-30||TBD|TBD|true|R|Minnesota Twins|Boston Red Sox|142|111|Fenway Park|Scheduled|854158
2027-06-30||TBD|TBD|true|R|New York Mets|Arizona Diamondbacks|121|109|Chase Field|Scheduled|854495
2027-06-30||TBD|TBD|true|R|Pittsburgh Pirates|Milwaukee Brewers|134|158|American Family Field|Scheduled|853182
2027-06-30||TBD|TBD|true|R|San Diego Padres|Chicago Cubs|135|112|Wrigley Field|Scheduled|854081
2027-06-30||TBD|TBD|true|R|Seattle Mariners|New York Yankees|136|147|Yankee Stadium|Scheduled|852949
2027-06-30||TBD|TBD|true|R|St. Louis Cardinals|Miami Marlins|138|146|loanDepot park|Scheduled|853271
2027-06-30||TBD|TBD|true|R|Tampa Bay Rays|San Francisco Giants|139|137|Oracle Park|Scheduled|852631
2027-06-30||TBD|TBD|true|R|Washington Nationals|Los Angeles Dodgers|120|119|UNIQLO Field at Dodger Stadium|Scheduled|853343
2027-07-01||TBD|TBD|true|R|Athletics|Baltimore Orioles|133|110|Oriole Park at Camden Yards|Scheduled|854235
2027-07-01||TBD|TBD|true|R|Chicago White Sox|Cincinnati Reds|145|113|Great American Ball Park|Scheduled|853925
2027-07-01||TBD|TBD|true|R|Cleveland Guardians|Detroit Tigers|114|116|Comerica Park|Scheduled|853677
2027-07-01||TBD|TBD|true|R|Colorado Rockies|Philadelphia Phillies|115|143|Citizens Bank Park|Scheduled|852860
2027-07-01||TBD|TBD|true|R|Houston Astros|Kansas City Royals|117|118|Kauffman Stadium|Scheduled|853518
2027-07-01||TBD|TBD|true|R|Los Angeles Angels|Toronto Blue Jays|108|141|Rogers Centre|Scheduled|852224
2027-07-01||TBD|TBD|true|R|Minnesota Twins|Boston Red Sox|142|111|Fenway Park|Scheduled|854159
2027-07-01||TBD|TBD|true|R|New York Mets|Los Angeles Dodgers|121|119|UNIQLO Field at Dodger Stadium|Scheduled|853342
2027-07-01||TBD|TBD|true|R|Pittsburgh Pirates|Miami Marlins|134|146|loanDepot park|Scheduled|853272
2027-07-01||TBD|TBD|true|R|San Francisco Giants|Arizona Diamondbacks|137|109|Chase Field|Scheduled|854496
2027-07-01||TBD|TBD|true|R|Seattle Mariners|New York Yankees|136|147|Yankee Stadium|Scheduled|852947
2027-07-01||TBD|TBD|true|R|St. Louis Cardinals|Chicago Cubs|138|112|Wrigley Field|Scheduled|854091
2027-07-02||TBD|TBD|true|R|Athletics|Washington Nationals|133|120|Nationals Park|Scheduled|852148
2027-07-02||TBD|TBD|true|R|Baltimore Orioles|Boston Red Sox|110|111|Fenway Park|Scheduled|854167
2027-07-02||TBD|TBD|true|R|Chicago White Sox|Texas Rangers|145|140|Globe Life Field|Scheduled|852299
2027-07-02||TBD|TBD|true|R|Detroit Tigers|Kansas City Royals|116|118|Kauffman Stadium|Scheduled|853513
2027-07-02||TBD|TBD|true|R|Houston Astros|New York Yankees|117|147|Yankee Stadium|Scheduled|852934
2027-07-02||TBD|TBD|true|R|Los Angeles Angels|Atlanta Braves|108|144|Truist Park|Scheduled|854323
2027-07-02||TBD|TBD|true|R|Milwaukee Brewers|Cincinnati Reds|158|113|Great American Ball Park|Scheduled|853922
2027-07-02||TBD|TBD|true|R|Minnesota Twins|Cleveland Guardians|142|114|Progressive Field|Scheduled|853843
2027-07-02||TBD|TBD|true|R|New York Mets|Los Angeles Dodgers|121|119|UNIQLO Field at Dodger Stadium|Scheduled|853344
2027-07-02||TBD|TBD|true|R|Pittsburgh Pirates|Miami Marlins|134|146|loanDepot park|Scheduled|853268
2027-07-02||TBD|TBD|true|R|San Francisco Giants|Arizona Diamondbacks|137|109|Chase Field|Scheduled|854497
2027-07-02||TBD|TBD|true|R|Seattle Mariners|Philadelphia Phillies|136|143|Citizens Bank Park|Scheduled|852859
2027-07-02||TBD|TBD|true|R|St. Louis Cardinals|Chicago Cubs|138|112|Wrigley Field|Scheduled|854089
2027-07-02||TBD|TBD|true|R|Tampa Bay Rays|San Diego Padres|139|135|Petco Park|Scheduled|852710
2027-07-02||TBD|TBD|true|R|Toronto Blue Jays|Colorado Rockies|141|115|Coors Field|Scheduled|853758
2027-07-03||TBD|TBD|true|R|Athletics|Washington Nationals|133|120|Nationals Park|Scheduled|852139
2027-07-03||TBD|TBD|true|R|Baltimore Orioles|Boston Red Sox|110|111|Fenway Park|Scheduled|854157
2027-07-03||TBD|TBD|true|R|Chicago White Sox|Texas Rangers|145|140|Globe Life Field|Scheduled|852294
2027-07-03||TBD|TBD|true|R|Detroit Tigers|Kansas City Royals|116|118|Kauffman Stadium|Scheduled|853509
2027-07-03||TBD|TBD|true|R|Houston Astros|New York Yankees|117|147|Yankee Stadium|Scheduled|852941
2027-07-03||TBD|TBD|true|R|Los Angeles Angels|Atlanta Braves|108|144|Truist Park|Scheduled|854328
2027-07-03||TBD|TBD|true|R|Milwaukee Brewers|Cincinnati Reds|158|113|Great American Ball Park|Scheduled|853924
2027-07-03||TBD|TBD|true|R|Minnesota Twins|Cleveland Guardians|142|114|Progressive Field|Scheduled|853837
2027-07-03||TBD|TBD|true|R|New York Mets|Los Angeles Dodgers|121|119|UNIQLO Field at Dodger Stadium|Scheduled|853345
2027-07-03||TBD|TBD|true|R|Pittsburgh Pirates|Miami Marlins|134|146|loanDepot park|Scheduled|853262
2027-07-03||TBD|TBD|true|R|San Francisco Giants|Arizona Diamondbacks|137|109|Chase Field|Scheduled|854475
2027-07-03||TBD|TBD|true|R|Seattle Mariners|Philadelphia Phillies|136|143|Citizens Bank Park|Scheduled|852867
2027-07-03||TBD|TBD|true|R|St. Louis Cardinals|Chicago Cubs|138|112|Wrigley Field|Scheduled|854088
2027-07-03||TBD|TBD|true|R|Tampa Bay Rays|San Diego Padres|139|135|Petco Park|Scheduled|852706
2027-07-03||TBD|TBD|true|R|Toronto Blue Jays|Colorado Rockies|141|115|Coors Field|Scheduled|853760
2027-07-04||TBD|TBD|true|R|Athletics|Washington Nationals|133|120|Nationals Park|Scheduled|852140
2027-07-04||TBD|TBD|true|R|Baltimore Orioles|Boston Red Sox|110|111|Fenway Park|Scheduled|854163
2027-07-04||TBD|TBD|true|R|Chicago White Sox|Texas Rangers|145|140|Globe Life Field|Scheduled|852300
2027-07-04||TBD|TBD|true|R|Detroit Tigers|Kansas City Royals|116|118|Kauffman Stadium|Scheduled|853506
2027-07-04||TBD|TBD|true|R|Houston Astros|New York Yankees|117|147|Yankee Stadium|Scheduled|852929
2027-07-04||TBD|TBD|true|R|Los Angeles Angels|Atlanta Braves|108|144|Truist Park|Scheduled|854330
2027-07-04||TBD|TBD|true|R|Milwaukee Brewers|Cincinnati Reds|158|113|Great American Ball Park|Scheduled|853916
2027-07-04||TBD|TBD|true|R|Minnesota Twins|Cleveland Guardians|142|114|Progressive Field|Scheduled|853835
2027-07-04||TBD|TBD|true|R|New York Mets|Los Angeles Dodgers|121|119|UNIQLO Field at Dodger Stadium|Scheduled|853353
2027-07-04||TBD|TBD|true|R|Pittsburgh Pirates|Miami Marlins|134|146|loanDepot park|Scheduled|853266
2027-07-04||TBD|TBD|true|R|San Francisco Giants|Arizona Diamondbacks|137|109|Chase Field|Scheduled|854484
2027-07-04||TBD|TBD|true|R|Seattle Mariners|Philadelphia Phillies|136|143|Citizens Bank Park|Scheduled|852869
2027-07-04||TBD|TBD|true|R|St. Louis Cardinals|Chicago Cubs|138|112|Wrigley Field|Scheduled|854077
2027-07-04||TBD|TBD|true|R|Tampa Bay Rays|San Diego Padres|139|135|Petco Park|Scheduled|852696
2027-07-04||TBD|TBD|true|R|Toronto Blue Jays|Colorado Rockies|141|115|Coors Field|Scheduled|853756
2027-07-05||TBD|TBD|true|R|Baltimore Orioles|Detroit Tigers|110|116|Comerica Park|Scheduled|853671
2027-07-05||TBD|TBD|true|R|Milwaukee Brewers|Cincinnati Reds|158|113|Great American Ball Park|Scheduled|853919
2027-07-05||TBD|TBD|true|R|Philadelphia Phillies|Cleveland Guardians|143|114|Progressive Field|Scheduled|853839
2027-07-05||TBD|TBD|true|R|Texas Rangers|Los Angeles Angels|140|108|Angel Stadium|Scheduled|853426
2027-07-05||TBD|TBD|true|R|Toronto Blue Jays|Athletics|141|133|Sutter Health Park|Scheduled|854415
2027-07-06||TBD|TBD|true|R|Arizona Diamondbacks|St. Louis Cardinals|109|138|Busch Stadium|Scheduled|852455
2027-07-06||TBD|TBD|true|R|Baltimore Orioles|Detroit Tigers|110|116|Comerica Park|Scheduled|853673
2027-07-06||TBD|TBD|true|R|Boston Red Sox|Tampa Bay Rays|111|139|Tropicana Field|Scheduled|852373
2027-07-06||TBD|TBD|true|R|Chicago Cubs|Atlanta Braves|112|144|Truist Park|Scheduled|854324
2027-07-06||TBD|TBD|true|R|Cincinnati Reds|Houston Astros|113|117|Daikin Park|Scheduled|853598
2027-07-06||TBD|TBD|true|R|Kansas City Royals|Minnesota Twins|118|142|Target Field|Scheduled|853115
2027-07-06||TBD|TBD|true|R|Los Angeles Dodgers|Pittsburgh Pirates|119|134|PNC Park|Scheduled|852786
2027-07-06||TBD|TBD|true|R|Miami Marlins|New York Mets|146|121|Citi Field|Scheduled|853035
2027-07-06||TBD|TBD|true|R|Milwaukee Brewers|Washington Nationals|158|120|Nationals Park|Scheduled|852134
2027-07-06||TBD|TBD|true|R|New York Yankees|Chicago White Sox|147|145|Rate Field|Scheduled|853998
2027-07-06||TBD|TBD|true|R|Philadelphia Phillies|Cleveland Guardians|143|114|Progressive Field|Scheduled|853838
2027-07-06||TBD|TBD|true|R|San Diego Padres|Seattle Mariners|135|136|T-Mobile Park|Scheduled|852551
2027-07-06||TBD|TBD|true|R|San Francisco Giants|Colorado Rockies|137|115|Coors Field|Scheduled|853757
2027-07-06||TBD|TBD|true|R|Texas Rangers|Los Angeles Angels|140|108|Angel Stadium|Scheduled|853434
2027-07-06||TBD|TBD|true|R|Toronto Blue Jays|Athletics|141|133|Sutter Health Park|Scheduled|854404
2027-07-07||TBD|TBD|true|R|Arizona Diamondbacks|St. Louis Cardinals|109|138|Busch Stadium|Scheduled|852463
2027-07-07||TBD|TBD|true|R|Baltimore Orioles|Detroit Tigers|110|116|Comerica Park|Scheduled|853672
2027-07-07||TBD|TBD|true|R|Boston Red Sox|Tampa Bay Rays|111|139|Tropicana Field|Scheduled|852381
2027-07-07||TBD|TBD|true|R|Chicago Cubs|Atlanta Braves|112|144|Truist Park|Scheduled|854327
2027-07-07||TBD|TBD|true|R|Cincinnati Reds|Houston Astros|113|117|Daikin Park|Scheduled|853588
2027-07-07||TBD|TBD|true|R|Kansas City Royals|Minnesota Twins|118|142|Target Field|Scheduled|853108
2027-07-07||TBD|TBD|true|R|Los Angeles Dodgers|Pittsburgh Pirates|119|134|PNC Park|Scheduled|852777
2027-07-07||TBD|TBD|true|R|Miami Marlins|New York Mets|146|121|Citi Field|Scheduled|853030
2027-07-07||TBD|TBD|true|R|Milwaukee Brewers|Washington Nationals|158|120|Nationals Park|Scheduled|852132
2027-07-07||TBD|TBD|true|R|New York Yankees|Chicago White Sox|147|145|Rate Field|Scheduled|854002
2027-07-07||TBD|TBD|true|R|Philadelphia Phillies|Cleveland Guardians|143|114|Progressive Field|Scheduled|853840
2027-07-07||TBD|TBD|true|R|San Diego Padres|Seattle Mariners|135|136|T-Mobile Park|Scheduled|852533
2027-07-07||TBD|TBD|true|R|San Francisco Giants|Colorado Rockies|137|115|Coors Field|Scheduled|853761
2027-07-07||TBD|TBD|true|R|Texas Rangers|Los Angeles Angels|140|108|Angel Stadium|Scheduled|853436
2027-07-07||TBD|TBD|true|R|Toronto Blue Jays|Athletics|141|133|Sutter Health Park|Scheduled|854394
2027-07-08||TBD|TBD|true|R|Arizona Diamondbacks|St. Louis Cardinals|109|138|Busch Stadium|Scheduled|852462
2027-07-08||TBD|TBD|true|R|Baltimore Orioles|Detroit Tigers|110|116|Comerica Park|Scheduled|853670
2027-07-08||TBD|TBD|true|R|Boston Red Sox|Tampa Bay Rays|111|139|Tropicana Field|Scheduled|852370
2027-07-08||TBD|TBD|true|R|Chicago Cubs|Atlanta Braves|112|144|Truist Park|Scheduled|854329
2027-07-08||TBD|TBD|true|R|Cincinnati Reds|Houston Astros|113|117|Daikin Park|Scheduled|853597
2027-07-08||TBD|TBD|true|R|Kansas City Royals|Minnesota Twins|118|142|Target Field|Scheduled|853105
2027-07-08||TBD|TBD|true|R|Los Angeles Dodgers|Pittsburgh Pirates|119|134|PNC Park|Scheduled|852780
2027-07-08||TBD|TBD|true|R|Miami Marlins|New York Mets|146|121|Citi Field|Scheduled|853037
2027-07-08||TBD|TBD|true|R|Milwaukee Brewers|Washington Nationals|158|120|Nationals Park|Scheduled|852131
2027-07-08||TBD|TBD|true|R|New York Yankees|Chicago White Sox|147|145|Rate Field|Scheduled|854008
2027-07-08||TBD|TBD|true|R|San Diego Padres|Seattle Mariners|135|136|T-Mobile Park|Scheduled|852540
2027-07-08||TBD|TBD|true|R|San Francisco Giants|Colorado Rockies|137|115|Coors Field|Scheduled|853759
2027-07-08||TBD|TBD|true|R|Texas Rangers|Los Angeles Angels|140|108|Angel Stadium|Scheduled|853432
2027-07-08||TBD|TBD|true|R|Toronto Blue Jays|Athletics|141|133|Sutter Health Park|Scheduled|854396
2027-07-09||TBD|TBD|true|R|Arizona Diamondbacks|Chicago White Sox|109|145|Rate Field|Scheduled|854003
2027-07-09||TBD|TBD|true|R|Baltimore Orioles|Tampa Bay Rays|110|139|Tropicana Field|Scheduled|852371
2027-07-09||TBD|TBD|true|R|Boston Red Sox|Minnesota Twins|111|142|Target Field|Scheduled|853109
2027-07-09||TBD|TBD|true|R|Chicago Cubs|Detroit Tigers|112|116|Comerica Park|Scheduled|853669
2027-07-09||TBD|TBD|true|R|Cincinnati Reds|Atlanta Braves|113|144|Truist Park|Scheduled|854319
2027-07-09||TBD|TBD|true|R|Kansas City Royals|Seattle Mariners|118|136|T-Mobile Park|Scheduled|852535
2027-07-09||TBD|TBD|true|R|Los Angeles Dodgers|New York Mets|119|121|Citi Field|Scheduled|853034
2027-07-09||TBD|TBD|true|R|Miami Marlins|Pittsburgh Pirates|146|134|PNC Park|Scheduled|852785
2027-07-09||TBD|TBD|true|R|Milwaukee Brewers|Cleveland Guardians|158|114|Progressive Field|Scheduled|853836
2027-07-09||TBD|TBD|true|R|New York Yankees|St. Louis Cardinals|147|138|Busch Stadium|Scheduled|852458
2027-07-09||TBD|TBD|true|R|Philadelphia Phillies|Washington Nationals|143|120|Nationals Park|Scheduled|852126
2027-07-09||TBD|TBD|true|R|San Diego Padres|Colorado Rockies|135|115|Coors Field|Scheduled|853754
2027-07-09||TBD|TBD|true|R|San Francisco Giants|Houston Astros|137|117|Daikin Park|Scheduled|853596
2027-07-09||TBD|TBD|true|R|Texas Rangers|Athletics|140|133|Sutter Health Park|Scheduled|854401
2027-07-09||TBD|TBD|true|R|Toronto Blue Jays|Los Angeles Angels|141|108|Angel Stadium|Scheduled|853425
2027-07-10||TBD|TBD|true|R|Arizona Diamondbacks|Chicago White Sox|109|145|Rate Field|Scheduled|854001
2027-07-10||TBD|TBD|true|R|Baltimore Orioles|Tampa Bay Rays|110|139|Tropicana Field|Scheduled|852379
2027-07-10||TBD|TBD|true|R|Boston Red Sox|Minnesota Twins|111|142|Target Field|Scheduled|853101
2027-07-10||TBD|TBD|true|R|Chicago Cubs|Detroit Tigers|112|116|Comerica Park|Scheduled|853675
2027-07-10||TBD|TBD|true|R|Cincinnati Reds|Atlanta Braves|113|144|Truist Park|Scheduled|854325
2027-07-10||TBD|TBD|true|R|Kansas City Royals|Seattle Mariners|118|136|T-Mobile Park|Scheduled|852530
2027-07-10||TBD|TBD|true|R|Los Angeles Dodgers|New York Mets|119|121|Citi Field|Scheduled|853028
2027-07-10||TBD|TBD|true|R|Miami Marlins|Pittsburgh Pirates|146|134|PNC Park|Scheduled|852781
2027-07-10||TBD|TBD|true|R|Milwaukee Brewers|Cleveland Guardians|158|114|Progressive Field|Scheduled|853831
2027-07-10||TBD|TBD|true|R|New York Yankees|St. Louis Cardinals|147|138|Busch Stadium|Scheduled|852466
2027-07-10||TBD|TBD|true|R|Philadelphia Phillies|Washington Nationals|143|120|Nationals Park|Scheduled|852135
2027-07-10||TBD|TBD|true|R|San Diego Padres|Colorado Rockies|135|115|Coors Field|Scheduled|853755
2027-07-10||TBD|TBD|true|R|San Diego Padres|Colorado Rockies|135|115|Coors Field|Scheduled|853753
2027-07-10||TBD|TBD|true|R|San Francisco Giants|Houston Astros|137|117|Daikin Park|Scheduled|853587
2027-07-10||TBD|TBD|true|R|Texas Rangers|Athletics|140|133|Sutter Health Park|Scheduled|854403
2027-07-10||TBD|TBD|true|R|Toronto Blue Jays|Los Angeles Angels|141|108|Angel Stadium|Scheduled|853433
2027-07-11||TBD|TBD|true|R|Arizona Diamondbacks|Chicago White Sox|109|145|Rate Field|Scheduled|853993
2027-07-11||TBD|TBD|true|R|Baltimore Orioles|Tampa Bay Rays|110|139|Tropicana Field|Scheduled|852382
2027-07-11||TBD|TBD|true|R|Boston Red Sox|Minnesota Twins|111|142|Target Field|Scheduled|853103
2027-07-11||TBD|TBD|true|R|Chicago Cubs|Detroit Tigers|112|116|Comerica Park|Scheduled|853674
2027-07-11||TBD|TBD|true|R|Cincinnati Reds|Atlanta Braves|113|144|Truist Park|Scheduled|854314
2027-07-11||TBD|TBD|true|R|Kansas City Royals|Seattle Mariners|118|136|T-Mobile Park|Scheduled|852531
2027-07-11||TBD|TBD|true|R|Los Angeles Dodgers|New York Mets|119|121|Citi Field|Scheduled|853016
2027-07-11||TBD|TBD|true|R|Miami Marlins|Pittsburgh Pirates|146|134|PNC Park|Scheduled|852783
2027-07-11||TBD|TBD|true|R|Milwaukee Brewers|Cleveland Guardians|158|114|Progressive Field|Scheduled|853832
2027-07-11||TBD|TBD|true|R|New York Yankees|St. Louis Cardinals|147|138|Busch Stadium|Scheduled|852467
2027-07-11||TBD|TBD|true|R|Philadelphia Phillies|Washington Nationals|143|120|Nationals Park|Scheduled|852129
2027-07-11||TBD|TBD|true|R|San Diego Padres|Colorado Rockies|135|115|Coors Field|Scheduled|853750
2027-07-11||TBD|TBD|true|R|San Francisco Giants|Houston Astros|137|117|Daikin Park|Scheduled|853589
2027-07-11||TBD|TBD|true|R|Texas Rangers|Athletics|140|133|Sutter Health Park|Scheduled|854399
2027-07-11||TBD|TBD|true|R|Toronto Blue Jays|Los Angeles Angels|141|108|Angel Stadium|Scheduled|853437
2027-07-13||TBD|TBD|true|A|American League All-Stars|National League All-Stars|159|160|Wrigley Field|Scheduled|853074
2027-07-16||TBD|TBD|true|R|Athletics|San Francisco Giants|133|137|Oracle Park|Scheduled|852625
2027-07-16||TBD|TBD|true|R|Atlanta Braves|Boston Red Sox|144|111|Fenway Park|Scheduled|854160
2027-07-16||TBD|TBD|true|R|Chicago White Sox|Chicago Cubs|145|112|Wrigley Field|Scheduled|854068
2027-07-16||TBD|TBD|true|R|Cleveland Guardians|Cincinnati Reds|114|113|Great American Ball Park|Scheduled|853926
2027-07-16||TBD|TBD|true|R|Colorado Rockies|Arizona Diamondbacks|115|109|Chase Field|Scheduled|854483
2027-07-16||TBD|TBD|true|R|Detroit Tigers|Toronto Blue Jays|116|141|Rogers Centre|Scheduled|852208
2027-07-16||TBD|TBD|true|R|Houston Astros|Texas Rangers|117|140|Globe Life Field|Scheduled|852290
2027-07-16||TBD|TBD|true|R|Los Angeles Angels|Los Angeles Dodgers|108|119|UNIQLO Field at Dodger Stadium|Scheduled|853351
2027-07-16||TBD|TBD|true|R|Minnesota Twins|Milwaukee Brewers|142|158|American Family Field|Scheduled|853181
2027-07-16||TBD|TBD|true|R|New York Mets|New York Yankees|121|147|Yankee Stadium|Scheduled|852942
2027-07-16||TBD|TBD|true|R|Pittsburgh Pirates|Philadelphia Phillies|134|143|Citizens Bank Park|Scheduled|852870
2027-07-16||TBD|TBD|true|R|Seattle Mariners|San Diego Padres|136|135|Petco Park|Scheduled|852701
2027-07-16||TBD|TBD|true|R|St. Louis Cardinals|Kansas City Royals|138|118|Kauffman Stadium|Scheduled|853514
2027-07-16||TBD|TBD|true|R|Tampa Bay Rays|Miami Marlins|139|146|loanDepot park|Scheduled|853261
2027-07-16||TBD|TBD|true|R|Washington Nationals|Baltimore Orioles|120|110|Oriole Park at Camden Yards|Scheduled|854242
2027-07-17||TBD|TBD|true|R|Athletics|San Francisco Giants|133|137|Oracle Park|Scheduled|852618
2027-07-17||TBD|TBD|true|R|Atlanta Braves|Boston Red Sox|144|111|Fenway Park|Scheduled|854166
2027-07-17||TBD|TBD|true|R|Chicago White Sox|Chicago Cubs|145|112|Wrigley Field|Scheduled|854072
2027-07-17||TBD|TBD|true|R|Cleveland Guardians|Cincinnati Reds|114|113|Great American Ball Park|Scheduled|853912
2027-07-17||TBD|TBD|true|R|Colorado Rockies|Arizona Diamondbacks|115|109|Chase Field|Scheduled|854485
2027-07-17||TBD|TBD|true|R|Detroit Tigers|Toronto Blue Jays|116|141|Rogers Centre|Scheduled|852205
2027-07-17||TBD|TBD|true|R|Houston Astros|Texas Rangers|117|140|Globe Life Field|Scheduled|852287
2027-07-17||TBD|TBD|true|R|Los Angeles Angels|Los Angeles Dodgers|108|119|UNIQLO Field at Dodger Stadium|Scheduled|853350
2027-07-17||TBD|TBD|true|R|Minnesota Twins|Milwaukee Brewers|142|158|American Family Field|Scheduled|853192
2027-07-17||TBD|TBD|true|R|New York Mets|New York Yankees|121|147|Yankee Stadium|Scheduled|852931
2027-07-17||TBD|TBD|true|R|Pittsburgh Pirates|Philadelphia Phillies|134|143|Citizens Bank Park|Scheduled|852871
2027-07-17||TBD|TBD|true|R|Seattle Mariners|San Diego Padres|136|135|Petco Park|Scheduled|852691
2027-07-17||TBD|TBD|true|R|St. Louis Cardinals|Kansas City Royals|138|118|Kauffman Stadium|Scheduled|853507
2027-07-17||TBD|TBD|true|R|Tampa Bay Rays|Miami Marlins|139|146|loanDepot park|Scheduled|853264
2027-07-17||TBD|TBD|true|R|Washington Nationals|Baltimore Orioles|120|110|Oriole Park at Camden Yards|Scheduled|854244
2027-07-18||TBD|TBD|true|R|Athletics|San Francisco Giants|133|137|Oracle Park|Scheduled|852615
2027-07-18||TBD|TBD|true|R|Atlanta Braves|Boston Red Sox|144|111|Fenway Park|Scheduled|854164
2027-07-18||TBD|TBD|true|R|Chicago White Sox|Chicago Cubs|145|112|Wrigley Field|Scheduled|854079
2027-07-18||TBD|TBD|true|R|Cleveland Guardians|Cincinnati Reds|114|113|Great American Ball Park|Scheduled|853909
2027-07-18||TBD|TBD|true|R|Colorado Rockies|Arizona Diamondbacks|115|109|Chase Field|Scheduled|854482
2027-07-18||TBD|TBD|true|R|Detroit Tigers|Toronto Blue Jays|116|141|Rogers Centre|Scheduled|852214
2027-07-18||TBD|TBD|true|R|Houston Astros|Texas Rangers|117|140|Globe Life Field|Scheduled|852288
2027-07-18||TBD|TBD|true|R|Los Angeles Angels|Los Angeles Dodgers|108|119|UNIQLO Field at Dodger Stadium|Scheduled|853348
2027-07-18||TBD|TBD|true|R|Minnesota Twins|Milwaukee Brewers|142|158|American Family Field|Scheduled|853194
2027-07-18||TBD|TBD|true|R|New York Mets|New York Yankees|121|147|Yankee Stadium|Scheduled|852939
2027-07-18||TBD|TBD|true|R|Pittsburgh Pirates|Philadelphia Phillies|134|143|Citizens Bank Park|Scheduled|852864
2027-07-18||TBD|TBD|true|R|Seattle Mariners|San Diego Padres|136|135|Petco Park|Scheduled|852700
2027-07-18||TBD|TBD|true|R|St. Louis Cardinals|Kansas City Royals|138|118|Kauffman Stadium|Scheduled|853512
2027-07-18||TBD|TBD|true|R|Tampa Bay Rays|Miami Marlins|139|146|loanDepot park|Scheduled|853267
2027-07-18||TBD|TBD|true|R|Washington Nationals|Baltimore Orioles|120|110|Oriole Park at Camden Yards|Scheduled|854245
2027-07-19||TBD|TBD|true|R|Athletics|Los Angeles Dodgers|133|119|UNIQLO Field at Dodger Stadium|Scheduled|853349
2027-07-19||TBD|TBD|true|R|Chicago White Sox|Toronto Blue Jays|145|141|Rogers Centre|Scheduled|852210
2027-07-19||TBD|TBD|true|R|Cleveland Guardians|New York Yankees|114|147|Yankee Stadium|Scheduled|852938
2027-07-19||TBD|TBD|true|R|Colorado Rockies|San Francisco Giants|115|137|Oracle Park|Scheduled|852608
2027-07-19||TBD|TBD|true|R|Detroit Tigers|Milwaukee Brewers|116|158|American Family Field|Scheduled|853190
2027-07-19||TBD|TBD|true|R|Houston Astros|Baltimore Orioles|117|110|Oriole Park at Camden Yards|Scheduled|854239
2027-07-19||TBD|TBD|true|R|Los Angeles Angels|San Diego Padres|108|135|Petco Park|Scheduled|852695
2027-07-19||TBD|TBD|true|R|Minnesota Twins|Texas Rangers|142|140|Globe Life Field|Scheduled|852297
2027-07-19||TBD|TBD|true|R|New York Mets|Boston Red Sox|121|111|Fenway Park|Scheduled|854165
2027-07-19||TBD|TBD|true|R|Philadelphia Phillies|Atlanta Braves|143|144|Truist Park|Scheduled|854307
2027-07-19||TBD|TBD|true|R|Pittsburgh Pirates|Chicago Cubs|134|112|Wrigley Field|Scheduled|854070
2027-07-19||TBD|TBD|true|R|Seattle Mariners|Kansas City Royals|136|118|Kauffman Stadium|Scheduled|853519
2027-07-19||TBD|TBD|true|R|St. Louis Cardinals|Arizona Diamondbacks|138|109|Chase Field|Scheduled|854481
2027-07-19||TBD|TBD|true|R|Tampa Bay Rays|Cincinnati Reds|139|113|Great American Ball Park|Scheduled|853915
2027-07-19||TBD|TBD|true|R|Washington Nationals|Miami Marlins|120|146|loanDepot park|Scheduled|853265
2027-07-20||TBD|TBD|true|R|Athletics|Los Angeles Dodgers|133|119|UNIQLO Field at Dodger Stadium|Scheduled|853352
2027-07-20||TBD|TBD|true|R|Chicago White Sox|Toronto Blue Jays|145|141|Rogers Centre|Scheduled|852209
2027-07-20||TBD|TBD|true|R|Cleveland Guardians|New York Yankees|114|147|Yankee Stadium|Scheduled|852940
2027-07-20||TBD|TBD|true|R|Colorado Rockies|San Francisco Giants|115|137|Oracle Park|Scheduled|852612
2027-07-20||TBD|TBD|true|R|Detroit Tigers|Milwaukee Brewers|116|158|American Family Field|Scheduled|853188
2027-07-20||TBD|TBD|true|R|Houston Astros|Baltimore Orioles|117|110|Oriole Park at Camden Yards|Scheduled|854240
2027-07-20||TBD|TBD|true|R|Los Angeles Angels|San Diego Padres|108|135|Petco Park|Scheduled|852697
2027-07-20||TBD|TBD|true|R|Minnesota Twins|Texas Rangers|142|140|Globe Life Field|Scheduled|852292
2027-07-20||TBD|TBD|true|R|New York Mets|Boston Red Sox|121|111|Fenway Park|Scheduled|854150
2027-07-20||TBD|TBD|true|R|Philadelphia Phillies|Atlanta Braves|143|144|Truist Park|Scheduled|854308
2027-07-20||TBD|TBD|true|R|Pittsburgh Pirates|Chicago Cubs|134|112|Wrigley Field|Scheduled|854074
2027-07-20||TBD|TBD|true|R|Seattle Mariners|Kansas City Royals|136|118|Kauffman Stadium|Scheduled|853501
2027-07-20||TBD|TBD|true|R|St. Louis Cardinals|Arizona Diamondbacks|138|109|Chase Field|Scheduled|854480
2027-07-20||TBD|TBD|true|R|Tampa Bay Rays|Cincinnati Reds|139|113|Great American Ball Park|Scheduled|853914
2027-07-20||TBD|TBD|true|R|Washington Nationals|Miami Marlins|120|146|loanDepot park|Scheduled|853263
2027-07-21||TBD|TBD|true|R|Athletics|Los Angeles Dodgers|133|119|UNIQLO Field at Dodger Stadium|Scheduled|853354
2027-07-21||TBD|TBD|true|R|Chicago White Sox|Toronto Blue Jays|145|141|Rogers Centre|Scheduled|852215
2027-07-21||TBD|TBD|true|R|Cleveland Guardians|New York Yankees|114|147|Yankee Stadium|Scheduled|852933
2027-07-21||TBD|TBD|true|R|Colorado Rockies|San Francisco Giants|115|137|Oracle Park|Scheduled|852611
2027-07-21||TBD|TBD|true|R|Detroit Tigers|Milwaukee Brewers|116|158|American Family Field|Scheduled|853189
2027-07-21||TBD|TBD|true|R|Houston Astros|Baltimore Orioles|117|110|Oriole Park at Camden Yards|Scheduled|854241
2027-07-21||TBD|TBD|true|R|Los Angeles Angels|San Diego Padres|108|135|Petco Park|Scheduled|852698
2027-07-21||TBD|TBD|true|R|Minnesota Twins|Texas Rangers|142|140|Globe Life Field|Scheduled|852298
2027-07-21||TBD|TBD|true|R|New York Mets|Boston Red Sox|121|111|Fenway Park|Scheduled|854155
2027-07-21||TBD|TBD|true|R|Philadelphia Phillies|Atlanta Braves|143|144|Truist Park|Scheduled|854309
2027-07-21||TBD|TBD|true|R|Pittsburgh Pirates|Chicago Cubs|134|112|Wrigley Field|Scheduled|854078
2027-07-21||TBD|TBD|true|R|Seattle Mariners|Kansas City Royals|136|118|Kauffman Stadium|Scheduled|853496
2027-07-21||TBD|TBD|true|R|St. Louis Cardinals|Arizona Diamondbacks|138|109|Chase Field|Scheduled|854479
2027-07-21||TBD|TBD|true|R|Tampa Bay Rays|Cincinnati Reds|139|113|Great American Ball Park|Scheduled|853905
2027-07-21||TBD|TBD|true|R|Washington Nationals|Miami Marlins|120|146|loanDepot park|Scheduled|853258
2027-07-22||TBD|TBD|true|R|Athletics|Los Angeles Angels|133|108|Angel Stadium|Scheduled|853435
2027-07-22||TBD|TBD|true|R|Atlanta Braves|Washington Nationals|144|120|Nationals Park|Scheduled|852127
2027-07-22||TBD|TBD|true|R|Boston Red Sox|Baltimore Orioles|111|110|Oriole Park at Camden Yards|Scheduled|854246
2027-07-22||TBD|TBD|true|R|Chicago White Sox|Toronto Blue Jays|145|141|Rogers Centre|Scheduled|852216
2027-07-22||TBD|TBD|true|R|Colorado Rockies|San Francisco Giants|115|137|Oracle Park|Scheduled|852617
2027-07-22||TBD|TBD|true|R|Miami Marlins|Milwaukee Brewers|146|158|American Family Field|Scheduled|853193
2027-07-22||TBD|TBD|true|R|Philadelphia Phillies|New York Mets|143|121|Citi Field|Scheduled|853025
2027-07-23||TBD|TBD|true|R|Arizona Diamondbacks|Pittsburgh Pirates|109|134|PNC Park|Scheduled|852782
2027-07-23||TBD|TBD|true|R|Athletics|Los Angeles Angels|133|108|Angel Stadium|Scheduled|853431
2027-07-23||TBD|TBD|true|R|Atlanta Braves|Washington Nationals|144|120|Nationals Park|Scheduled|852128
2027-07-23||TBD|TBD|true|R|Boston Red Sox|Baltimore Orioles|111|110|Oriole Park at Camden Yards|Scheduled|854225
2027-07-23||TBD|TBD|true|R|Chicago Cubs|Minnesota Twins|112|142|Target Field|Scheduled|853104
2027-07-23||TBD|TBD|true|R|Cincinnati Reds|Detroit Tigers|113|116|Comerica Park|Scheduled|853667
2027-07-23||TBD|TBD|true|R|Cleveland Guardians|Chicago White Sox|114|145|Rate Field|Scheduled|853991
2027-07-23||TBD|TBD|true|R|Colorado Rockies|Houston Astros|115|117|Daikin Park|Scheduled|853590
2027-07-23||TBD|TBD|true|R|Kansas City Royals|Tampa Bay Rays|118|139|Tropicana Field|Scheduled|852369
2027-07-23||TBD|TBD|true|R|Los Angeles Dodgers|St. Louis Cardinals|119|138|Busch Stadium|Scheduled|852459
2027-07-23||TBD|TBD|true|R|Miami Marlins|Milwaukee Brewers|146|158|American Family Field|Scheduled|853178
2027-07-23||TBD|TBD|true|R|New York Yankees|Seattle Mariners|147|136|T-Mobile Park|Scheduled|852532
2027-07-23||TBD|TBD|true|R|Philadelphia Phillies|New York Mets|143|121|Citi Field|Scheduled|853021
2027-07-23||TBD|TBD|true|R|San Diego Padres|San Francisco Giants|135|137|Oracle Park|Scheduled|852607
2027-07-23||TBD|TBD|true|R|Texas Rangers|Toronto Blue Jays|140|141|Rogers Centre|Scheduled|852204
2027-07-24||TBD|TBD|true|R|Arizona Diamondbacks|Pittsburgh Pirates|109|134|PNC Park|Scheduled|852784
2027-07-24||TBD|TBD|true|R|Athletics|Los Angeles Angels|133|108|Angel Stadium|Scheduled|853429
2027-07-24||TBD|TBD|true|R|Atlanta Braves|Washington Nationals|144|120|Nationals Park|Scheduled|852130
2027-07-24||TBD|TBD|true|R|Boston Red Sox|Baltimore Orioles|111|110|Oriole Park at Camden Yards|Scheduled|854222
2027-07-24||TBD|TBD|true|R|Chicago Cubs|Minnesota Twins|112|142|Target Field|Scheduled|853100
2027-07-24||TBD|TBD|true|R|Cincinnati Reds|Detroit Tigers|113|116|Comerica Park|Scheduled|853663
2027-07-24||TBD|TBD|true|R|Cleveland Guardians|Chicago White Sox|114|145|Rate Field|Scheduled|853989
2027-07-24||TBD|TBD|true|R|Colorado Rockies|Houston Astros|115|117|Daikin Park|Scheduled|853593
2027-07-24||TBD|TBD|true|R|Kansas City Royals|Tampa Bay Rays|118|139|Tropicana Field|Scheduled|852380
2027-07-24||TBD|TBD|true|R|Los Angeles Dodgers|St. Louis Cardinals|119|138|Busch Stadium|Scheduled|852457
2027-07-24||TBD|TBD|true|R|Miami Marlins|Milwaukee Brewers|146|158|American Family Field|Scheduled|853170
2027-07-24||TBD|TBD|true|R|New York Yankees|Seattle Mariners|147|136|T-Mobile Park|Scheduled|852537
2027-07-24||TBD|TBD|true|R|Philadelphia Phillies|New York Mets|143|121|Citi Field|Scheduled|853014
2027-07-24||TBD|TBD|true|R|San Diego Padres|San Francisco Giants|135|137|Oracle Park|Scheduled|852610
2027-07-24||TBD|TBD|true|R|Texas Rangers|Toronto Blue Jays|140|141|Rogers Centre|Scheduled|852213
2027-07-25||TBD|TBD|true|R|Arizona Diamondbacks|Pittsburgh Pirates|109|134|PNC Park|Scheduled|852773
2027-07-25||TBD|TBD|true|R|Athletics|Los Angeles Angels|133|108|Angel Stadium|Scheduled|853424
2027-07-25||TBD|TBD|true|R|Atlanta Braves|Washington Nationals|144|120|Nationals Park|Scheduled|852138
2027-07-25||TBD|TBD|true|R|Boston Red Sox|Baltimore Orioles|111|110|Oriole Park at Camden Yards|Scheduled|854226
2027-07-25||TBD|TBD|true|R|Chicago Cubs|Minnesota Twins|112|142|Target Field|Scheduled|853107
2027-07-25||TBD|TBD|true|R|Cincinnati Reds|Detroit Tigers|113|116|Comerica Park|Scheduled|853665
2027-07-25||TBD|TBD|true|R|Cleveland Guardians|Chicago White Sox|114|145|Rate Field|Scheduled|853985
2027-07-25||TBD|TBD|true|R|Colorado Rockies|Houston Astros|115|117|Daikin Park|Scheduled|853599
2027-07-25||TBD|TBD|true|R|Kansas City Royals|Tampa Bay Rays|118|139|Tropicana Field|Scheduled|852378
2027-07-25||TBD|TBD|true|R|Los Angeles Dodgers|St. Louis Cardinals|119|138|Busch Stadium|Scheduled|852468
2027-07-25||TBD|TBD|true|R|Miami Marlins|Milwaukee Brewers|146|158|American Family Field|Scheduled|853173
2027-07-25||TBD|TBD|true|R|New York Yankees|Seattle Mariners|147|136|T-Mobile Park|Scheduled|852534
2027-07-25||TBD|TBD|true|R|Philadelphia Phillies|New York Mets|143|121|Citi Field|Scheduled|853023
2027-07-25||TBD|TBD|true|R|San Diego Padres|San Francisco Giants|135|137|Oracle Park|Scheduled|852616
2027-07-25||TBD|TBD|true|R|Texas Rangers|Toronto Blue Jays|140|141|Rogers Centre|Scheduled|852217
2027-07-26||TBD|TBD|true|R|Arizona Diamondbacks|New York Mets|109|121|Citi Field|Scheduled|853024
2027-07-26||TBD|TBD|true|R|Atlanta Braves|Pittsburgh Pirates|144|134|PNC Park|Scheduled|852770
2027-07-26||TBD|TBD|true|R|Chicago Cubs|Washington Nationals|112|120|Nationals Park|Scheduled|852137
2027-07-26||TBD|TBD|true|R|Cincinnati Reds|St. Louis Cardinals|113|138|Busch Stadium|Scheduled|852451
2027-07-26||TBD|TBD|true|R|Detroit Tigers|Houston Astros|116|117|Daikin Park|Scheduled|853591
2027-07-26||TBD|TBD|true|R|Kansas City Royals|Chicago White Sox|118|145|Rate Field|Scheduled|853986
2027-07-26||TBD|TBD|true|R|Los Angeles Dodgers|San Diego Padres|119|135|Petco Park|Scheduled|852699
2027-07-26||TBD|TBD|true|R|Miami Marlins|Cleveland Guardians|146|114|Progressive Field|Scheduled|853834
2027-07-26||TBD|TBD|true|R|New York Yankees|Colorado Rockies|147|115|Coors Field|Scheduled|853752
2027-07-26||TBD|TBD|true|R|San Francisco Giants|Los Angeles Angels|137|108|Angel Stadium|Scheduled|853414
2027-07-26||TBD|TBD|true|R|Texas Rangers|Tampa Bay Rays|140|139|Tropicana Field|Scheduled|852375
2027-07-26||TBD|TBD|true|R|Toronto Blue Jays|Minnesota Twins|141|142|Target Field|Scheduled|853102
2027-07-27||TBD|TBD|true|R|Arizona Diamondbacks|New York Mets|109|121|Citi Field|Scheduled|853017
2027-07-27||TBD|TBD|true|R|Atlanta Braves|Pittsburgh Pirates|144|134|PNC Park|Scheduled|852771
2027-07-27||TBD|TBD|true|R|Baltimore Orioles|Athletics|110|133|Sutter Health Park|Scheduled|854397
2027-07-27||TBD|TBD|true|R|Boston Red Sox|Philadelphia Phillies|111|143|Citizens Bank Park|Scheduled|852862
2027-07-27||TBD|TBD|true|R|Chicago Cubs|Washington Nationals|112|120|Nationals Park|Scheduled|852133
2027-07-27||TBD|TBD|true|R|Cincinnati Reds|St. Louis Cardinals|113|138|Busch Stadium|Scheduled|852441
2027-07-27||TBD|TBD|true|R|Detroit Tigers|Houston Astros|116|117|Daikin Park|Scheduled|853581
2027-07-27||TBD|TBD|true|R|Kansas City Royals|Chicago White Sox|118|145|Rate Field|Scheduled|853987
2027-07-27||TBD|TBD|true|R|Los Angeles Dodgers|San Diego Padres|119|135|Petco Park|Scheduled|852693
2027-07-27||TBD|TBD|true|R|Miami Marlins|Cleveland Guardians|146|114|Progressive Field|Scheduled|853829
2027-07-27||TBD|TBD|true|R|Milwaukee Brewers|Seattle Mariners|158|136|T-Mobile Park|Scheduled|852536
2027-07-27||TBD|TBD|true|R|New York Yankees|Colorado Rockies|147|115|Coors Field|Scheduled|853751
2027-07-27||TBD|TBD|true|R|San Francisco Giants|Los Angeles Angels|137|108|Angel Stadium|Scheduled|853422
2027-07-27||TBD|TBD|true|R|Texas Rangers|Tampa Bay Rays|140|139|Tropicana Field|Scheduled|852376
2027-07-27||TBD|TBD|true|R|Toronto Blue Jays|Minnesota Twins|141|142|Target Field|Scheduled|853098
2027-07-28||TBD|TBD|true|R|Arizona Diamondbacks|New York Mets|109|121|Citi Field|Scheduled|853015
2027-07-28||TBD|TBD|true|R|Atlanta Braves|Pittsburgh Pirates|144|134|PNC Park|Scheduled|852769
2027-07-28||TBD|TBD|true|R|Baltimore Orioles|Athletics|110|133|Sutter Health Park|Scheduled|854400
2027-07-28||TBD|TBD|true|R|Boston Red Sox|Philadelphia Phillies|111|143|Citizens Bank Park|Scheduled|852868
2027-07-28||TBD|TBD|true|R|Chicago Cubs|Washington Nationals|112|120|Nationals Park|Scheduled|852136
2027-07-28||TBD|TBD|true|R|Cincinnati Reds|St. Louis Cardinals|113|138|Busch Stadium|Scheduled|852442
2027-07-28||TBD|TBD|true|R|Detroit Tigers|Houston Astros|116|117|Daikin Park|Scheduled|853578
2027-07-28||TBD|TBD|true|R|Kansas City Royals|Chicago White Sox|118|145|Rate Field|Scheduled|853994
2027-07-28||TBD|TBD|true|R|Los Angeles Dodgers|San Diego Padres|119|135|Petco Park|Scheduled|852690
2027-07-28||TBD|TBD|true|R|Miami Marlins|Cleveland Guardians|146|114|Progressive Field|Scheduled|853830
2027-07-28||TBD|TBD|true|R|Milwaukee Brewers|Seattle Mariners|158|136|T-Mobile Park|Scheduled|852538
2027-07-28||TBD|TBD|true|R|New York Yankees|Colorado Rockies|147|115|Coors Field|Scheduled|853746
2027-07-28||TBD|TBD|true|R|San Francisco Giants|Los Angeles Angels|137|108|Angel Stadium|Scheduled|853411
2027-07-28||TBD|TBD|true|R|Texas Rangers|Tampa Bay Rays|140|139|Tropicana Field|Scheduled|852374
2027-07-28||TBD|TBD|true|R|Toronto Blue Jays|Minnesota Twins|141|142|Target Field|Scheduled|853099
2027-07-29||TBD|TBD|true|R|Atlanta Braves|Pittsburgh Pirates|144|134|PNC Park|Scheduled|852776
2027-07-29||TBD|TBD|true|R|Baltimore Orioles|Athletics|110|133|Sutter Health Park|Scheduled|854395
2027-07-29||TBD|TBD|true|R|Boston Red Sox|Philadelphia Phillies|111|143|Citizens Bank Park|Scheduled|852846
2027-07-29||TBD|TBD|true|R|Chicago White Sox|Cleveland Guardians|145|114|Progressive Field|Scheduled|853833
2027-07-29||TBD|TBD|true|R|Cincinnati Reds|St. Louis Cardinals|113|138|Busch Stadium|Scheduled|852446
2027-07-29||TBD|TBD|true|R|Detroit Tigers|Houston Astros|116|117|Daikin Park|Scheduled|853580
2027-07-29||TBD|TBD|true|R|Los Angeles Dodgers|San Diego Padres|119|135|Petco Park|Scheduled|852689
2027-07-29||TBD|TBD|true|R|Milwaukee Brewers|Seattle Mariners|158|136|T-Mobile Park|Scheduled|852539
2027-07-29||TBD|TBD|true|R|Minnesota Twins|Kansas City Royals|142|118|Kauffman Stadium|Scheduled|853493
2027-07-29||TBD|TBD|true|R|Texas Rangers|Tampa Bay Rays|140|139|Tropicana Field|Scheduled|852377
2027-07-30||TBD|TBD|true|R|Arizona Diamondbacks|Texas Rangers|109|140|Globe Life Field|Scheduled|852293
2027-07-30||TBD|TBD|true|R|Baltimore Orioles|Seattle Mariners|110|136|T-Mobile Park|Scheduled|852526
2027-07-30||TBD|TBD|true|R|Boston Red Sox|Chicago Cubs|111|112|Wrigley Field|Scheduled|854069
2027-07-30||TBD|TBD|true|R|Chicago White Sox|Cleveland Guardians|145|114|Progressive Field|Scheduled|853828
2027-07-30||TBD|TBD|true|R|Los Angeles Angels|Detroit Tigers|108|116|Comerica Park|Scheduled|853668
2027-07-30||TBD|TBD|true|R|Milwaukee Brewers|Colorado Rockies|158|115|Coors Field|Scheduled|853745
2027-07-30||TBD|TBD|true|R|Minnesota Twins|Kansas City Royals|142|118|Kauffman Stadium|Scheduled|853497
2027-07-30||TBD|TBD|true|R|New York Mets|Pittsburgh Pirates|121|134|PNC Park|Scheduled|852772
2027-07-30||TBD|TBD|true|R|Philadelphia Phillies|Miami Marlins|143|146|loanDepot park|Scheduled|853251
2027-07-30||TBD|TBD|true|R|San Diego Padres|Houston Astros|135|117|Daikin Park|Scheduled|853583
2027-07-30||TBD|TBD|true|R|San Francisco Giants|Los Angeles Dodgers|137|119|UNIQLO Field at Dodger Stadium|Scheduled|853346
2027-07-30||TBD|TBD|true|R|St. Louis Cardinals|Atlanta Braves|138|144|Truist Park|Scheduled|854318
2027-07-30||TBD|TBD|true|R|Tampa Bay Rays|Athletics|139|133|Sutter Health Park|Scheduled|854398
2027-07-30||TBD|TBD|true|R|Toronto Blue Jays|New York Yankees|141|147|Yankee Stadium|Scheduled|852936
2027-07-30||TBD|TBD|true|R|Washington Nationals|Cincinnati Reds|120|113|Great American Ball Park|Scheduled|853908
2027-07-31||TBD|TBD|true|R|Arizona Diamondbacks|Texas Rangers|109|140|Globe Life Field|Scheduled|852295
2027-07-31||TBD|TBD|true|R|Baltimore Orioles|Seattle Mariners|110|136|T-Mobile Park|Scheduled|852527
2027-07-31||TBD|TBD|true|R|Boston Red Sox|Chicago Cubs|111|112|Wrigley Field|Scheduled|854071
2027-07-31||TBD|TBD|true|R|Chicago White Sox|Cleveland Guardians|145|114|Progressive Field|Scheduled|853827
2027-07-31||TBD|TBD|true|R|Los Angeles Angels|Detroit Tigers|108|116|Comerica Park|Scheduled|853664
2027-07-31||TBD|TBD|true|R|Milwaukee Brewers|Colorado Rockies|158|115|Coors Field|Scheduled|853747
2027-07-31||TBD|TBD|true|R|Minnesota Twins|Kansas City Royals|142|118|Kauffman Stadium|Scheduled|853498
2027-07-31||TBD|TBD|true|R|New York Mets|Pittsburgh Pirates|121|134|PNC Park|Scheduled|852774
2027-07-31||TBD|TBD|true|R|Philadelphia Phillies|Miami Marlins|143|146|loanDepot park|Scheduled|853260
2027-07-31||TBD|TBD|true|R|San Diego Padres|Houston Astros|135|117|Daikin Park|Scheduled|853585
2027-07-31||TBD|TBD|true|R|San Francisco Giants|Los Angeles Dodgers|137|119|UNIQLO Field at Dodger Stadium|Scheduled|853347
2027-07-31||TBD|TBD|true|R|St. Louis Cardinals|Atlanta Braves|138|144|Truist Park|Scheduled|854310
2027-07-31||TBD|TBD|true|R|Tampa Bay Rays|Athletics|139|133|Sutter Health Park|Scheduled|854402
2027-07-31||TBD|TBD|true|R|Toronto Blue Jays|New York Yankees|141|147|Yankee Stadium|Scheduled|852943
2027-07-31||TBD|TBD|true|R|Washington Nationals|Cincinnati Reds|120|113|Great American Ball Park|Scheduled|853906
2027-08-01||TBD|TBD|true|R|Arizona Diamondbacks|Texas Rangers|109|140|Globe Life Field|Scheduled|852278
2027-08-01||TBD|TBD|true|R|Baltimore Orioles|Seattle Mariners|110|136|T-Mobile Park|Scheduled|852528
2027-08-01||TBD|TBD|true|R|Boston Red Sox|Chicago Cubs|111|112|Wrigley Field|Scheduled|854075
2027-08-01||TBD|TBD|true|R|Chicago White Sox|Cleveland Guardians|145|114|Progressive Field|Scheduled|853825
2027-08-01||TBD|TBD|true|R|Los Angeles Angels|Detroit Tigers|108|116|Comerica Park|Scheduled|853666
2027-08-01||TBD|TBD|true|R|Milwaukee Brewers|Colorado Rockies|158|115|Coors Field|Scheduled|853749
2027-08-01||TBD|TBD|true|R|Minnesota Twins|Kansas City Royals|142|118|Kauffman Stadium|Scheduled|853505
2027-08-01||TBD|TBD|true|R|New York Mets|Pittsburgh Pirates|121|134|PNC Park|Scheduled|852767
2027-08-01||TBD|TBD|true|R|Philadelphia Phillies|Miami Marlins|143|146|loanDepot park|Scheduled|853256
2027-08-01||TBD|TBD|true|R|San Diego Padres|Houston Astros|135|117|Daikin Park|Scheduled|853579
2027-08-01||TBD|TBD|true|R|San Francisco Giants|Los Angeles Dodgers|137|119|UNIQLO Field at Dodger Stadium|Scheduled|853328
2027-08-01||TBD|TBD|true|R|St. Louis Cardinals|Atlanta Braves|138|144|Truist Park|Scheduled|854312
2027-08-01||TBD|TBD|true|R|Tampa Bay Rays|Athletics|139|133|Sutter Health Park|Scheduled|854393
2027-08-01||TBD|TBD|true|R|Toronto Blue Jays|New York Yankees|141|147|Yankee Stadium|Scheduled|852935
2027-08-01||TBD|TBD|true|R|Washington Nationals|Cincinnati Reds|120|113|Great American Ball Park|Scheduled|853911
2027-08-02||TBD|TBD|true|R|Los Angeles Angels|Boston Red Sox|108|111|Fenway Park|Scheduled|854148
2027-08-02||TBD|TBD|true|R|New York Mets|Cincinnati Reds|121|113|Great American Ball Park|Scheduled|853910
2027-08-02||TBD|TBD|true|R|San Diego Padres|Milwaukee Brewers|135|158|American Family Field|Scheduled|853179
2027-08-02||TBD|TBD|true|R|San Francisco Giants|Chicago Cubs|137|112|Wrigley Field|Scheduled|854076
2027-08-02||TBD|TBD|true|R|St. Louis Cardinals|Philadelphia Phillies|138|143|Citizens Bank Park|Scheduled|852845
2027-08-02||TBD|TBD|true|R|Tampa Bay Rays|Arizona Diamondbacks|139|109|Chase Field|Scheduled|854478
2027-08-02||TBD|TBD|true|R|Toronto Blue Jays|New York Yankees|141|147|Yankee Stadium|Scheduled|852937
2027-08-03||TBD|TBD|true|R|Athletics|Miami Marlins|133|146|loanDepot park|Scheduled|853253
2027-08-03||TBD|TBD|true|R|Chicago White Sox|Detroit Tigers|145|116|Comerica Park|Scheduled|853662
2027-08-03||TBD|TBD|true|R|Colorado Rockies|Kansas City Royals|115|118|Kauffman Stadium|Scheduled|853504
2027-08-03||TBD|TBD|true|R|Houston Astros|Los Angeles Dodgers|117|119|UNIQLO Field at Dodger Stadium|Scheduled|853331
2027-08-03||TBD|TBD|true|R|Los Angeles Angels|Boston Red Sox|108|111|Fenway Park|Scheduled|854149
2027-08-03||TBD|TBD|true|R|Minnesota Twins|New York Yankees|142|147|Yankee Stadium|Scheduled|852930
2027-08-03||TBD|TBD|true|R|New York Mets|Cincinnati Reds|121|113|Great American Ball Park|Scheduled|853907
2027-08-03||TBD|TBD|true|R|Pittsburgh Pirates|Washington Nationals|134|120|Nationals Park|Scheduled|852114
2027-08-03||TBD|TBD|true|R|San Diego Padres|Milwaukee Brewers|135|158|American Family Field|Scheduled|853175
2027-08-03||TBD|TBD|true|R|San Francisco Giants|Chicago Cubs|137|112|Wrigley Field|Scheduled|854073
2027-08-03||TBD|TBD|true|R|Seattle Mariners|Atlanta Braves|136|144|Truist Park|Scheduled|854315
2027-08-03||TBD|TBD|true|R|St. Louis Cardinals|Philadelphia Phillies|138|143|Citizens Bank Park|Scheduled|852847
2027-08-03||TBD|TBD|true|R|Tampa Bay Rays|Arizona Diamondbacks|139|109|Chase Field|Scheduled|854477
2027-08-03||TBD|TBD|true|R|Texas Rangers|Cleveland Guardians|140|114|Progressive Field|Scheduled|853826
2027-08-03||TBD|TBD|true|R|Toronto Blue Jays|Baltimore Orioles|141|110|Oriole Park at Camden Yards|Scheduled|854233
2027-08-04||TBD|TBD|true|R|Athletics|Miami Marlins|133|146|loanDepot park|Scheduled|853259
2027-08-04||TBD|TBD|true|R|Chicago White Sox|Detroit Tigers|145|116|Comerica Park|Scheduled|853658
2027-08-04||TBD|TBD|true|R|Colorado Rockies|Kansas City Royals|115|118|Kauffman Stadium|Scheduled|853495
2027-08-04||TBD|TBD|true|R|Houston Astros|Los Angeles Dodgers|117|119|UNIQLO Field at Dodger Stadium|Scheduled|853329
2027-08-04||TBD|TBD|true|R|Los Angeles Angels|Boston Red Sox|108|111|Fenway Park|Scheduled|854154
2027-08-04||TBD|TBD|true|R|Minnesota Twins|New York Yankees|142|147|Yankee Stadium|Scheduled|852932
2027-08-04||TBD|TBD|true|R|New York Mets|Cincinnati Reds|121|113|Great American Ball Park|Scheduled|853913
2027-08-04||TBD|TBD|true|R|Pittsburgh Pirates|Washington Nationals|134|120|Nationals Park|Scheduled|852125
2027-08-04||TBD|TBD|true|R|San Diego Padres|Milwaukee Brewers|135|158|American Family Field|Scheduled|853168
2027-08-04||TBD|TBD|true|R|San Francisco Giants|Chicago Cubs|137|112|Wrigley Field|Scheduled|854057
2027-08-04||TBD|TBD|true|R|Seattle Mariners|Atlanta Braves|136|144|Truist Park|Scheduled|854306
2027-08-04||TBD|TBD|true|R|St. Louis Cardinals|Philadelphia Phillies|138|143|Citizens Bank Park|Scheduled|852852
2027-08-04||TBD|TBD|true|R|Tampa Bay Rays|Arizona Diamondbacks|139|109|Chase Field|Scheduled|854476
2027-08-04||TBD|TBD|true|R|Texas Rangers|Cleveland Guardians|140|114|Progressive Field|Scheduled|853824
2027-08-04||TBD|TBD|true|R|Toronto Blue Jays|Baltimore Orioles|141|110|Oriole Park at Camden Yards|Scheduled|854229
2027-08-05||TBD|TBD|true|R|Athletics|Miami Marlins|133|146|loanDepot park|Scheduled|853252
2027-08-05||TBD|TBD|true|R|Chicago White Sox|Detroit Tigers|145|116|Comerica Park|Scheduled|853661
2027-08-05||TBD|TBD|true|R|Colorado Rockies|Kansas City Royals|115|118|Kauffman Stadium|Scheduled|853499
2027-08-05||TBD|TBD|true|R|Houston Astros|Los Angeles Dodgers|117|119|UNIQLO Field at Dodger Stadium|Scheduled|853330
2027-08-05||TBD|TBD|true|R|Minnesota Twins|New York Yankees|142|147|Yankee Stadium|Scheduled|852918
2027-08-05||TBD|TBD|true|R|Pittsburgh Pirates|Washington Nationals|134|120|Nationals Park|Scheduled|852123
2027-08-05||TBD|TBD|true|R|Seattle Mariners|Atlanta Braves|136|144|Truist Park|Scheduled|854317
2027-08-05||TBD|TBD|true|R|Texas Rangers|Cleveland Guardians|140|114|Progressive Field|Scheduled|853821
2027-08-05||TBD|TBD|true|R|Toronto Blue Jays|Baltimore Orioles|141|110|Oriole Park at Camden Yards|Scheduled|854220
2027-08-06||TBD|TBD|true|R|Athletics|Texas Rangers|133|140|Globe Life Field|Scheduled|852280
2027-08-06||TBD|TBD|true|R|Atlanta Braves|Toronto Blue Jays|144|141|Rogers Centre|Scheduled|852206
2027-08-06||TBD|TBD|true|R|Chicago Cubs|Chicago White Sox|112|145|Rate Field|Scheduled|853995
2027-08-06||TBD|TBD|true|R|Cincinnati Reds|Milwaukee Brewers|113|158|American Family Field|Scheduled|853169
2027-08-06||TBD|TBD|true|R|Cleveland Guardians|Minnesota Twins|114|142|Target Field|Scheduled|853097
2027-08-06||TBD|TBD|true|R|Colorado Rockies|St. Louis Cardinals|115|138|Busch Stadium|Scheduled|852453
2027-08-06||TBD|TBD|true|R|Detroit Tigers|Los Angeles Angels|116|108|Angel Stadium|Scheduled|853421
2027-08-06||TBD|TBD|true|R|Houston Astros|Arizona Diamondbacks|117|109|Chase Field|Scheduled|854464
2027-08-06||TBD|TBD|true|R|Kansas City Royals|Philadelphia Phillies|118|143|Citizens Bank Park|Scheduled|852849
2027-08-06||TBD|TBD|true|R|Los Angeles Dodgers|San Francisco Giants|119|137|Oracle Park|Scheduled|852613
2027-08-06||TBD|TBD|true|R|Miami Marlins|San Diego Padres|146|135|Petco Park|Scheduled|852692
2027-08-06||TBD|TBD|true|R|New York Yankees|Boston Red Sox|147|111|Fenway Park|Scheduled|854153
2027-08-06||TBD|TBD|true|R|Pittsburgh Pirates|Baltimore Orioles|134|110|Oriole Park at Camden Yards|Scheduled|854221
2027-08-06||TBD|TBD|true|R|Seattle Mariners|Tampa Bay Rays|136|139|Tropicana Field|Scheduled|852358
2027-08-06||TBD|TBD|true|R|Washington Nationals|New York Mets|120|121|Citi Field|Scheduled|853020
2027-08-07||TBD|TBD|true|R|Athletics|Texas Rangers|133|140|Globe Life Field|Scheduled|852275
2027-08-07||TBD|TBD|true|R|Atlanta Braves|Toronto Blue Jays|144|141|Rogers Centre|Scheduled|852211
2027-08-07||TBD|TBD|true|R|Chicago Cubs|Chicago White Sox|112|145|Rate Field|Scheduled|853988
2027-08-07||TBD|TBD|true|R|Cincinnati Reds|Milwaukee Brewers|113|158|American Family Field|Scheduled|853167
2027-08-07||TBD|TBD|true|R|Cleveland Guardians|Minnesota Twins|114|142|Target Field|Scheduled|853110
2027-08-07||TBD|TBD|true|R|Colorado Rockies|St. Louis Cardinals|115|138|Busch Stadium|Scheduled|852450
2027-08-07||TBD|TBD|true|R|Detroit Tigers|Los Angeles Angels|116|108|Angel Stadium|Scheduled|853412
2027-08-07||TBD|TBD|true|R|Houston Astros|Arizona Diamondbacks|117|109|Chase Field|Scheduled|854474
2027-08-07||TBD|TBD|true|R|Kansas City Royals|Philadelphia Phillies|118|143|Citizens Bank Park|Scheduled|852856
2027-08-07||TBD|TBD|true|R|Los Angeles Dodgers|San Francisco Giants|119|137|Oracle Park|Scheduled|852609
2027-08-07||TBD|TBD|true|R|Miami Marlins|San Diego Padres|146|135|Petco Park|Scheduled|852694
2027-08-07||TBD|TBD|true|R|New York Yankees|Boston Red Sox|147|111|Fenway Park|Scheduled|854146
2027-08-07||TBD|TBD|true|R|Pittsburgh Pirates|Baltimore Orioles|134|110|Oriole Park at Camden Yards|Scheduled|854232
2027-08-07||TBD|TBD|true|R|Seattle Mariners|Tampa Bay Rays|136|139|Tropicana Field|Scheduled|852357
2027-08-07||TBD|TBD|true|R|Washington Nationals|New York Mets|120|121|Citi Field|Scheduled|853019
2027-08-08||TBD|TBD|true|R|Athletics|Texas Rangers|133|140|Globe Life Field|Scheduled|852273
2027-08-08||TBD|TBD|true|R|Atlanta Braves|Toronto Blue Jays|144|141|Rogers Centre|Scheduled|852207
2027-08-08||TBD|TBD|true|R|Chicago Cubs|Chicago White Sox|112|145|Rate Field|Scheduled|853990
2027-08-08||TBD|TBD|true|R|Cincinnati Reds|Milwaukee Brewers|113|158|American Family Field|Scheduled|853177
2027-08-08||TBD|TBD|true|R|Cleveland Guardians|Minnesota Twins|114|142|Target Field|Scheduled|853106
2027-08-08||TBD|TBD|true|R|Colorado Rockies|St. Louis Cardinals|115|138|Busch Stadium|Scheduled|852449
2027-08-08||TBD|TBD|true|R|Detroit Tigers|Los Angeles Angels|116|108|Angel Stadium|Scheduled|853416
2027-08-08||TBD|TBD|true|R|Houston Astros|Arizona Diamondbacks|117|109|Chase Field|Scheduled|854473
2027-08-08||TBD|TBD|true|R|Kansas City Royals|Philadelphia Phillies|118|143|Citizens Bank Park|Scheduled|852854
2027-08-08||TBD|TBD|true|R|Los Angeles Dodgers|San Francisco Giants|119|137|Oracle Park|Scheduled|852606
2027-08-08||TBD|TBD|true|R|Miami Marlins|San Diego Padres|146|135|Petco Park|Scheduled|852682
2027-08-08||TBD|TBD|true|R|New York Yankees|Boston Red Sox|147|111|Fenway Park|Scheduled|854147
2027-08-08||TBD|TBD|true|R|Pittsburgh Pirates|Baltimore Orioles|134|110|Oriole Park at Camden Yards|Scheduled|854228
2027-08-08||TBD|TBD|true|R|Seattle Mariners|Tampa Bay Rays|136|139|Tropicana Field|Scheduled|852366
2027-08-08||TBD|TBD|true|R|Washington Nationals|New York Mets|120|121|Citi Field|Scheduled|853013
2027-08-09||TBD|TBD|true|R|Arizona Diamondbacks|San Diego Padres|109|135|Petco Park|Scheduled|852678
2027-08-09||TBD|TBD|true|R|Atlanta Braves|New York Mets|144|121|Citi Field|Scheduled|853018
2027-08-09||TBD|TBD|true|R|Boston Red Sox|Chicago White Sox|111|145|Rate Field|Scheduled|853984
2027-08-09||TBD|TBD|true|R|Chicago Cubs|St. Louis Cardinals|112|138|Busch Stadium|Scheduled|852452
2027-08-09||TBD|TBD|true|R|Cincinnati Reds|Pittsburgh Pirates|113|134|PNC Park|Scheduled|852768
2027-08-09||TBD|TBD|true|R|Cleveland Guardians|Seattle Mariners|114|136|T-Mobile Park|Scheduled|852529
2027-08-09||TBD|TBD|true|R|Kansas City Royals|Minnesota Twins|118|142|Target Field|Scheduled|853096
2027-08-09||TBD|TBD|true|R|Los Angeles Dodgers|Texas Rangers|119|140|Globe Life Field|Scheduled|852272
2027-08-09||TBD|TBD|true|R|Miami Marlins|Los Angeles Angels|146|108|Angel Stadium|Scheduled|853417
2027-08-09||TBD|TBD|true|R|Milwaukee Brewers|San Francisco Giants|158|137|Oracle Park|Scheduled|852614
2027-08-09||TBD|TBD|true|R|New York Yankees|Tampa Bay Rays|147|139|Tropicana Field|Scheduled|852362
2027-08-09||TBD|TBD|true|R|Philadelphia Phillies|Colorado Rockies|143|115|Coors Field|Scheduled|853744
2027-08-10||TBD|TBD|true|R|Arizona Diamondbacks|San Diego Padres|109|135|Petco Park|Scheduled|852675
2027-08-10||TBD|TBD|true|R|Atlanta Braves|New York Mets|144|121|Citi Field|Scheduled|853022
2027-08-10||TBD|TBD|true|R|Baltimore Orioles|Houston Astros|110|117|Daikin Park|Scheduled|853584
2027-08-10||TBD|TBD|true|R|Boston Red Sox|Chicago White Sox|111|145|Rate Field|Scheduled|853983
2027-08-10||TBD|TBD|true|R|Chicago Cubs|St. Louis Cardinals|112|138|Busch Stadium|Scheduled|852445
2027-08-10||TBD|TBD|true|R|Cincinnati Reds|Pittsburgh Pirates|113|134|PNC Park|Scheduled|852775
2027-08-10||TBD|TBD|true|R|Cleveland Guardians|Seattle Mariners|114|136|T-Mobile Park|Scheduled|852521
2027-08-10||TBD|TBD|true|R|Detroit Tigers|Athletics|116|133|Sutter Health Park|Scheduled|854389
2027-08-10||TBD|TBD|true|R|Kansas City Royals|Minnesota Twins|118|142|Target Field|Scheduled|853090
2027-08-10||TBD|TBD|true|R|Los Angeles Dodgers|Texas Rangers|119|140|Globe Life Field|Scheduled|852282
2027-08-10||TBD|TBD|true|R|Miami Marlins|Los Angeles Angels|146|108|Angel Stadium|Scheduled|853418
2027-08-10||TBD|TBD|true|R|Milwaukee Brewers|San Francisco Giants|158|137|Oracle Park|Scheduled|852605
2027-08-10||TBD|TBD|true|R|New York Yankees|Tampa Bay Rays|147|139|Tropicana Field|Scheduled|852367
2027-08-10||TBD|TBD|true|R|Philadelphia Phillies|Colorado Rockies|143|115|Coors Field|Scheduled|853748
2027-08-10||TBD|TBD|true|R|Washington Nationals|Toronto Blue Jays|120|141|Rogers Centre|Scheduled|852212
2027-08-11||TBD|TBD|true|R|Arizona Diamondbacks|San Diego Padres|109|135|Petco Park|Scheduled|852679
2027-08-11||TBD|TBD|true|R|Atlanta Braves|New York Mets|144|121|Citi Field|Scheduled|853006
2027-08-11||TBD|TBD|true|R|Baltimore Orioles|Houston Astros|110|117|Daikin Park|Scheduled|853586
2027-08-11||TBD|TBD|true|R|Boston Red Sox|Chicago White Sox|111|145|Rate Field|Scheduled|853992
2027-08-11||TBD|TBD|true|R|Chicago Cubs|St. Louis Cardinals|112|138|Busch Stadium|Scheduled|852447
2027-08-11||TBD|TBD|true|R|Cincinnati Reds|Pittsburgh Pirates|113|134|PNC Park|Scheduled|852764
2027-08-11||TBD|TBD|true|R|Cleveland Guardians|Seattle Mariners|114|136|T-Mobile Park|Scheduled|852523
2027-08-11||TBD|TBD|true|R|Detroit Tigers|Athletics|116|133|Sutter Health Park|Scheduled|854386
2027-08-11||TBD|TBD|true|R|Kansas City Royals|Minnesota Twins|118|142|Target Field|Scheduled|853094
2027-08-11||TBD|TBD|true|R|Los Angeles Dodgers|Texas Rangers|119|140|Globe Life Field|Scheduled|852285
2027-08-11||TBD|TBD|true|R|Miami Marlins|Los Angeles Angels|146|108|Angel Stadium|Scheduled|853420
2027-08-11||TBD|TBD|true|R|Milwaukee Brewers|San Francisco Giants|158|137|Oracle Park|Scheduled|852597
2027-08-11||TBD|TBD|true|R|New York Yankees|Tampa Bay Rays|147|139|Tropicana Field|Scheduled|852360
2027-08-11||TBD|TBD|true|R|Philadelphia Phillies|Colorado Rockies|143|115|Coors Field|Scheduled|853742
2027-08-11||TBD|TBD|true|R|Washington Nationals|Toronto Blue Jays|120|141|Rogers Centre|Scheduled|852202
2027-08-12||TBD|TBD|true|R|Baltimore Orioles|Houston Astros|110|117|Daikin Park|Scheduled|853582
2027-08-12||TBD|TBD|true|R|Boston Red Sox|Kansas City Royals|111|118|Field of Dreams|Scheduled|853503
2027-08-12||TBD|TBD|true|R|Detroit Tigers|Athletics|116|133|Sutter Health Park|Scheduled|854390
2027-08-12||TBD|TBD|true|R|Milwaukee Brewers|Arizona Diamondbacks|158|109|Chase Field|Scheduled|854472
2027-08-12||TBD|TBD|true|R|Philadelphia Phillies|Colorado Rockies|143|115|Coors Field|Scheduled|853743
2027-08-12||TBD|TBD|true|R|Washington Nationals|Toronto Blue Jays|120|141|Rogers Centre|Scheduled|852199
2027-08-13||TBD|TBD|true|R|Baltimore Orioles|Atlanta Braves|110|144|Truist Park|Scheduled|854316
2027-08-13||TBD|TBD|true|R|Chicago White Sox|Colorado Rockies|145|115|Coors Field|Scheduled|853740
2027-08-13||TBD|TBD|true|R|Detroit Tigers|Seattle Mariners|116|136|T-Mobile Park|Scheduled|852524
2027-08-13||TBD|TBD|true|R|Los Angeles Angels|Athletics|108|133|Sutter Health Park|Scheduled|854387
2027-08-13||TBD|TBD|true|R|Milwaukee Brewers|Arizona Diamondbacks|158|109|Chase Field|Scheduled|854471
2027-08-13||TBD|TBD|true|R|Minnesota Twins|Houston Astros|142|117|Daikin Park|Scheduled|853568
2027-08-13||TBD|TBD|true|R|New York Yankees|Cincinnati Reds|147|113|Great American Ball Park|Scheduled|853903
2027-08-13||TBD|TBD|true|R|Philadelphia Phillies|Los Angeles Dodgers|143|119|UNIQLO Field at Dodger Stadium|Scheduled|853333
2027-08-13||TBD|TBD|true|R|San Diego Padres|Washington Nationals|135|120|Nationals Park|Scheduled|852122
2027-08-13||TBD|TBD|true|R|San Francisco Giants|Miami Marlins|137|146|loanDepot park|Scheduled|853257
2027-08-13||TBD|TBD|true|R|St. Louis Cardinals|New York Mets|138|121|Citi Field|Scheduled|853001
2027-08-13||TBD|TBD|true|R|Tampa Bay Rays|Chicago Cubs|139|112|Wrigley Field|Scheduled|854061
2027-08-13||TBD|TBD|true|R|Texas Rangers|Pittsburgh Pirates|140|134|PNC Park|Scheduled|852763
2027-08-13||TBD|TBD|true|R|Toronto Blue Jays|Cleveland Guardians|141|114|Progressive Field|Scheduled|853822
2027-08-14||TBD|TBD|true|R|Baltimore Orioles|Atlanta Braves|110|144|Truist Park|Scheduled|854311
2027-08-14||TBD|TBD|true|R|Boston Red Sox|Kansas City Royals|111|118|Kauffman Stadium|Scheduled|853502
2027-08-14||TBD|TBD|true|R|Chicago White Sox|Colorado Rockies|145|115|Coors Field|Scheduled|853739
2027-08-14||TBD|TBD|true|R|Detroit Tigers|Seattle Mariners|116|136|T-Mobile Park|Scheduled|852525
2027-08-14||TBD|TBD|true|R|Los Angeles Angels|Athletics|108|133|Sutter Health Park|Scheduled|854391
2027-08-14||TBD|TBD|true|R|Milwaukee Brewers|Arizona Diamondbacks|158|109|Chase Field|Scheduled|854470
2027-08-14||TBD|TBD|true|R|Minnesota Twins|Houston Astros|142|117|Daikin Park|Scheduled|853575
2027-08-14||TBD|TBD|true|R|New York Yankees|Cincinnati Reds|147|113|Great American Ball Park|Scheduled|853904
2027-08-14||TBD|TBD|true|R|Philadelphia Phillies|Los Angeles Dodgers|143|119|UNIQLO Field at Dodger Stadium|Scheduled|853340
2027-08-14||TBD|TBD|true|R|San Diego Padres|Washington Nationals|135|120|Nationals Park|Scheduled|852121
2027-08-14||TBD|TBD|true|R|San Francisco Giants|Miami Marlins|137|146|loanDepot park|Scheduled|853250
2027-08-14||TBD|TBD|true|R|St. Louis Cardinals|New York Mets|138|121|Citi Field|Scheduled|853007
2027-08-14||TBD|TBD|true|R|Tampa Bay Rays|Chicago Cubs|139|112|Wrigley Field|Scheduled|854067
2027-08-14||TBD|TBD|true|R|Texas Rangers|Pittsburgh Pirates|140|134|PNC Park|Scheduled|852761
2027-08-14||TBD|TBD|true|R|Toronto Blue Jays|Cleveland Guardians|141|114|Progressive Field|Scheduled|853820
2027-08-15||TBD|TBD|true|R|Baltimore Orioles|Atlanta Braves|110|144|Truist Park|Scheduled|854313
2027-08-15||TBD|TBD|true|R|Boston Red Sox|Kansas City Royals|111|118|Kauffman Stadium|Scheduled|853492
2027-08-15||TBD|TBD|true|R|Chicago White Sox|Colorado Rockies|145|115|Coors Field|Scheduled|853738
2027-08-15||TBD|TBD|true|R|Detroit Tigers|Seattle Mariners|116|136|T-Mobile Park|Scheduled|852522
2027-08-15||TBD|TBD|true|R|Los Angeles Angels|Athletics|108|133|Sutter Health Park|Scheduled|854392
2027-08-15||TBD|TBD|true|R|Milwaukee Brewers|Arizona Diamondbacks|158|109|Chase Field|Scheduled|854469
2027-08-15||TBD|TBD|true|R|Minnesota Twins|Houston Astros|142|117|Daikin Park|Scheduled|853576
2027-08-15||TBD|TBD|true|R|New York Yankees|Cincinnati Reds|147|113|Great American Ball Park|Scheduled|853902
2027-08-15||TBD|TBD|true|R|Philadelphia Phillies|Los Angeles Dodgers|143|119|UNIQLO Field at Dodger Stadium|Scheduled|853341
2027-08-15||TBD|TBD|true|R|San Diego Padres|Washington Nationals|135|120|Nationals Park|Scheduled|852124
2027-08-15||TBD|TBD|true|R|San Francisco Giants|Miami Marlins|137|146|loanDepot park|Scheduled|853254
2027-08-15||TBD|TBD|true|R|St. Louis Cardinals|New York Mets|138|121|Citi Field|Scheduled|853008
2027-08-15||TBD|TBD|true|R|Tampa Bay Rays|Chicago Cubs|139|112|Wrigley Field|Scheduled|854056
2027-08-15||TBD|TBD|true|R|Texas Rangers|Pittsburgh Pirates|140|134|PNC Park|Scheduled|852753
2027-08-15||TBD|TBD|true|R|Toronto Blue Jays|Cleveland Guardians|141|114|Progressive Field|Scheduled|853823
2027-08-16||TBD|TBD|true|R|Arizona Diamondbacks|Chicago Cubs|109|112|Wrigley Field|Scheduled|854058
2027-08-16||TBD|TBD|true|R|Athletics|Milwaukee Brewers|133|158|American Family Field|Scheduled|853171
2027-08-16||TBD|TBD|true|R|Atlanta Braves|Miami Marlins|144|146|loanDepot park|Scheduled|853255
2027-08-16||TBD|TBD|true|R|Baltimore Orioles|New York Yankees|110|147|Yankee Stadium|Scheduled|852921
2027-08-16||TBD|TBD|true|R|Chicago White Sox|Minnesota Twins|145|142|Target Field|Scheduled|853089
2027-08-16||TBD|TBD|true|R|Colorado Rockies|Los Angeles Dodgers|115|119|UNIQLO Field at Dodger Stadium|Scheduled|853337
2027-08-16||TBD|TBD|true|R|Los Angeles Angels|Seattle Mariners|108|136|T-Mobile Park|Scheduled|852519
2027-08-16||TBD|TBD|true|R|Pittsburgh Pirates|Cincinnati Reds|134|113|Great American Ball Park|Scheduled|853897
2027-08-16||TBD|TBD|true|R|San Diego Padres|Washington Nationals|135|120|Nationals Park|Scheduled|852117
2027-08-16||TBD|TBD|true|R|St. Louis Cardinals|Cleveland Guardians|138|114|Progressive Field|Scheduled|853819
2027-08-16||TBD|TBD|true|R|Texas Rangers|Kansas City Royals|140|118|Kauffman Stadium|Scheduled|853494
2027-08-16||TBD|TBD|true|R|Toronto Blue Jays|Boston Red Sox|141|111|Fenway Park|Scheduled|854152
2027-08-17||TBD|TBD|true|R|Arizona Diamondbacks|Chicago Cubs|109|112|Wrigley Field|Scheduled|854066
2027-08-17||TBD|TBD|true|R|Athletics|Milwaukee Brewers|133|158|American Family Field|Scheduled|853172
2027-08-17||TBD|TBD|true|R|Atlanta Braves|Miami Marlins|144|146|loanDepot park|Scheduled|853249
2027-08-17||TBD|TBD|true|R|Baltimore Orioles|New York Yankees|110|147|Yankee Stadium|Scheduled|852922
2027-08-17||TBD|TBD|true|R|Chicago White Sox|Minnesota Twins|145|142|Target Field|Scheduled|853084
2027-08-17||TBD|TBD|true|R|Colorado Rockies|Los Angeles Dodgers|115|119|UNIQLO Field at Dodger Stadium|Scheduled|853335
2027-08-17||TBD|TBD|true|R|Los Angeles Angels|Seattle Mariners|108|136|T-Mobile Park|Scheduled|852517
2027-08-17||TBD|TBD|true|R|New York Mets|Houston Astros|121|117|Daikin Park|Scheduled|853574
2027-08-17||TBD|TBD|true|R|Pittsburgh Pirates|Cincinnati Reds|134|113|Great American Ball Park|Scheduled|853890
2027-08-17||TBD|TBD|true|R|San Diego Padres|Philadelphia Phillies|135|143|Citizens Bank Park|Scheduled|852857
2027-08-17||TBD|TBD|true|R|San Francisco Giants|Washington Nationals|137|120|Nationals Park|Scheduled|852115
2027-08-17||TBD|TBD|true|R|St. Louis Cardinals|Cleveland Guardians|138|114|Progressive Field|Scheduled|853816
2027-08-17||TBD|TBD|true|R|Tampa Bay Rays|Detroit Tigers|139|116|Comerica Park|Scheduled|853659
2027-08-17||TBD|TBD|true|R|Texas Rangers|Kansas City Royals|140|118|Kauffman Stadium|Scheduled|853500
2027-08-17||TBD|TBD|true|R|Toronto Blue Jays|Boston Red Sox|141|111|Fenway Park|Scheduled|854144
2027-08-18||TBD|TBD|true|R|Arizona Diamondbacks|Chicago Cubs|109|112|Wrigley Field|Scheduled|854060
2027-08-18||TBD|TBD|true|R|Athletics|Milwaukee Brewers|133|158|American Family Field|Scheduled|853180
2027-08-18||TBD|TBD|true|R|Atlanta Braves|Miami Marlins|144|146|loanDepot park|Scheduled|853236
2027-08-18||TBD|TBD|true|R|Baltimore Orioles|New York Yankees|110|147|Yankee Stadium|Scheduled|852919
2027-08-18||TBD|TBD|true|R|Chicago White Sox|Minnesota Twins|145|142|Target Field|Scheduled|853086
2027-08-18||TBD|TBD|true|R|Colorado Rockies|Los Angeles Dodgers|115|119|UNIQLO Field at Dodger Stadium|Scheduled|853336
2027-08-18||TBD|TBD|true|R|Los Angeles Angels|Seattle Mariners|108|136|T-Mobile Park|Scheduled|852516
2027-08-18||TBD|TBD|true|R|New York Mets|Houston Astros|121|117|Daikin Park|Scheduled|853573
2027-08-18||TBD|TBD|true|R|Pittsburgh Pirates|Cincinnati Reds|134|113|Great American Ball Park|Scheduled|853892
2027-08-18||TBD|TBD|true|R|San Diego Padres|Philadelphia Phillies|135|143|Citizens Bank Park|Scheduled|852853
2027-08-18||TBD|TBD|true|R|San Francisco Giants|Washington Nationals|137|120|Nationals Park|Scheduled|852113
2027-08-18||TBD|TBD|true|R|St. Louis Cardinals|Cleveland Guardians|138|114|Progressive Field|Scheduled|853817
2027-08-18||TBD|TBD|true|R|Tampa Bay Rays|Detroit Tigers|139|116|Comerica Park|Scheduled|853660
2027-08-18||TBD|TBD|true|R|Texas Rangers|Kansas City Royals|140|118|Kauffman Stadium|Scheduled|853487
2027-08-18||TBD|TBD|true|R|Toronto Blue Jays|Boston Red Sox|141|111|Fenway Park|Scheduled|854145
2027-08-19|2027-08-19T23:10:00Z|16:10|19:10|false|R|Chicago Cubs|Toronto Blue Jays|112|141|Journey Bank Ballpark|Scheduled|852200
2027-08-19||TBD|TBD|true|R|Athletics|Chicago White Sox|133|145|Rate Field|Scheduled|853971
2027-08-19||TBD|TBD|true|R|Atlanta Braves|Miami Marlins|144|146|loanDepot park|Scheduled|853237
2027-08-19||TBD|TBD|true|R|New York Mets|Houston Astros|121|117|Daikin Park|Scheduled|853571
2027-08-19||TBD|TBD|true|R|Pittsburgh Pirates|Cincinnati Reds|134|113|Great American Ball Park|Scheduled|853896
2027-08-19||TBD|TBD|true|R|San Diego Padres|Philadelphia Phillies|135|143|Citizens Bank Park|Scheduled|852850
2027-08-19||TBD|TBD|true|R|San Francisco Giants|Washington Nationals|137|120|Nationals Park|Scheduled|852120
2027-08-19||TBD|TBD|true|R|Tampa Bay Rays|Detroit Tigers|139|116|Comerica Park|Scheduled|853657
2027-08-20||TBD|TBD|true|R|Arizona Diamondbacks|Colorado Rockies|109|115|Coors Field|Scheduled|853741
2027-08-20||TBD|TBD|true|R|Athletics|Chicago White Sox|133|145|Rate Field|Scheduled|853982
2027-08-20||TBD|TBD|true|R|Cincinnati Reds|Philadelphia Phillies|113|143|Citizens Bank Park|Scheduled|852855
2027-08-20||TBD|TBD|true|R|Houston Astros|Milwaukee Brewers|117|158|American Family Field|Scheduled|853174
2027-08-20||TBD|TBD|true|R|Kansas City Royals|Detroit Tigers|118|116|Comerica Park|Scheduled|853656
2027-08-20||TBD|TBD|true|R|Los Angeles Angels|St. Louis Cardinals|108|138|Busch Stadium|Scheduled|852444
2027-08-20||TBD|TBD|true|R|Los Angeles Dodgers|Baltimore Orioles|119|110|Oriole Park at Camden Yards|Scheduled|854223
2027-08-20||TBD|TBD|true|R|Miami Marlins|San Francisco Giants|146|137|Oracle Park|Scheduled|852598
2027-08-20||TBD|TBD|true|R|New York Mets|Atlanta Braves|121|144|Truist Park|Scheduled|854300
2027-08-20||TBD|TBD|true|R|Pittsburgh Pirates|Boston Red Sox|134|111|Fenway Park|Scheduled|854151
2027-08-20||TBD|TBD|true|R|Seattle Mariners|Minnesota Twins|136|142|Target Field|Scheduled|853091
2027-08-20||TBD|TBD|true|R|Tampa Bay Rays|Cleveland Guardians|139|114|Progressive Field|Scheduled|853814
2027-08-20||TBD|TBD|true|R|Texas Rangers|New York Yankees|140|147|Yankee Stadium|Scheduled|852927
2027-08-20||TBD|TBD|true|R|Washington Nationals|San Diego Padres|120|135|Petco Park|Scheduled|852687
2027-08-21||TBD|TBD|true|R|Arizona Diamondbacks|Colorado Rockies|109|115|Coors Field|Scheduled|853735
2027-08-21||TBD|TBD|true|R|Athletics|Chicago White Sox|133|145|Rate Field|Scheduled|853978
2027-08-21||TBD|TBD|true|R|Chicago Cubs|Toronto Blue Jays|112|141|Rogers Centre|Scheduled|852196
2027-08-21||TBD|TBD|true|R|Cincinnati Reds|Philadelphia Phillies|113|143|Citizens Bank Park|Scheduled|852851
2027-08-21||TBD|TBD|true|R|Houston Astros|Milwaukee Brewers|117|158|American Family Field|Scheduled|853176
2027-08-21||TBD|TBD|true|R|Kansas City Royals|Detroit Tigers|118|116|Comerica Park|Scheduled|853654
2027-08-21||TBD|TBD|true|R|Los Angeles Angels|St. Louis Cardinals|108|138|Busch Stadium|Scheduled|852443
2027-08-21||TBD|TBD|true|R|Los Angeles Dodgers|Baltimore Orioles|119|110|Oriole Park at Camden Yards|Scheduled|854224
2027-08-21||TBD|TBD|true|R|Miami Marlins|San Francisco Giants|146|137|Oracle Park|Scheduled|852599
2027-08-21||TBD|TBD|true|R|New York Mets|Atlanta Braves|121|144|Truist Park|Scheduled|854304
2027-08-21||TBD|TBD|true|R|Pittsburgh Pirates|Boston Red Sox|134|111|Fenway Park|Scheduled|854140
2027-08-21||TBD|TBD|true|R|Seattle Mariners|Minnesota Twins|136|142|Target Field|Scheduled|853095
2027-08-21||TBD|TBD|true|R|Tampa Bay Rays|Cleveland Guardians|139|114|Progressive Field|Scheduled|853818
2027-08-21||TBD|TBD|true|R|Texas Rangers|New York Yankees|140|147|Yankee Stadium|Scheduled|852926
2027-08-21||TBD|TBD|true|R|Washington Nationals|San Diego Padres|120|135|Petco Park|Scheduled|852676
2027-08-22||TBD|TBD|true|R|Arizona Diamondbacks|Colorado Rockies|109|115|Coors Field|Scheduled|853732
2027-08-22||TBD|TBD|true|R|Athletics|Chicago White Sox|133|145|Rate Field|Scheduled|853980
2027-08-22||TBD|TBD|true|R|Chicago Cubs|Toronto Blue Jays|112|141|Rogers Centre|Scheduled|852203
2027-08-22||TBD|TBD|true|R|Cincinnati Reds|Philadelphia Phillies|113|143|Citizens Bank Park|Scheduled|852848
2027-08-22||TBD|TBD|true|R|Houston Astros|Milwaukee Brewers|117|158|American Family Field|Scheduled|853164
2027-08-22||TBD|TBD|true|R|Kansas City Royals|Detroit Tigers|118|116|Comerica Park|Scheduled|853651
2027-08-22||TBD|TBD|true|R|Los Angeles Angels|St. Louis Cardinals|108|138|Busch Stadium|Scheduled|852448
2027-08-22||TBD|TBD|true|R|Los Angeles Dodgers|Baltimore Orioles|119|110|Oriole Park at Camden Yards|Scheduled|854231
2027-08-22||TBD|TBD|true|R|Miami Marlins|San Francisco Giants|146|137|Oracle Park|Scheduled|852601
2027-08-22||TBD|TBD|true|R|New York Mets|Atlanta Braves|121|144|Truist Park|Scheduled|854301
2027-08-22||TBD|TBD|true|R|Pittsburgh Pirates|Boston Red Sox|134|111|Fenway Park|Scheduled|854139
2027-08-22||TBD|TBD|true|R|Seattle Mariners|Minnesota Twins|136|142|Target Field|Scheduled|853092
2027-08-22||TBD|TBD|true|R|Tampa Bay Rays|Cleveland Guardians|139|114|Progressive Field|Scheduled|853815
2027-08-22||TBD|TBD|true|R|Texas Rangers|New York Yankees|140|147|Yankee Stadium|Scheduled|852925
2027-08-22||TBD|TBD|true|R|Washington Nationals|San Diego Padres|120|135|Petco Park|Scheduled|852677
2027-08-23||TBD|TBD|true|R|Chicago Cubs|Pittsburgh Pirates|112|134|PNC Park|Scheduled|852766
2027-08-23||TBD|TBD|true|R|Cleveland Guardians|San Diego Padres|114|135|Petco Park|Scheduled|852681
2027-08-23||TBD|TBD|true|R|Kansas City Royals|Detroit Tigers|118|116|Comerica Park|Scheduled|853648
2027-08-23||TBD|TBD|true|R|Los Angeles Dodgers|Cincinnati Reds|119|113|Great American Ball Park|Scheduled|853898
2027-08-23||TBD|TBD|true|R|Miami Marlins|St. Louis Cardinals|146|138|Busch Stadium|Scheduled|852454
2027-08-23||TBD|TBD|true|R|Milwaukee Brewers|Atlanta Braves|158|144|Truist Park|Scheduled|854294
2027-08-23||TBD|TBD|true|R|Minnesota Twins|Baltimore Orioles|142|110|Oriole Park at Camden Yards|Scheduled|854227
2027-08-23||TBD|TBD|true|R|Seattle Mariners|Texas Rangers|136|140|Globe Life Field|Scheduled|852276
2027-08-23||TBD|TBD|true|R|Washington Nationals|Arizona Diamondbacks|120|109|Chase Field|Scheduled|854468
2027-08-24||TBD|TBD|true|R|Boston Red Sox|San Francisco Giants|111|137|Oracle Park|Scheduled|852594
2027-08-24||TBD|TBD|true|R|Chicago Cubs|Pittsburgh Pirates|112|134|PNC Park|Scheduled|852762
2027-08-24||TBD|TBD|true|R|Cleveland Guardians|San Diego Padres|114|135|Petco Park|Scheduled|852683
2027-08-24||TBD|TBD|true|R|Colorado Rockies|New York Mets|115|121|Citi Field|Scheduled|853000
2027-08-24||TBD|TBD|true|R|Detroit Tigers|Tampa Bay Rays|116|139|Tropicana Field|Scheduled|852354
2027-08-24||TBD|TBD|true|R|Houston Astros|Chicago White Sox|117|145|Rate Field|Scheduled|853974
2027-08-24||TBD|TBD|true|R|Kansas City Royals|Toronto Blue Jays|118|141|Rogers Centre|Scheduled|852193
2027-08-24||TBD|TBD|true|R|Los Angeles Dodgers|Cincinnati Reds|119|113|Great American Ball Park|Scheduled|853894
2027-08-24||TBD|TBD|true|R|Miami Marlins|St. Louis Cardinals|146|138|Busch Stadium|Scheduled|852430
2027-08-24||TBD|TBD|true|R|Milwaukee Brewers|Atlanta Braves|158|144|Truist Park|Scheduled|854297
2027-08-24||TBD|TBD|true|R|Minnesota Twins|Baltimore Orioles|142|110|Oriole Park at Camden Yards|Scheduled|854230
2027-08-24||TBD|TBD|true|R|New York Yankees|Los Angeles Angels|147|108|Angel Stadium|Scheduled|853419
2027-08-24||TBD|TBD|true|R|Philadelphia Phillies|Athletics|143|133|Sutter Health Park|Scheduled|854388
2027-08-24||TBD|TBD|true|R|Seattle Mariners|Texas Rangers|136|140|Globe Life Field|Scheduled|852277
2027-08-24||TBD|TBD|true|R|Washington Nationals|Arizona Diamondbacks|120|109|Chase Field|Scheduled|854467
2027-08-25||TBD|TBD|true|R|Boston Red Sox|San Francisco Giants|111|137|Oracle Park|Scheduled|852604
2027-08-25||TBD|TBD|true|R|Chicago Cubs|Pittsburgh Pirates|112|134|PNC Park|Scheduled|852759
2027-08-25||TBD|TBD|true|R|Cleveland Guardians|San Diego Padres|114|135|Petco Park|Scheduled|852688
2027-08-25||TBD|TBD|true|R|Colorado Rockies|New York Mets|115|121|Citi Field|Scheduled|853010
2027-08-25||TBD|TBD|true|R|Detroit Tigers|Tampa Bay Rays|116|139|Tropicana Field|Scheduled|852356
2027-08-25||TBD|TBD|true|R|Houston Astros|Chicago White Sox|117|145|Rate Field|Scheduled|853973
2027-08-25||TBD|TBD|true|R|Kansas City Royals|Toronto Blue Jays|118|141|Rogers Centre|Scheduled|852191
2027-08-25||TBD|TBD|true|R|Los Angeles Dodgers|Cincinnati Reds|119|113|Great American Ball Park|Scheduled|853899
2027-08-25||TBD|TBD|true|R|Miami Marlins|St. Louis Cardinals|146|138|Busch Stadium|Scheduled|852428
2027-08-25||TBD|TBD|true|R|Milwaukee Brewers|Atlanta Braves|158|144|Truist Park|Scheduled|854305
2027-08-25||TBD|TBD|true|R|Minnesota Twins|Baltimore Orioles|142|110|Oriole Park at Camden Yards|Scheduled|854215
2027-08-25||TBD|TBD|true|R|New York Yankees|Los Angeles Angels|147|108|Angel Stadium|Scheduled|853415
2027-08-25||TBD|TBD|true|R|Philadelphia Phillies|Athletics|143|133|Sutter Health Park|Scheduled|854376
2027-08-25||TBD|TBD|true|R|Seattle Mariners|Texas Rangers|136|140|Globe Life Field|Scheduled|852279
2027-08-25||TBD|TBD|true|R|Washington Nationals|Arizona Diamondbacks|120|109|Chase Field|Scheduled|854466
2027-08-26||TBD|TBD|true|R|Boston Red Sox|San Francisco Giants|111|137|Oracle Park|Scheduled|852602
2027-08-26||TBD|TBD|true|R|Colorado Rockies|New York Mets|115|121|Citi Field|Scheduled|853004
2027-08-26||TBD|TBD|true|R|Detroit Tigers|Tampa Bay Rays|116|139|Tropicana Field|Scheduled|852365
2027-08-26||TBD|TBD|true|R|Houston Astros|Chicago White Sox|117|145|Rate Field|Scheduled|853975
2027-08-26||TBD|TBD|true|R|Kansas City Royals|Toronto Blue Jays|118|141|Rogers Centre|Scheduled|852194
2027-08-26||TBD|TBD|true|R|New York Yankees|Los Angeles Angels|147|108|Angel Stadium|Scheduled|853413
2027-08-26||TBD|TBD|true|R|Philadelphia Phillies|Athletics|143|133|Sutter Health Park|Scheduled|854383
2027-08-27||TBD|TBD|true|R|Atlanta Braves|Chicago Cubs|144|112|Wrigley Field|Scheduled|854062
2027-08-27||TBD|TBD|true|R|Baltimore Orioles|Toronto Blue Jays|110|141|Rogers Centre|Scheduled|852197
2027-08-27||TBD|TBD|true|R|Boston Red Sox|Texas Rangers|111|140|Globe Life Field|Scheduled|852274
2027-08-27||TBD|TBD|true|R|Chicago White Sox|New York Mets|145|121|Citi Field|Scheduled|852999
2027-08-27||TBD|TBD|true|R|Cleveland Guardians|Los Angeles Angels|114|108|Angel Stadium|Scheduled|853423
2027-08-27||TBD|TBD|true|R|Colorado Rockies|Pittsburgh Pirates|115|134|PNC Park|Scheduled|852755
2027-08-27||TBD|TBD|true|R|Detroit Tigers|Washington Nationals|116|120|Nationals Park|Scheduled|852118
2027-08-27||TBD|TBD|true|R|Houston Astros|Seattle Mariners|117|136|T-Mobile Park|Scheduled|852512
2027-08-27||TBD|TBD|true|R|Kansas City Royals|Miami Marlins|118|146|loanDepot park|Scheduled|853246
2027-08-27||TBD|TBD|true|R|Minnesota Twins|Tampa Bay Rays|142|139|Tropicana Field|Scheduled|852355
2027-08-27||TBD|TBD|true|R|New York Yankees|Los Angeles Dodgers|147|119|UNIQLO Field at Dodger Stadium|Scheduled|853338
2027-08-27||TBD|TBD|true|R|Philadelphia Phillies|Arizona Diamondbacks|143|109|Chase Field|Scheduled|854465
2027-08-27||TBD|TBD|true|R|San Diego Padres|Cincinnati Reds|135|113|Great American Ball Park|Scheduled|853900
2027-08-27||TBD|TBD|true|R|San Francisco Giants|Athletics|137|133|Sutter Health Park|Scheduled|854378
2027-08-27||TBD|TBD|true|R|St. Louis Cardinals|Milwaukee Brewers|138|158|American Family Field|Scheduled|853159
2027-08-28||TBD|TBD|true|R|Atlanta Braves|Chicago Cubs|144|112|Wrigley Field|Scheduled|854065
2027-08-28||TBD|TBD|true|R|Baltimore Orioles|Toronto Blue Jays|110|141|Rogers Centre|Scheduled|852192
2027-08-28||TBD|TBD|true|R|Boston Red Sox|Texas Rangers|111|140|Globe Life Field|Scheduled|852283
2027-08-28||TBD|TBD|true|R|Chicago White Sox|New York Mets|145|121|Citi Field|Scheduled|853011
2027-08-28||TBD|TBD|true|R|Cleveland Guardians|Los Angeles Angels|114|108|Angel Stadium|Scheduled|853410
2027-08-28||TBD|TBD|true|R|Colorado Rockies|Pittsburgh Pirates|115|134|PNC Park|Scheduled|852756
2027-08-28||TBD|TBD|true|R|Detroit Tigers|Washington Nationals|116|120|Nationals Park|Scheduled|852119
2027-08-28||TBD|TBD|true|R|Houston Astros|Seattle Mariners|117|136|T-Mobile Park|Scheduled|852509
2027-08-28||TBD|TBD|true|R|Kansas City Royals|Miami Marlins|118|146|loanDepot park|Scheduled|853247
2027-08-28||TBD|TBD|true|R|Minnesota Twins|Tampa Bay Rays|142|139|Tropicana Field|Scheduled|852361
2027-08-28||TBD|TBD|true|R|New York Yankees|Los Angeles Dodgers|147|119|UNIQLO Field at Dodger Stadium|Scheduled|853332
2027-08-28||TBD|TBD|true|R|Philadelphia Phillies|Arizona Diamondbacks|143|109|Chase Field|Scheduled|854463
2027-08-28||TBD|TBD|true|R|San Diego Padres|Cincinnati Reds|135|113|Great American Ball Park|Scheduled|853893
2027-08-28||TBD|TBD|true|R|San Francisco Giants|Athletics|137|133|Sutter Health Park|Scheduled|854379
2027-08-28||TBD|TBD|true|R|St. Louis Cardinals|Milwaukee Brewers|138|158|American Family Field|Scheduled|853157
2027-08-29||TBD|TBD|true|R|Atlanta Braves|Chicago Cubs|144|112|Wrigley Field|Scheduled|854059
2027-08-29||TBD|TBD|true|R|Baltimore Orioles|Toronto Blue Jays|110|141|Rogers Centre|Scheduled|852195
2027-08-29||TBD|TBD|true|R|Boston Red Sox|Texas Rangers|111|140|Globe Life Field|Scheduled|852281
2027-08-29||TBD|TBD|true|R|Chicago White Sox|New York Mets|145|121|Citi Field|Scheduled|853003
2027-08-29||TBD|TBD|true|R|Cleveland Guardians|Los Angeles Angels|114|108|Angel Stadium|Scheduled|853398
2027-08-29||TBD|TBD|true|R|Colorado Rockies|Pittsburgh Pirates|115|134|PNC Park|Scheduled|852765
2027-08-29||TBD|TBD|true|R|Detroit Tigers|Washington Nationals|116|120|Nationals Park|Scheduled|852116
2027-08-29||TBD|TBD|true|R|Houston Astros|Seattle Mariners|117|136|T-Mobile Park|Scheduled|852518
2027-08-29||TBD|TBD|true|R|Kansas City Royals|Miami Marlins|118|146|loanDepot park|Scheduled|853242
2027-08-29||TBD|TBD|true|R|Minnesota Twins|Tampa Bay Rays|142|139|Tropicana Field|Scheduled|852364
2027-08-29||TBD|TBD|true|R|New York Yankees|Los Angeles Dodgers|147|119|UNIQLO Field at Dodger Stadium|Scheduled|853334
2027-08-29||TBD|TBD|true|R|Philadelphia Phillies|Arizona Diamondbacks|143|109|Chase Field|Scheduled|854462
2027-08-29||TBD|TBD|true|R|San Diego Padres|Cincinnati Reds|135|113|Great American Ball Park|Scheduled|853891
2027-08-29||TBD|TBD|true|R|San Francisco Giants|Athletics|137|133|Sutter Health Park|Scheduled|854384
2027-08-29||TBD|TBD|true|R|St. Louis Cardinals|Milwaukee Brewers|138|158|American Family Field|Scheduled|853155
2027-08-30||TBD|TBD|true|R|Athletics|Seattle Mariners|133|136|T-Mobile Park|Scheduled|852510
2027-08-30||TBD|TBD|true|R|Baltimore Orioles|Boston Red Sox|110|111|Fenway Park|Scheduled|854142
2027-08-30||TBD|TBD|true|R|Chicago White Sox|Kansas City Royals|145|118|Kauffman Stadium|Scheduled|853481
2027-08-30||TBD|TBD|true|R|Cincinnati Reds|Washington Nationals|113|120|Nationals Park|Scheduled|852112
2027-08-30||TBD|TBD|true|R|Cleveland Guardians|San Francisco Giants|114|137|Oracle Park|Scheduled|852603
2027-08-30||TBD|TBD|true|R|Milwaukee Brewers|Chicago Cubs|158|112|Wrigley Field|Scheduled|854063
2027-08-30||TBD|TBD|true|R|St. Louis Cardinals|Los Angeles Dodgers|138|119|UNIQLO Field at Dodger Stadium|Scheduled|853339
2027-08-30||TBD|TBD|true|R|Toronto Blue Jays|Tampa Bay Rays|141|139|Tropicana Field|Scheduled|852359
2027-08-31||TBD|TBD|true|R|Arizona Diamondbacks|Minnesota Twins|109|142|Target Field|Scheduled|853093
2027-08-31||TBD|TBD|true|R|Athletics|Seattle Mariners|133|136|T-Mobile Park|Scheduled|852515
2027-08-31||TBD|TBD|true|R|Atlanta Braves|Philadelphia Phillies|144|143|Citizens Bank Park|Scheduled|852844
2027-08-31||TBD|TBD|true|R|Baltimore Orioles|Boston Red Sox|110|111|Fenway Park|Scheduled|854134
2027-08-31||TBD|TBD|true|R|Chicago White Sox|Kansas City Royals|145|118|Kauffman Stadium|Scheduled|853478
2027-08-31||TBD|TBD|true|R|Cincinnati Reds|Washington Nationals|113|120|Nationals Park|Scheduled|852101
2027-08-31||TBD|TBD|true|R|Cleveland Guardians|San Francisco Giants|114|137|Oracle Park|Scheduled|852592
2027-08-31||TBD|TBD|true|R|Los Angeles Angels|Colorado Rockies|108|115|Coors Field|Scheduled|853736
2027-08-31||TBD|TBD|true|R|Milwaukee Brewers|Chicago Cubs|158|112|Wrigley Field|Scheduled|854064
2027-08-31||TBD|TBD|true|R|New York Mets|Miami Marlins|121|146|loanDepot park|Scheduled|853238
2027-08-31||TBD|TBD|true|R|Pittsburgh Pirates|Detroit Tigers|134|116|Comerica Park|Scheduled|853647
2027-08-31||TBD|TBD|true|R|San Diego Padres|New York Yankees|135|147|Yankee Stadium|Scheduled|852920
2027-08-31||TBD|TBD|true|R|St. Louis Cardinals|Los Angeles Dodgers|138|119|UNIQLO Field at Dodger Stadium|Scheduled|853316
2027-08-31||TBD|TBD|true|R|Texas Rangers|Houston Astros|140|117|Daikin Park|Scheduled|853572
2027-08-31||TBD|TBD|true|R|Toronto Blue Jays|Tampa Bay Rays|141|139|Tropicana Field|Scheduled|852363
2027-09-01||TBD|TBD|true|R|Arizona Diamondbacks|Minnesota Twins|109|142|Target Field|Scheduled|853087
2027-09-01||TBD|TBD|true|R|Athletics|Seattle Mariners|133|136|T-Mobile Park|Scheduled|852513
2027-09-01||TBD|TBD|true|R|Atlanta Braves|Philadelphia Phillies|144|143|Citizens Bank Park|Scheduled|852833
2027-09-01||TBD|TBD|true|R|Baltimore Orioles|Boston Red Sox|110|111|Fenway Park|Scheduled|854136
2027-09-01||TBD|TBD|true|R|Chicago White Sox|Kansas City Royals|145|118|Kauffman Stadium|Scheduled|853483
2027-09-01||TBD|TBD|true|R|Cincinnati Reds|Washington Nationals|113|120|Nationals Park|Scheduled|852110
2027-09-01||TBD|TBD|true|R|Cleveland Guardians|San Francisco Giants|114|137|Oracle Park|Scheduled|852595
2027-09-01||TBD|TBD|true|R|Los Angeles Angels|Colorado Rockies|108|115|Coors Field|Scheduled|853733
2027-09-01||TBD|TBD|true|R|Milwaukee Brewers|Chicago Cubs|158|112|Wrigley Field|Scheduled|854047
2027-09-01||TBD|TBD|true|R|New York Mets|Miami Marlins|121|146|loanDepot park|Scheduled|853248
2027-09-01||TBD|TBD|true|R|Pittsburgh Pirates|Detroit Tigers|134|116|Comerica Park|Scheduled|853649
2027-09-01||TBD|TBD|true|R|San Diego Padres|New York Yankees|135|147|Yankee Stadium|Scheduled|852923
2027-09-01||TBD|TBD|true|R|St. Louis Cardinals|Los Angeles Dodgers|138|119|UNIQLO Field at Dodger Stadium|Scheduled|853322
2027-09-01||TBD|TBD|true|R|Texas Rangers|Houston Astros|140|117|Daikin Park|Scheduled|853570
2027-09-01||TBD|TBD|true|R|Toronto Blue Jays|Tampa Bay Rays|141|139|Tropicana Field|Scheduled|852341
2027-09-02||TBD|TBD|true|R|Arizona Diamondbacks|Minnesota Twins|109|142|Target Field|Scheduled|853088
2027-09-02||TBD|TBD|true|R|Atlanta Braves|Philadelphia Phillies|144|143|Citizens Bank Park|Scheduled|852830
2027-09-02||TBD|TBD|true|R|Baltimore Orioles|Boston Red Sox|110|111|Fenway Park|Scheduled|854141
2027-09-02||TBD|TBD|true|R|Los Angeles Angels|Colorado Rockies|108|115|Coors Field|Scheduled|853734
2027-09-02||TBD|TBD|true|R|New York Mets|Miami Marlins|121|146|loanDepot park|Scheduled|853244
2027-09-02||TBD|TBD|true|R|Pittsburgh Pirates|Detroit Tigers|134|116|Comerica Park|Scheduled|853655
2027-09-02||TBD|TBD|true|R|San Diego Padres|New York Yankees|135|147|Yankee Stadium|Scheduled|852928
2027-09-02||TBD|TBD|true|R|Texas Rangers|Houston Astros|140|117|Daikin Park|Scheduled|853577
2027-09-02||TBD|TBD|true|R|Toronto Blue Jays|Tampa Bay Rays|141|139|Tropicana Field|Scheduled|852339
2027-09-03||TBD|TBD|true|R|Arizona Diamondbacks|Los Angeles Angels|109|108|Angel Stadium|Scheduled|853405
2027-09-03||TBD|TBD|true|R|Athletics|Houston Astros|133|117|Daikin Park|Scheduled|853569
2027-09-03||TBD|TBD|true|R|Atlanta Braves|Cleveland Guardians|144|114|Progressive Field|Scheduled|853809
2027-09-03||TBD|TBD|true|R|Baltimore Orioles|Minnesota Twins|110|142|Target Field|Scheduled|853083
2027-09-03||TBD|TBD|true|R|Chicago Cubs|Cincinnati Reds|112|113|Great American Ball Park|Scheduled|853895
2027-09-03||TBD|TBD|true|R|Colorado Rockies|San Diego Padres|115|135|Petco Park|Scheduled|852684
2027-09-03||TBD|TBD|true|R|Los Angeles Dodgers|Kansas City Royals|119|118|Kauffman Stadium|Scheduled|853479
2027-09-03||TBD|TBD|true|R|Miami Marlins|Washington Nationals|146|120|Nationals Park|Scheduled|852107
2027-09-03||TBD|TBD|true|R|Milwaukee Brewers|Pittsburgh Pirates|158|134|PNC Park|Scheduled|852760
2027-09-03||TBD|TBD|true|R|New York Mets|Philadelphia Phillies|121|143|Citizens Bank Park|Scheduled|852831
2027-09-03||TBD|TBD|true|R|San Francisco Giants|St. Louis Cardinals|137|138|Busch Stadium|Scheduled|852429
2027-09-03||TBD|TBD|true|R|Seattle Mariners|Boston Red Sox|136|111|Fenway Park|Scheduled|854137
2027-09-03||TBD|TBD|true|R|Tampa Bay Rays|New York Yankees|139|147|Yankee Stadium|Scheduled|852915
2027-09-03||TBD|TBD|true|R|Texas Rangers|Detroit Tigers|140|116|Comerica Park|Scheduled|853652
2027-09-03||TBD|TBD|true|R|Toronto Blue Jays|Chicago White Sox|141|145|Rate Field|Scheduled|853979
2027-09-04||TBD|TBD|true|R|Arizona Diamondbacks|Los Angeles Angels|109|108|Angel Stadium|Scheduled|853399
2027-09-04||TBD|TBD|true|R|Athletics|Houston Astros|133|117|Daikin Park|Scheduled|853562
2027-09-04||TBD|TBD|true|R|Atlanta Braves|Cleveland Guardians|144|114|Progressive Field|Scheduled|853810
2027-09-04||TBD|TBD|true|R|Baltimore Orioles|Minnesota Twins|110|142|Target Field|Scheduled|853085
2027-09-04||TBD|TBD|true|R|Chicago Cubs|Cincinnati Reds|112|113|Great American Ball Park|Scheduled|853901
2027-09-04||TBD|TBD|true|R|Colorado Rockies|San Diego Padres|115|135|Petco Park|Scheduled|852685
2027-09-04||TBD|TBD|true|R|Los Angeles Dodgers|Kansas City Royals|119|118|Kauffman Stadium|Scheduled|853490
2027-09-04||TBD|TBD|true|R|Miami Marlins|Washington Nationals|146|120|Nationals Park|Scheduled|852100
2027-09-04||TBD|TBD|true|R|Milwaukee Brewers|Pittsburgh Pirates|158|134|PNC Park|Scheduled|852758
2027-09-04||TBD|TBD|true|R|New York Mets|Philadelphia Phillies|121|143|Citizens Bank Park|Scheduled|852832
2027-09-04||TBD|TBD|true|R|San Francisco Giants|St. Louis Cardinals|137|138|Busch Stadium|Scheduled|852431
2027-09-04||TBD|TBD|true|R|Seattle Mariners|Boston Red Sox|136|111|Fenway Park|Scheduled|854132
2027-09-04||TBD|TBD|true|R|Tampa Bay Rays|New York Yankees|139|147|Yankee Stadium|Scheduled|852924
2027-09-04||TBD|TBD|true|R|Texas Rangers|Detroit Tigers|140|116|Comerica Park|Scheduled|853653
2027-09-04||TBD|TBD|true|R|Toronto Blue Jays|Chicago White Sox|141|145|Rate Field|Scheduled|853972
2027-09-05||TBD|TBD|true|R|Arizona Diamondbacks|Los Angeles Angels|109|108|Angel Stadium|Scheduled|853409
2027-09-05||TBD|TBD|true|R|Athletics|Houston Astros|133|117|Daikin Park|Scheduled|853564
2027-09-05||TBD|TBD|true|R|Atlanta Braves|Cleveland Guardians|144|114|Progressive Field|Scheduled|853808
2027-09-05||TBD|TBD|true|R|Baltimore Orioles|Minnesota Twins|110|142|Target Field|Scheduled|853070
2027-09-05||TBD|TBD|true|R|Chicago Cubs|Cincinnati Reds|112|113|Great American Ball Park|Scheduled|853885
2027-09-05||TBD|TBD|true|R|Colorado Rockies|San Diego Padres|115|135|Petco Park|Scheduled|852686
2027-09-05||TBD|TBD|true|R|Los Angeles Dodgers|Kansas City Royals|119|118|Kauffman Stadium|Scheduled|853480
2027-09-05||TBD|TBD|true|R|Miami Marlins|Washington Nationals|146|120|Nationals Park|Scheduled|852103
2027-09-05||TBD|TBD|true|R|Milwaukee Brewers|Pittsburgh Pirates|158|134|PNC Park|Scheduled|852754
2027-09-05||TBD|TBD|true|R|New York Mets|Philadelphia Phillies|121|143|Citizens Bank Park|Scheduled|852839
2027-09-05||TBD|TBD|true|R|San Francisco Giants|St. Louis Cardinals|137|138|Busch Stadium|Scheduled|852436
2027-09-05||TBD|TBD|true|R|Seattle Mariners|Boston Red Sox|136|111|Fenway Park|Scheduled|854133
2027-09-05||TBD|TBD|true|R|Tampa Bay Rays|New York Yankees|139|147|Yankee Stadium|Scheduled|852917
2027-09-05||TBD|TBD|true|R|Texas Rangers|Detroit Tigers|140|116|Comerica Park|Scheduled|853650
2027-09-05||TBD|TBD|true|R|Toronto Blue Jays|Chicago White Sox|141|145|Rate Field|Scheduled|853969
2027-09-06||TBD|TBD|true|R|Boston Red Sox|Toronto Blue Jays|111|141|Rogers Centre|Scheduled|852198
2027-09-06||TBD|TBD|true|R|Chicago Cubs|Milwaukee Brewers|112|158|American Family Field|Scheduled|853153
2027-09-06||TBD|TBD|true|R|Cincinnati Reds|Colorado Rockies|113|115|Coors Field|Scheduled|853737
2027-09-06||TBD|TBD|true|R|Detroit Tigers|Cleveland Guardians|116|114|Progressive Field|Scheduled|853812
2027-09-06||TBD|TBD|true|R|Houston Astros|St. Louis Cardinals|117|138|Busch Stadium|Scheduled|852438
2027-09-06||TBD|TBD|true|R|Kansas City Royals|Athletics|118|133|Sutter Health Park|Scheduled|854385
2027-09-06||TBD|TBD|true|R|Los Angeles Dodgers|Atlanta Braves|119|144|Truist Park|Scheduled|854299
2027-09-06||TBD|TBD|true|R|Miami Marlins|Philadelphia Phillies|146|143|Citizens Bank Park|Scheduled|852840
2027-09-06||TBD|TBD|true|R|Minnesota Twins|Chicago White Sox|142|145|Rate Field|Scheduled|853970
2027-09-06||TBD|TBD|true|R|New York Yankees|Texas Rangers|147|140|Globe Life Field|Scheduled|852286
2027-09-06||TBD|TBD|true|R|Pittsburgh Pirates|Arizona Diamondbacks|134|109|Chase Field|Scheduled|854461
2027-09-06||TBD|TBD|true|R|San Francisco Giants|San Diego Padres|137|135|Petco Park|Scheduled|852680
2027-09-06||TBD|TBD|true|R|Seattle Mariners|New York Mets|136|121|Citi Field|Scheduled|853012
2027-09-06||TBD|TBD|true|R|Tampa Bay Rays|Baltimore Orioles|139|110|Oriole Park at Camden Yards|Scheduled|854210
2027-09-06||TBD|TBD|true|R|Washington Nationals|Los Angeles Angels|120|108|Angel Stadium|Scheduled|853401
2027-09-07||TBD|TBD|true|R|Boston Red Sox|Toronto Blue Jays|111|141|Rogers Centre|Scheduled|852201
2027-09-07||TBD|TBD|true|R|Chicago Cubs|Milwaukee Brewers|112|158|American Family Field|Scheduled|853166
2027-09-07||TBD|TBD|true|R|Cincinnati Reds|Colorado Rockies|113|115|Coors Field|Scheduled|853730
2027-09-07||TBD|TBD|true|R|Detroit Tigers|Cleveland Guardians|116|114|Progressive Field|Scheduled|853811
2027-09-07||TBD|TBD|true|R|Houston Astros|St. Louis Cardinals|117|138|Busch Stadium|Scheduled|852439
2027-09-07||TBD|TBD|true|R|Kansas City Royals|Athletics|118|133|Sutter Health Park|Scheduled|854377
2027-09-07||TBD|TBD|true|R|Los Angeles Dodgers|Atlanta Braves|119|144|Truist Park|Scheduled|854295
2027-09-07||TBD|TBD|true|R|Miami Marlins|Philadelphia Phillies|146|143|Citizens Bank Park|Scheduled|852842
2027-09-07||TBD|TBD|true|R|Minnesota Twins|Chicago White Sox|142|145|Rate Field|Scheduled|853976
2027-09-07||TBD|TBD|true|R|New York Yankees|Texas Rangers|147|140|Globe Life Field|Scheduled|852284
2027-09-07||TBD|TBD|true|R|Pittsburgh Pirates|Arizona Diamondbacks|134|109|Chase Field|Scheduled|854457
2027-09-07||TBD|TBD|true|R|San Francisco Giants|San Diego Padres|137|135|Petco Park|Scheduled|852673
2027-09-07||TBD|TBD|true|R|Seattle Mariners|New York Mets|136|121|Citi Field|Scheduled|853005
2027-09-07||TBD|TBD|true|R|Tampa Bay Rays|Baltimore Orioles|139|110|Oriole Park at Camden Yards|Scheduled|854207
2027-09-07||TBD|TBD|true|R|Washington Nationals|Los Angeles Angels|120|108|Angel Stadium|Scheduled|853404
2027-09-08||TBD|TBD|true|R|Boston Red Sox|Toronto Blue Jays|111|141|Rogers Centre|Scheduled|852184
2027-09-08||TBD|TBD|true|R|Chicago Cubs|Milwaukee Brewers|112|158|American Family Field|Scheduled|853163
2027-09-08||TBD|TBD|true|R|Cincinnati Reds|Colorado Rockies|113|115|Coors Field|Scheduled|853726
2027-09-08||TBD|TBD|true|R|Detroit Tigers|Cleveland Guardians|116|114|Progressive Field|Scheduled|853813
2027-09-08||TBD|TBD|true|R|Houston Astros|St. Louis Cardinals|117|138|Busch Stadium|Scheduled|852435
2027-09-08||TBD|TBD|true|R|Kansas City Royals|Athletics|118|133|Sutter Health Park|Scheduled|854381
2027-09-08||TBD|TBD|true|R|Los Angeles Dodgers|Atlanta Braves|119|144|Truist Park|Scheduled|854298
2027-09-08||TBD|TBD|true|R|Miami Marlins|Philadelphia Phillies|146|143|Citizens Bank Park|Scheduled|852836
2027-09-08||TBD|TBD|true|R|Minnesota Twins|Chicago White Sox|142|145|Rate Field|Scheduled|853977
2027-09-08||TBD|TBD|true|R|New York Yankees|Texas Rangers|147|140|Globe Life Field|Scheduled|852271
2027-09-08||TBD|TBD|true|R|Pittsburgh Pirates|Arizona Diamondbacks|134|109|Chase Field|Scheduled|854456
2027-09-08||TBD|TBD|true|R|San Francisco Giants|San Diego Padres|137|135|Petco Park|Scheduled|852674
2027-09-08||TBD|TBD|true|R|Seattle Mariners|New York Mets|136|121|Citi Field|Scheduled|853002
2027-09-08||TBD|TBD|true|R|Tampa Bay Rays|Baltimore Orioles|139|110|Oriole Park at Camden Yards|Scheduled|854217
2027-09-08||TBD|TBD|true|R|Washington Nationals|Los Angeles Angels|120|108|Angel Stadium|Scheduled|853403
2027-09-09||TBD|TBD|true|R|Cincinnati Reds|Chicago Cubs|113|112|Wrigley Field|Scheduled|854054
2027-09-09||TBD|TBD|true|R|Miami Marlins|Philadelphia Phillies|146|143|Citizens Bank Park|Scheduled|852837
2027-09-10||TBD|TBD|true|R|Chicago White Sox|Atlanta Braves|145|144|Truist Park|Scheduled|854303
2027-09-10||TBD|TBD|true|R|Cincinnati Reds|Chicago Cubs|113|112|Wrigley Field|Scheduled|854051
2027-09-10||TBD|TBD|true|R|Cleveland Guardians|New York Mets|114|121|Citi Field|Scheduled|853009
2027-09-10||TBD|TBD|true|R|Detroit Tigers|Boston Red Sox|116|111|Fenway Park|Scheduled|854143
2027-09-10||TBD|TBD|true|R|Houston Astros|Toronto Blue Jays|117|141|Rogers Centre|Scheduled|852189
2027-09-10||TBD|TBD|true|R|Kansas City Royals|Arizona Diamondbacks|118|109|Chase Field|Scheduled|854455
2027-09-10||TBD|TBD|true|R|Los Angeles Angels|Texas Rangers|108|140|Globe Life Field|Scheduled|852263
2027-09-10||TBD|TBD|true|R|Miami Marlins|Tampa Bay Rays|146|139|Tropicana Field|Scheduled|852340
2027-09-10||TBD|TBD|true|R|Milwaukee Brewers|Minnesota Twins|158|142|Target Field|Scheduled|853081
2027-09-10||TBD|TBD|true|R|New York Yankees|Athletics|147|133|Sutter Health Park|Scheduled|854382
2027-09-10||TBD|TBD|true|R|Philadelphia Phillies|St. Louis Cardinals|143|138|Busch Stadium|Scheduled|852440
2027-09-10||TBD|TBD|true|R|Pittsburgh Pirates|San Francisco Giants|134|137|Oracle Park|Scheduled|852596
2027-09-10||TBD|TBD|true|R|San Diego Padres|Los Angeles Dodgers|135|119|UNIQLO Field at Dodger Stadium|Scheduled|853319
2027-09-10||TBD|TBD|true|R|Seattle Mariners|Baltimore Orioles|136|110|Oriole Park at Camden Yards|Scheduled|854209
2027-09-10||TBD|TBD|true|R|Washington Nationals|Colorado Rockies|120|115|Coors Field|Scheduled|853731
2027-09-11||TBD|TBD|true|R|Chicago White Sox|Atlanta Braves|145|144|Truist Park|Scheduled|854296
2027-09-11||TBD|TBD|true|R|Cincinnati Reds|Chicago Cubs|113|112|Wrigley Field|Scheduled|854044
2027-09-11||TBD|TBD|true|R|Cleveland Guardians|New York Mets|114|121|Citi Field|Scheduled|852995
2027-09-11||TBD|TBD|true|R|Detroit Tigers|Boston Red Sox|116|111|Fenway Park|Scheduled|854138
2027-09-11||TBD|TBD|true|R|Houston Astros|Toronto Blue Jays|117|141|Rogers Centre|Scheduled|852180
2027-09-11||TBD|TBD|true|R|Kansas City Royals|Arizona Diamondbacks|118|109|Chase Field|Scheduled|854454
2027-09-11||TBD|TBD|true|R|Los Angeles Angels|Texas Rangers|108|140|Globe Life Field|Scheduled|852261
2027-09-11||TBD|TBD|true|R|Miami Marlins|Tampa Bay Rays|146|139|Tropicana Field|Scheduled|852342
2027-09-11||TBD|TBD|true|R|Milwaukee Brewers|Minnesota Twins|158|142|Target Field|Scheduled|853076
2027-09-11||TBD|TBD|true|R|New York Yankees|Athletics|147|133|Sutter Health Park|Scheduled|854380
2027-09-11||TBD|TBD|true|R|Philadelphia Phillies|St. Louis Cardinals|143|138|Busch Stadium|Scheduled|852434
2027-09-11||TBD|TBD|true|R|Pittsburgh Pirates|San Francisco Giants|134|137|Oracle Park|Scheduled|852591
2027-09-11||TBD|TBD|true|R|San Diego Padres|Los Angeles Dodgers|135|119|UNIQLO Field at Dodger Stadium|Scheduled|853321
2027-09-11||TBD|TBD|true|R|Seattle Mariners|Baltimore Orioles|136|110|Oriole Park at Camden Yards|Scheduled|854216
2027-09-11||TBD|TBD|true|R|Washington Nationals|Colorado Rockies|120|115|Coors Field|Scheduled|853728
2027-09-12||TBD|TBD|true|R|Chicago White Sox|Atlanta Braves|145|144|Truist Park|Scheduled|854302
2027-09-12||TBD|TBD|true|R|Cincinnati Reds|Chicago Cubs|113|112|Wrigley Field|Scheduled|854043
2027-09-12||TBD|TBD|true|R|Cleveland Guardians|New York Mets|114|121|Citi Field|Scheduled|852994
2027-09-12||TBD|TBD|true|R|Detroit Tigers|Boston Red Sox|116|111|Fenway Park|Scheduled|854135
2027-09-12||TBD|TBD|true|R|Houston Astros|Toronto Blue Jays|117|141|Rogers Centre|Scheduled|852179
2027-09-12||TBD|TBD|true|R|Kansas City Royals|Arizona Diamondbacks|118|109|Chase Field|Scheduled|854453
2027-09-12||TBD|TBD|true|R|Los Angeles Angels|Texas Rangers|108|140|Globe Life Field|Scheduled|852262
2027-09-12||TBD|TBD|true|R|Miami Marlins|Tampa Bay Rays|146|139|Tropicana Field|Scheduled|852348
2027-09-12||TBD|TBD|true|R|Milwaukee Brewers|Minnesota Twins|158|142|Target Field|Scheduled|853082
2027-09-12||TBD|TBD|true|R|New York Yankees|Athletics|147|133|Sutter Health Park|Scheduled|854372
2027-09-12||TBD|TBD|true|R|Philadelphia Phillies|St. Louis Cardinals|143|138|Busch Stadium|Scheduled|852427
2027-09-12||TBD|TBD|true|R|Pittsburgh Pirates|San Francisco Giants|134|137|Oracle Park|Scheduled|852593
2027-09-12||TBD|TBD|true|R|San Diego Padres|Los Angeles Dodgers|135|119|UNIQLO Field at Dodger Stadium|Scheduled|853323
2027-09-12||TBD|TBD|true|R|Seattle Mariners|Baltimore Orioles|136|110|Oriole Park at Camden Yards|Scheduled|854219
2027-09-12||TBD|TBD|true|R|Washington Nationals|Colorado Rockies|120|115|Coors Field|Scheduled|853729
2027-09-13||TBD|TBD|true|R|Arizona Diamondbacks|San Francisco Giants|109|137|Oracle Park|Scheduled|852600
2027-09-13||TBD|TBD|true|R|Cleveland Guardians|Kansas City Royals|114|118|Kauffman Stadium|Scheduled|853482
2027-09-13||TBD|TBD|true|R|Los Angeles Angels|Houston Astros|108|117|Daikin Park|Scheduled|853560
2027-09-13||TBD|TBD|true|R|Minnesota Twins|Detroit Tigers|142|116|Comerica Park|Scheduled|853644
2027-09-13||TBD|TBD|true|R|New York Mets|Washington Nationals|121|120|Nationals Park|Scheduled|852109
2027-09-13||TBD|TBD|true|R|Texas Rangers|Seattle Mariners|140|136|T-Mobile Park|Scheduled|852511
2027-09-13||TBD|TBD|true|R|Toronto Blue Jays|Los Angeles Dodgers|141|119|UNIQLO Field at Dodger Stadium|Scheduled|853324
2027-09-14||TBD|TBD|true|R|Arizona Diamondbacks|San Francisco Giants|109|137|Oracle Park|Scheduled|852588
2027-09-14||TBD|TBD|true|R|Athletics|Tampa Bay Rays|133|139|Tropicana Field|Scheduled|852352
2027-09-14||TBD|TBD|true|R|Atlanta Braves|San Diego Padres|144|135|Petco Park|Scheduled|852667
2027-09-14||TBD|TBD|true|R|Baltimore Orioles|Chicago Cubs|110|112|Wrigley Field|Scheduled|854045
2027-09-14||TBD|TBD|true|R|Boston Red Sox|Milwaukee Brewers|111|158|American Family Field|Scheduled|853161
2027-09-14||TBD|TBD|true|R|Chicago White Sox|New York Yankees|145|147|Yankee Stadium|Scheduled|852916
2027-09-14||TBD|TBD|true|R|Cleveland Guardians|Kansas City Royals|114|118|Kauffman Stadium|Scheduled|853484
2027-09-14||TBD|TBD|true|R|Colorado Rockies|Miami Marlins|115|146|loanDepot park|Scheduled|853245
2027-09-14||TBD|TBD|true|R|Los Angeles Angels|Houston Astros|108|117|Daikin Park|Scheduled|853559
2027-09-14||TBD|TBD|true|R|Minnesota Twins|Detroit Tigers|142|116|Comerica Park|Scheduled|853639
2027-09-14||TBD|TBD|true|R|New York Mets|Washington Nationals|121|120|Nationals Park|Scheduled|852108
2027-09-14||TBD|TBD|true|R|Philadelphia Phillies|Cincinnati Reds|143|113|Great American Ball Park|Scheduled|853877
2027-09-14||TBD|TBD|true|R|St. Louis Cardinals|Pittsburgh Pirates|138|134|PNC Park|Scheduled|852757
2027-09-14||TBD|TBD|true|R|Texas Rangers|Seattle Mariners|140|136|T-Mobile Park|Scheduled|852514
2027-09-14||TBD|TBD|true|R|Toronto Blue Jays|Los Angeles Dodgers|141|119|UNIQLO Field at Dodger Stadium|Scheduled|853315
2027-09-15||TBD|TBD|true|R|Arizona Diamondbacks|San Francisco Giants|109|137|Oracle Park|Scheduled|852581
2027-09-15||TBD|TBD|true|R|Athletics|Tampa Bay Rays|133|139|Tropicana Field|Scheduled|852353
2027-09-15||TBD|TBD|true|R|Atlanta Braves|San Diego Padres|144|135|Petco Park|Scheduled|852670
2027-09-15||TBD|TBD|true|R|Baltimore Orioles|Chicago Cubs|110|112|Wrigley Field|Scheduled|854052
2027-09-15||TBD|TBD|true|R|Boston Red Sox|Milwaukee Brewers|111|158|American Family Field|Scheduled|853156
2027-09-15||TBD|TBD|true|R|Chicago White Sox|New York Yankees|145|147|Yankee Stadium|Scheduled|852905
2027-09-15||TBD|TBD|true|R|Cleveland Guardians|Kansas City Royals|114|118|Kauffman Stadium|Scheduled|853485
2027-09-15||TBD|TBD|true|R|Colorado Rockies|Miami Marlins|115|146|loanDepot park|Scheduled|853239
2027-09-15||TBD|TBD|true|R|Los Angeles Angels|Houston Astros|108|117|Daikin Park|Scheduled|853563
2027-09-15||TBD|TBD|true|R|Minnesota Twins|Detroit Tigers|142|116|Comerica Park|Scheduled|853637
2027-09-15||TBD|TBD|true|R|New York Mets|Washington Nationals|121|120|Nationals Park|Scheduled|852105
2027-09-15||TBD|TBD|true|R|Philadelphia Phillies|Cincinnati Reds|143|113|Great American Ball Park|Scheduled|853884
2027-09-15||TBD|TBD|true|R|St. Louis Cardinals|Pittsburgh Pirates|138|134|PNC Park|Scheduled|852743
2027-09-15||TBD|TBD|true|R|Texas Rangers|Seattle Mariners|140|136|T-Mobile Park|Scheduled|852520
2027-09-15||TBD|TBD|true|R|Toronto Blue Jays|Los Angeles Dodgers|141|119|UNIQLO Field at Dodger Stadium|Scheduled|853320
2027-09-16||TBD|TBD|true|R|Arizona Diamondbacks|Los Angeles Dodgers|109|119|UNIQLO Field at Dodger Stadium|Scheduled|853327
2027-09-16||TBD|TBD|true|R|Athletics|Tampa Bay Rays|133|139|Tropicana Field|Scheduled|852349
2027-09-16||TBD|TBD|true|R|Atlanta Braves|San Diego Padres|144|135|Petco Park|Scheduled|852664
2027-09-16||TBD|TBD|true|R|Baltimore Orioles|Chicago Cubs|110|112|Wrigley Field|Scheduled|854053
2027-09-16||TBD|TBD|true|R|Boston Red Sox|Milwaukee Brewers|111|158|American Family Field|Scheduled|853154
2027-09-16||TBD|TBD|true|R|Chicago White Sox|New York Yankees|145|147|Yankee Stadium|Scheduled|852913
2027-09-16||TBD|TBD|true|R|Cleveland Guardians|Kansas City Royals|114|118|Kauffman Stadium|Scheduled|853488
2027-09-16||TBD|TBD|true|R|Colorado Rockies|Miami Marlins|115|146|loanDepot park|Scheduled|853240
2027-09-16||TBD|TBD|true|R|Los Angeles Angels|Houston Astros|108|117|Daikin Park|Scheduled|853565
2027-09-16||TBD|TBD|true|R|Minnesota Twins|Detroit Tigers|142|116|Comerica Park|Scheduled|853638
2027-09-16||TBD|TBD|true|R|New York Mets|Washington Nationals|121|120|Nationals Park|Scheduled|852106
2027-09-16||TBD|TBD|true|R|Philadelphia Phillies|Cincinnati Reds|143|113|Great American Ball Park|Scheduled|853889
2027-09-16||TBD|TBD|true|R|St. Louis Cardinals|Pittsburgh Pirates|138|134|PNC Park|Scheduled|852742
2027-09-16||TBD|TBD|true|R|Texas Rangers|Seattle Mariners|140|136|T-Mobile Park|Scheduled|852498
2027-09-17||TBD|TBD|true|R|Arizona Diamondbacks|Los Angeles Dodgers|109|119|UNIQLO Field at Dodger Stadium|Scheduled|853318
2027-09-17||TBD|TBD|true|R|Athletics|Detroit Tigers|133|116|Comerica Park|Scheduled|853640
2027-09-17||TBD|TBD|true|R|Atlanta Braves|San Francisco Giants|144|137|Oracle Park|Scheduled|852582
2027-09-17||TBD|TBD|true|R|Baltimore Orioles|Milwaukee Brewers|110|158|American Family Field|Scheduled|853165
2027-09-17||TBD|TBD|true|R|Boston Red Sox|New York Yankees|111|147|Yankee Stadium|Scheduled|852909
2027-09-17||TBD|TBD|true|R|Chicago White Sox|Washington Nationals|145|120|Nationals Park|Scheduled|852102
2027-09-17||TBD|TBD|true|R|Cleveland Guardians|Pittsburgh Pirates|114|134|PNC Park|Scheduled|852741
2027-09-17||TBD|TBD|true|R|Colorado Rockies|Tampa Bay Rays|115|139|Tropicana Field|Scheduled|852350
2027-09-17||TBD|TBD|true|R|Los Angeles Angels|Kansas City Royals|108|118|Kauffman Stadium|Scheduled|853491
2027-09-17||TBD|TBD|true|R|Minnesota Twins|Miami Marlins|142|146|loanDepot park|Scheduled|853243
2027-09-17||TBD|TBD|true|R|New York Mets|Chicago Cubs|121|112|Wrigley Field|Scheduled|854050
2027-09-17||TBD|TBD|true|R|Philadelphia Phillies|Houston Astros|143|117|Daikin Park|Scheduled|853567
2027-09-17||TBD|TBD|true|R|St. Louis Cardinals|Cincinnati Reds|138|113|Great American Ball Park|Scheduled|853880
2027-09-17||TBD|TBD|true|R|Texas Rangers|San Diego Padres|140|135|Petco Park|Scheduled|852661
2027-09-17||TBD|TBD|true|R|Toronto Blue Jays|Seattle Mariners|141|136|T-Mobile Park|Scheduled|852495
2027-09-18||TBD|TBD|true|R|Arizona Diamondbacks|Los Angeles Dodgers|109|119|UNIQLO Field at Dodger Stadium|Scheduled|853326
2027-09-18||TBD|TBD|true|R|Athletics|Detroit Tigers|133|116|Comerica Park|Scheduled|853641
2027-09-18||TBD|TBD|true|R|Atlanta Braves|San Francisco Giants|144|137|Oracle Park|Scheduled|852585
2027-09-18||TBD|TBD|true|R|Baltimore Orioles|Milwaukee Brewers|110|158|American Family Field|Scheduled|853162
2027-09-18||TBD|TBD|true|R|Boston Red Sox|New York Yankees|111|147|Yankee Stadium|Scheduled|852902
2027-09-18||TBD|TBD|true|R|Chicago White Sox|Washington Nationals|145|120|Nationals Park|Scheduled|852111
2027-09-18||TBD|TBD|true|R|Cleveland Guardians|Pittsburgh Pirates|114|134|PNC Park|Scheduled|852744
2027-09-18||TBD|TBD|true|R|Colorado Rockies|Tampa Bay Rays|115|139|Tropicana Field|Scheduled|852344
2027-09-18||TBD|TBD|true|R|Los Angeles Angels|Kansas City Royals|108|118|Kauffman Stadium|Scheduled|853489
2027-09-18||TBD|TBD|true|R|Minnesota Twins|Miami Marlins|142|146|loanDepot park|Scheduled|853241
2027-09-18||TBD|TBD|true|R|New York Mets|Chicago Cubs|121|112|Wrigley Field|Scheduled|854055
2027-09-18||TBD|TBD|true|R|Philadelphia Phillies|Houston Astros|143|117|Daikin Park|Scheduled|853566
2027-09-18||TBD|TBD|true|R|St. Louis Cardinals|Cincinnati Reds|138|113|Great American Ball Park|Scheduled|853883
2027-09-18||TBD|TBD|true|R|Texas Rangers|San Diego Padres|140|135|Petco Park|Scheduled|852662
2027-09-18||TBD|TBD|true|R|Toronto Blue Jays|Seattle Mariners|141|136|T-Mobile Park|Scheduled|852505
2027-09-19||TBD|TBD|true|R|Arizona Diamondbacks|Los Angeles Dodgers|109|119|UNIQLO Field at Dodger Stadium|Scheduled|853325
2027-09-19||TBD|TBD|true|R|Athletics|Detroit Tigers|133|116|Comerica Park|Scheduled|853642
2027-09-19||TBD|TBD|true|R|Atlanta Braves|San Francisco Giants|144|137|Oracle Park|Scheduled|852578
2027-09-19||TBD|TBD|true|R|Baltimore Orioles|Milwaukee Brewers|110|158|American Family Field|Scheduled|853160
2027-09-19||TBD|TBD|true|R|Boston Red Sox|New York Yankees|111|147|Yankee Stadium|Scheduled|852911
2027-09-19||TBD|TBD|true|R|Chicago White Sox|Washington Nationals|145|120|Nationals Park|Scheduled|852104
2027-09-19||TBD|TBD|true|R|Cleveland Guardians|Pittsburgh Pirates|114|134|PNC Park|Scheduled|852749
2027-09-19||TBD|TBD|true|R|Colorado Rockies|Tampa Bay Rays|115|139|Tropicana Field|Scheduled|852346
2027-09-19||TBD|TBD|true|R|Los Angeles Angels|Kansas City Royals|108|118|Kauffman Stadium|Scheduled|853486
2027-09-19||TBD|TBD|true|R|Minnesota Twins|Miami Marlins|142|146|loanDepot park|Scheduled|853229
2027-09-19||TBD|TBD|true|R|New York Mets|Chicago Cubs|121|112|Wrigley Field|Scheduled|854048
2027-09-19||TBD|TBD|true|R|Philadelphia Phillies|Houston Astros|143|117|Daikin Park|Scheduled|853561
2027-09-19||TBD|TBD|true|R|St. Louis Cardinals|Cincinnati Reds|138|113|Great American Ball Park|Scheduled|853876
2027-09-19||TBD|TBD|true|R|Texas Rangers|San Diego Padres|140|135|Petco Park|Scheduled|852665
2027-09-19||TBD|TBD|true|R|Toronto Blue Jays|Seattle Mariners|141|136|T-Mobile Park|Scheduled|852502
2027-09-20||TBD|TBD|true|R|Detroit Tigers|Chicago White Sox|116|145|Rate Field|Scheduled|853981
2027-09-20||TBD|TBD|true|R|Milwaukee Brewers|St. Louis Cardinals|158|138|Busch Stadium|Scheduled|852432
2027-09-21||TBD|TBD|true|R|Chicago Cubs|Philadelphia Phillies|112|143|Citizens Bank Park|Scheduled|852835
2027-09-21||TBD|TBD|true|R|Cincinnati Reds|Baltimore Orioles|113|110|Oriole Park at Camden Yards|Scheduled|854211
2027-09-21||TBD|TBD|true|R|Detroit Tigers|Chicago White Sox|116|145|Rate Field|Scheduled|853959
2027-09-21||TBD|TBD|true|R|Houston Astros|Athletics|117|133|Sutter Health Park|Scheduled|854373
2027-09-21||TBD|TBD|true|R|Kansas City Royals|Cleveland Guardians|118|114|Progressive Field|Scheduled|853804
2027-09-21||TBD|TBD|true|R|Los Angeles Dodgers|Colorado Rockies|119|115|Coors Field|Scheduled|853725
2027-09-21||TBD|TBD|true|R|Miami Marlins|Texas Rangers|146|140|Globe Life Field|Scheduled|852258
2027-09-21||TBD|TBD|true|R|Milwaukee Brewers|St. Louis Cardinals|158|138|Busch Stadium|Scheduled|852433
2027-09-21||TBD|TBD|true|R|New York Yankees|Toronto Blue Jays|147|141|Rogers Centre|Scheduled|852181
2027-09-21||TBD|TBD|true|R|Pittsburgh Pirates|New York Mets|134|121|Citi Field|Scheduled|852992
2027-09-21||TBD|TBD|true|R|San Diego Padres|Arizona Diamondbacks|135|109|Chase Field|Scheduled|854460
2027-09-21||TBD|TBD|true|R|San Francisco Giants|Minnesota Twins|137|142|Target Field|Scheduled|853072
2027-09-21||TBD|TBD|true|R|Seattle Mariners|Los Angeles Angels|136|108|Angel Stadium|Scheduled|853400
2027-09-21||TBD|TBD|true|R|Tampa Bay Rays|Boston Red Sox|139|111|Fenway Park|Scheduled|854125
2027-09-21||TBD|TBD|true|R|Washington Nationals|Atlanta Braves|120|144|Truist Park|Scheduled|854290
2027-09-22||TBD|TBD|true|R|Chicago Cubs|Philadelphia Phillies|112|143|Citizens Bank Park|Scheduled|852838
2027-09-22||TBD|TBD|true|R|Cincinnati Reds|Baltimore Orioles|113|110|Oriole Park at Camden Yards|Scheduled|854213
2027-09-22||TBD|TBD|true|R|Detroit Tigers|Chicago White Sox|116|145|Rate Field|Scheduled|853957
2027-09-22||TBD|TBD|true|R|Houston Astros|Athletics|117|133|Sutter Health Park|Scheduled|854374
2027-09-22||TBD|TBD|true|R|Kansas City Royals|Cleveland Guardians|118|114|Progressive Field|Scheduled|853806
2027-09-22||TBD|TBD|true|R|Los Angeles Dodgers|Colorado Rockies|119|115|Coors Field|Scheduled|853727
2027-09-22||TBD|TBD|true|R|Miami Marlins|Texas Rangers|146|140|Globe Life Field|Scheduled|852270
2027-09-22||TBD|TBD|true|R|Milwaukee Brewers|St. Louis Cardinals|158|138|Busch Stadium|Scheduled|852437
2027-09-22||TBD|TBD|true|R|New York Yankees|Toronto Blue Jays|147|141|Rogers Centre|Scheduled|852185
2027-09-22||TBD|TBD|true|R|Pittsburgh Pirates|New York Mets|134|121|Citi Field|Scheduled|852997
2027-09-22||TBD|TBD|true|R|San Diego Padres|Arizona Diamondbacks|135|109|Chase Field|Scheduled|854459
2027-09-22||TBD|TBD|true|R|San Francisco Giants|Minnesota Twins|137|142|Target Field|Scheduled|853071
2027-09-22||TBD|TBD|true|R|Seattle Mariners|Los Angeles Angels|136|108|Angel Stadium|Scheduled|853397
2027-09-22||TBD|TBD|true|R|Tampa Bay Rays|Boston Red Sox|139|111|Fenway Park|Scheduled|854123
2027-09-22||TBD|TBD|true|R|Washington Nationals|Atlanta Braves|120|144|Truist Park|Scheduled|854292
2027-09-23||TBD|TBD|true|R|Chicago Cubs|Philadelphia Phillies|112|143|Citizens Bank Park|Scheduled|852843
2027-09-23||TBD|TBD|true|R|Cincinnati Reds|Baltimore Orioles|113|110|Oriole Park at Camden Yards|Scheduled|854212
2027-09-23||TBD|TBD|true|R|Houston Astros|Athletics|117|133|Sutter Health Park|Scheduled|854368
2027-09-23||TBD|TBD|true|R|Kansas City Royals|Cleveland Guardians|118|114|Progressive Field|Scheduled|853803
2027-09-23||TBD|TBD|true|R|Los Angeles Dodgers|Colorado Rockies|119|115|Coors Field|Scheduled|853720
2027-09-23||TBD|TBD|true|R|Miami Marlins|Texas Rangers|146|140|Globe Life Field|Scheduled|852267
2027-09-23||TBD|TBD|true|R|New York Yankees|Toronto Blue Jays|147|141|Rogers Centre|Scheduled|852190
2027-09-23||TBD|TBD|true|R|Pittsburgh Pirates|New York Mets|134|121|Citi Field|Scheduled|852985
2027-09-23||TBD|TBD|true|R|San Diego Padres|Arizona Diamondbacks|135|109|Chase Field|Scheduled|854458
2027-09-23||TBD|TBD|true|R|San Francisco Giants|Minnesota Twins|137|142|Target Field|Scheduled|853069
2027-09-23||TBD|TBD|true|R|Seattle Mariners|Los Angeles Angels|136|108|Angel Stadium|Scheduled|853406
2027-09-23||TBD|TBD|true|R|Tampa Bay Rays|Boston Red Sox|139|111|Fenway Park|Scheduled|854126
2027-09-23||TBD|TBD|true|R|Washington Nationals|Atlanta Braves|120|144|Truist Park|Scheduled|854287
2027-09-24||TBD|TBD|true|R|Chicago Cubs|New York Mets|112|121|Citi Field|Scheduled|852986
2027-09-24||TBD|TBD|true|R|Cincinnati Reds|Cleveland Guardians|113|114|Progressive Field|Scheduled|853807
2027-09-24||TBD|TBD|true|R|Detroit Tigers|Minnesota Twins|116|142|Target Field|Scheduled|853079
2027-09-24||TBD|TBD|true|R|Houston Astros|Los Angeles Angels|117|108|Angel Stadium|Scheduled|853408
2027-09-24||TBD|TBD|true|R|Kansas City Royals|Boston Red Sox|118|111|Fenway Park|Scheduled|854127
2027-09-24||TBD|TBD|true|R|Los Angeles Dodgers|Arizona Diamondbacks|119|109|Chase Field|Scheduled|854445
2027-09-24||TBD|TBD|true|R|Miami Marlins|Atlanta Braves|146|144|Truist Park|Scheduled|854288
2027-09-24||TBD|TBD|true|R|Milwaukee Brewers|Texas Rangers|158|140|Globe Life Field|Scheduled|852268
2027-09-24||TBD|TBD|true|R|New York Yankees|Baltimore Orioles|147|110|Oriole Park at Camden Yards|Scheduled|854214
2027-09-24||TBD|TBD|true|R|Pittsburgh Pirates|St. Louis Cardinals|134|138|Busch Stadium|Scheduled|852420
2027-09-24||TBD|TBD|true|R|San Diego Padres|Chicago White Sox|135|145|Rate Field|Scheduled|853956
2027-09-24||TBD|TBD|true|R|San Francisco Giants|Colorado Rockies|137|115|Coors Field|Scheduled|853721
2027-09-24||TBD|TBD|true|R|Seattle Mariners|Athletics|136|133|Sutter Health Park|Scheduled|854366
2027-09-24||TBD|TBD|true|R|Tampa Bay Rays|Toronto Blue Jays|139|141|Rogers Centre|Scheduled|852182
2027-09-24||TBD|TBD|true|R|Washington Nationals|Philadelphia Phillies|120|143|Citizens Bank Park|Scheduled|852834
2027-09-25||TBD|TBD|true|R|Chicago Cubs|New York Mets|112|121|Citi Field|Scheduled|852993
2027-09-25||TBD|TBD|true|R|Cincinnati Reds|Cleveland Guardians|113|114|Progressive Field|Scheduled|853805
2027-09-25||TBD|TBD|true|R|Detroit Tigers|Minnesota Twins|116|142|Target Field|Scheduled|853078
2027-09-25||TBD|TBD|true|R|Houston Astros|Los Angeles Angels|117|108|Angel Stadium|Scheduled|853402
2027-09-25||TBD|TBD|true|R|Kansas City Royals|Boston Red Sox|118|111|Fenway Park|Scheduled|854124
2027-09-25||TBD|TBD|true|R|Los Angeles Dodgers|Arizona Diamondbacks|119|109|Chase Field|Scheduled|854443
2027-09-25||TBD|TBD|true|R|Miami Marlins|Atlanta Braves|146|144|Truist Park|Scheduled|854293
2027-09-25||TBD|TBD|true|R|Milwaukee Brewers|Texas Rangers|158|140|Globe Life Field|Scheduled|852259
2027-09-25||TBD|TBD|true|R|New York Yankees|Baltimore Orioles|147|110|Oriole Park at Camden Yards|Scheduled|854208
2027-09-25||TBD|TBD|true|R|Pittsburgh Pirates|St. Louis Cardinals|134|138|Busch Stadium|Scheduled|852413
2027-09-25||TBD|TBD|true|R|San Diego Padres|Chicago White Sox|135|145|Rate Field|Scheduled|853961
2027-09-25||TBD|TBD|true|R|San Francisco Giants|Colorado Rockies|137|115|Coors Field|Scheduled|853722
2027-09-25||TBD|TBD|true|R|Seattle Mariners|Athletics|136|133|Sutter Health Park|Scheduled|854367
2027-09-25||TBD|TBD|true|R|Tampa Bay Rays|Toronto Blue Jays|139|141|Rogers Centre|Scheduled|852183
2027-09-25||TBD|TBD|true|R|Washington Nationals|Philadelphia Phillies|120|143|Citizens Bank Park|Scheduled|852841
2027-09-26||TBD|TBD|true|R|Chicago Cubs|New York Mets|112|121|Citi Field|Scheduled|852990
2027-09-26||TBD|TBD|true|R|Cincinnati Reds|Cleveland Guardians|113|114|Progressive Field|Scheduled|853802
2027-09-26||TBD|TBD|true|R|Detroit Tigers|Minnesota Twins|116|142|Target Field|Scheduled|853080
2027-09-26||TBD|TBD|true|R|Houston Astros|Los Angeles Angels|117|108|Angel Stadium|Scheduled|853407
2027-09-26||TBD|TBD|true|R|Kansas City Royals|Boston Red Sox|118|111|Fenway Park|Scheduled|854130
2027-09-26||TBD|TBD|true|R|Los Angeles Dodgers|Arizona Diamondbacks|119|109|Chase Field|Scheduled|854446
2027-09-26||TBD|TBD|true|R|Miami Marlins|Atlanta Braves|146|144|Truist Park|Scheduled|854291
2027-09-26||TBD|TBD|true|R|Milwaukee Brewers|Texas Rangers|158|140|Globe Life Field|Scheduled|852264
2027-09-26||TBD|TBD|true|R|New York Yankees|Baltimore Orioles|147|110|Oriole Park at Camden Yards|Scheduled|854218
2027-09-26||TBD|TBD|true|R|Pittsburgh Pirates|St. Louis Cardinals|134|138|Busch Stadium|Scheduled|852419
2027-09-26||TBD|TBD|true|R|San Diego Padres|Chicago White Sox|135|145|Rate Field|Scheduled|853958
2027-09-26||TBD|TBD|true|R|San Francisco Giants|Colorado Rockies|137|115|Coors Field|Scheduled|853723
2027-09-26||TBD|TBD|true|R|Seattle Mariners|Athletics|136|133|Sutter Health Park|Scheduled|854369
2027-09-26||TBD|TBD|true|R|Tampa Bay Rays|Toronto Blue Jays|139|141|Rogers Centre|Scheduled|852186
2027-09-26||TBD|TBD|true|R|Washington Nationals|Philadelphia Phillies|120|143|Citizens Bank Park|Scheduled|852829
